# Generated by tools/build-chain-facts.js from CMaNGOS classic-db (GPL-3.0, github.com/cmangos/classic-db) quest_template and item_template. Only facts are kept. Do not edit by hand.
# The route builder (tools/build-route.js) reads this file, never the SQL dump. Tools only: it is not part of the addon.
# Q <TAB> id <TAB> xp (RewMoneyMaxLevel / 0.6, rounded up; 0: gives none) <TAB> ExclusiveGroup <TAB> BreadcrumbForQuestId <TAB> NextQuestInChain <TAB> reward item ids (commas) <TAB> choice item ids (commas)
# I <TAB> id <TAB> quality (0 grey, 1 white, 2 green, 3 blue, 4 purple) <TAB> InventoryType <TAB> class <TAB> subclass <TAB> AllowableClass (-1: anyone) <TAB> RequiredLevel <TAB> name
Q	2	2450	-2	0	0		
Q	5	390	0	0	93		
Q	6	340	0	0	0		6076,60,3070
Q	7	170	0	0	0		
Q	8	110	0	0	0		4604,159
Q	9	1050	0	0	0		3578,1561
Q	10	4400	0	0	110		
Q	11	850	0	0	0		2249,2238
Q	12	900	0	0	13		
Q	13	975	0	0	14		
Q	14	1600	0	0	0		1566,1480,12296
Q	15	250	0	0	21		
Q	16	0	0	0	0	4536	
Q	17	3450	0	0	0	9030	
Q	18	360	0	0	0		2224,5580,1161,5579,1159
Q	19	2550	0	0	0		1276,6093
Q	20	1650	0	0	19		
Q	21	450	0	0	0		2186,2691,11192
Q	22	900	0	0	0	724,2697	
Q	23	1950	-2	0	0		
Q	24	2200	-2	0	0		
Q	25	2000	0	0	0		
Q	26	120	0	0	28		
Q	27	120	0	0	29		
Q	28	875	0	0	30		
Q	29	875	0	0	272		
Q	30	875	0	0	31		
Q	31	1150	0	0	0	16608	
Q	32	5450	0	0	0		
Q	33	170	0	0	0		80,6070
Q	34	1950	0	0	0	2562	
Q	35	420	0	0	37		
Q	36	420	0	0	38		
Q	37	210	0	0	45		
Q	38	900	0	0	0	733,728,1479,2225	
Q	39	1050	0	0	59		
Q	40	85	0	0	35		
Q	45	420	0	0	71		
Q	46	850	0	0	0		4840,1158,1008
Q	47	625	0	0	0	1191	
Q	48	3750	0	0	49		
Q	49	4650	0	0	50		
Q	50	4650	0	0	51		
Q	51	4650	0	0	53		
Q	52	625	0	0	0	858	
Q	53	5600	0	0	0	744	
Q	54	230	0	0	0	6078	
Q	55	3850	0	0	0	7344	2954,2953,1282
Q	56	1450	0	0	57		
Q	57	2100	0	0	58		
Q	58	2450	0	0	0		3604,3605,1729
Q	59	210	0	0	0		1171,2237
Q	60	480	0	0	61	1434	
Q	61	800	0	0	0		1178,1177,2454
Q	62	480	0	0	76		
Q	63	1400	0	0	100		
Q	64	900	0	0	0	4541,1179	
Q	65	1350	0	0	132		
Q	66	230	0	0	67		
Q	67	1150	0	0	68		
Q	68	1700	0	0	69		
Q	69	575	0	0	70		
Q	70	1700	0	0	72		
Q	71	210	0	0	39		
Q	72	230	0	0	74		
Q	74	1150	0	0	75		
Q	75	1150	0	0	78		
Q	76	850	0	0	0		
Q	77	4400	0	0	0		
Q	78	575	0	0	79		
Q	79	230	0	0	80	939	
Q	80	230	0	0	97		
Q	81	4400	0	0	0		
Q	82	3150	0	0	0		
Q	83	775	0	0	0	2575,983	
Q	84	140	0	0	87		
Q	85	140	0	0	86		
Q	86	410	0	0	84		
Q	87	875	0	0	0	1359	
Q	88	775	0	0	0		1173,1182,11191
Q	89	1550	0	0	0		1310,1303,1304
Q	90	2000	0	0	0	1017,2701	
Q	91	1850	0	0	0		
Q	92	1350	0	0	0	1082,2699	
Q	93	775	0	0	240	3683	
Q	94	1250	0	0	248		
Q	95	1000	0	0	230		
Q	96	2750	96	0	0	5177	
Q	97	230	0	0	98		
Q	98	4100	0	0	0		2044,2043
Q	99	1350	0	0	0		3586,3570,5242
Q	100	1250	0	0	96		
Q	101	2550	0	0	0	1131	
Q	102	975	0	0	0		1154,710
Q	103	1150	0	0	0	955,1180	2455,118
Q	104	1550	0	0	0		1172,1557,5240
Q	105	8300	0	0	0	17759	
Q	106	140	0	0	111		
Q	107	140	0	0	112		
Q	109	625	0	0	0		
Q	110	440	0	0	113		
Q	111	140	0	0	107		
Q	112	320	0	0	0		
Q	113	440	0	0	0		
Q	114	800	0	0	0	118	
Q	115	2300	0	0	0		
Q	116	1050	0	0	0	1270,10456	
Q	117	0	0	0	0	1262	
Q	118	340	0	0	119		
Q	119	675	0	0	0		
Q	120	490	0	0	121		
Q	121	250	0	0	0		
Q	122	1700	0	0	0		6092,1302
Q	123	210	0	0	147		
Q	124	1150	0	0	126		
Q	125	875	0	0	0	2313	
Q	126	2000	0	0	0		1319,2910
Q	127	1250	0	0	0	3663,3680,1322	
Q	128	2000	0	0	0		
Q	129	550	0	0	130		
Q	130	270	0	0	131		
Q	131	270	0	0	0	1326	
Q	132	675	0	0	135		
Q	133	1650	0	0	134		
Q	134	1200	0	0	160		
Q	135	675	0	0	141		
Q	136	575	0	0	138		
Q	138	575	0	0	139		
Q	139	575	0	0	140		
Q	140	1150	0	0	0	2842,3342,3344,3343	
Q	141	340	0	0	142		
Q	142	1350	0	0	0		
Q	143	490	0	0	144		
Q	144	250	0	0	0		
Q	145	1000	0	0	146		
Q	146	340	0	0	0		
Q	147	850	0	0	0		1360,1183
Q	148	490	0	0	149		
Q	149	490	0	0	154		
Q	150	1550	0	0	0	3567	
Q	151	1250	0	0	0	2165,1537	
Q	152	1450	0	0	0		
Q	153	1050	0	0	0		3511,5944,12295
Q	154	200	0	0	157		
Q	155	1650	0	0	166		
Q	156	975	0	0	159		
Q	157	1450	0	0	158		
Q	158	490	0	0	156		
Q	159	975	0	0	133		
Q	160	600	0	0	251		
Q	161	1350	0	0	274		
Q	162	5700	0	0	0		
Q	163	390	0	5	0		
Q	164	925	0	95	0		
Q	165	1000	0	148	0		
Q	166	2600	0	0	0		6087,2041,2042
Q	167	1550	0	0	0	1893	
Q	168	1350	0	0	0		2037,2036
Q	169	2650	0	0	0		
Q	170	170	0	0	0		6185,2172,6173
Q	171	1650	0	0	0		23007,23015,23002,23022
Q	172	0	0	0	0		
Q	173	1150	0	0	221		
Q	174	2000	0	0	175		
Q	175	1000	0	0	177		
Q	176	875	0	0	0		6085,6084,6215
Q	177	1500	0	0	181		
Q	178	1400	0	0	0	1970	
Q	179	80	0	0	0		719,6171,2547
Q	180	2650	0	0	0		
Q	181	2450	0	0	0		7106,7107
Q	182	360	0	0	218	961	2047,2048,2195,5761
Q	183	250	0	0	0		79,61
Q	184	600	0	0	0	5057,4656	
Q	185	1250	0	0	186		
Q	186	1300	0	0	187		
Q	187	2050	0	0	188		
Q	188	2850	-193	0	0	4107	
Q	189	2050	0	0	0	4598	
Q	190	1250	0	0	191		
Q	191	1300	0	0	192		
Q	192	2150	0	0	193		
Q	193	3150	-193	0	0	4108	
Q	194	1350	0	0	195		
Q	195	1400	0	0	196		
Q	196	2450	0	0	197		
Q	197	3600	-193	0	0	4119	
Q	198	650	0	0	0		
Q	199	1350	0	0	161		
Q	200	1350	0	0	328		
Q	201	260	0	0	0		
Q	202	3150	-202	0	0	4127	
Q	203	1950	-203	0	0		
Q	204	2700	-203	0	0		4140,4126
Q	205	3150	-202	0	0		
Q	206	5050	0	0	0	4125	
Q	207	3550	0	0	205		
Q	208	5350	0	0	0		17686,17687
Q	209	3450	0	0	0		
Q	210	1400	0	0	627		
Q	211	8300	0	0	0	17759	
Q	212	4700	0	0	0		
Q	213	2800	0	0	0	4121	
Q	214	1250	0	0	0		2074,2089,6094
Q	215	1300	0	0	200		
Q	216	1950	0	0	0		
Q	217	1600	0	0	0		1436,6187,1832
Q	218	550	0	0	282		6176,5581
Q	219	2550	0	0	0		3555,1275,3431
Q	220	460	0	0	0	6637	
Q	221	1750	0	0	222		
Q	222	1900	0	0	223		
Q	223	3150	0	0	0	5244	2902,1547
Q	224	900	0	0	0	414	
Q	225	700	0	0	227		
Q	226	1250	0	0	0	1127	
Q	227	280	0	0	228	2154	
Q	228	2050	0	0	229		
Q	229	280	0	0	231		
Q	230	1000	0	0	262		
Q	231	1350	0	0	0	2000	
Q	232	390	0	0	238		
Q	233	190	0	0	234		
Q	234	270	0	0	0		
Q	235	160	235	6383	0		
Q	237	1050	0	0	0	858	
Q	238	390	0	0	243		
Q	239	210	0	11	11		
Q	240	775	0	0	0		
Q	243	2000	0	0	379		
Q	244	290	0	0	246		
Q	245	1250	0	0	0	3559	
Q	246	950	0	0	0		
Q	247	3050	0	0	0	16658	
Q	248	1300	0	0	0		
Q	249	2750	0	0	0	5274	
Q	250	675	0	0	199		
Q	251	250	0	0	0		
Q	252	250	0	0	0	3248	
Q	253	3650	0	0	0	3560,6223	
Q	254	0	0	0	0		
Q	255	1800	0	0	0		
Q	256	1750	0	0	0	1449	6189,6191
Q	257	875	0	0	258		2903,2904
Q	258	950	0	0	0	859,3572	
Q	261	3000	0	0	1052		
Q	262	500	0	0	265		
Q	263	1050	0	0	0	2863	
Q	264	550	0	0	0		
Q	265	200	0	0	266		
Q	266	200	0	0	453		
Q	267	900	0	0	0		
Q	268	500	0	0	323		
Q	269	600	0	0	270		
Q	270	1200	0	0	321		
Q	271	775	0	0	531		
Q	272	875	0	0	5061		
Q	273	270	0	0	454		
Q	274	340	0	0	278		
Q	275	2650	0	0	0		3558,1273,2263
Q	276	1250	0	0	277		
Q	277	1850	0	0	275	4606	
Q	278	1350	0	0	280		
Q	279	1750	0	0	281		
Q	280	675	0	0	283		
Q	281	500	0	0	284	929	
Q	282	340	0	0	420		
Q	283	1950	0	0	0		2907,2908
Q	284	500	0	0	285	422	
Q	285	1000	0	0	286		
Q	286	1500	0	0	0		2950,2949
Q	287	600	0	0	291		3216,2900
Q	288	220	0	0	289		
Q	289	1750	0	0	290		
Q	290	1200	0	0	292		
Q	291	420	0	0	0		
Q	292	1200	0	0	293		
Q	293	2450	0	0	0	2943	
Q	294	1950	0	0	295		
Q	295	2200	0	0	296		
Q	296	2950	0	0	0	3682	3493,3566,5246
Q	297	1350	0	0	0		5241,6186,3154
Q	298	270	0	0	301		
Q	299	2300	0	0	0	2913	
Q	301	550	0	0	302		
Q	302	270	0	0	273		
Q	303	2450	0	0	0		
Q	304	3350	0	0	0		2916,2917
Q	305	975	0	0	306		
Q	306	490	0	0	0		
Q	307	1350	0	0	0		3166,3161,3160
Q	308	0	0	0	0		
Q	309	1050	0	0	0		3217,6188
Q	310	140	0	0	311		
Q	311	625	0	0	0		
Q	312	900	0	0	0		6177,10550
Q	313	625	0	0	0		
Q	314	900	0	0	0		10549,2817,3103
Q	315	775	0	0	413		2905,2326
Q	317	675	0	0	318		
Q	318	160	0	0	319		
Q	319	525	0	0	320		
Q	320	875	0	0	0		1011,1010,10547
Q	321	600	0	0	324	2702	
Q	322	1200	0	0	325		
Q	323	2300	0	0	269		
Q	324	1750	0	0	322		
Q	325	600	0	0	55		
Q	328	1400	0	0	329	4122	
Q	329	1400	0	0	330		
Q	330	290	0	0	331		
Q	331	2850	0	0	0		4139,4123
Q	332	130	0	0	0	2723	
Q	333	85	0	0	0		
Q	334	130	0	0	0		
Q	335	2450	0	0	336		
Q	336	2450	0	0	0		
Q	337	1500	0	0	538		
Q	338	4700	0	0	0	17688,8173,3928	
Q	339	775	0	0	0	2756	
Q	340	775	0	0	0	2757	
Q	341	775	0	0	0	2758	
Q	342	775	0	0	0	2759	
Q	343	200	0	0	344		
Q	344	490	0	0	345		
Q	345	490	0	0	347		
Q	346	1950	0	0	0	6095	
Q	347	975	0	0	346		
Q	348	5850	0	0	0	4113	
Q	349	0	0	0	0		
Q	350	250	0	0	2745		
Q	351	4400	0	0	648		
Q	353	1050	0	0	0		
Q	354	875	0	0	0		
Q	355	85	0	0	408		
Q	356	650	0	0	0		
Q	357	525	0	0	366		
Q	358	700	0	0	0		6063,3439
Q	359	200	0	0	360		
Q	360	390	0	0	0		
Q	361	480	0	0	0		
Q	362	420	0	0	0		
Q	363	40	0	364	364		
Q	364	170	0	0	0		3275,11847
Q	365	625	0	0	407		
Q	366	350	0	0	409		
Q	367	550	0	0	368	3382	
Q	368	775	0	0	369	3434	
Q	369	220	0	0	492	3442	
Q	370	775	0	0	371		
Q	371	850	0	0	372		
Q	372	900	0	0	0		3445,3071
Q	373	875	0	0	389		
Q	374	625	0	0	0		3435,3437,12299
Q	375	700	0	0	0		3833,5939
Q	376	170	0	0	0		6060,2173
Q	377	2100	0	0	0		2033,2906
Q	378	2750	0	0	0		3562,1264
Q	379	3050	0	0	0	8524	
Q	380	360	0	0	381		3270,3273,3272
Q	381	360	0	0	382	159	3268,3269,3267,5779
Q	382	675	0	0	383		3277,3276
Q	383	340	0	0	0		
Q	384	625	0	0	0	2888,2889	
Q	385	1050	0	0	0	3678,2240	
Q	386	2000	0	0	0		3400,1317
Q	387	2650	0	0	0		
Q	388	2650	0	0	0		
Q	389	440	0	0	391		
Q	391	2650	0	0	392		
Q	392	600	0	0	393		
Q	393	600	0	0	350		
Q	394	250	0	0	395		
Q	395	325	0	0	396		
Q	396	3750	0	0	0	2933	
Q	397	250	0	0	0	3556	
Q	398	850	0	0	0		5941,3444
Q	399	1050	0	0	0		
Q	400	100	0	0	0		
Q	401	1850	0	0	252		
Q	403	0	0	0	0		
Q	404	410	0	0	0		
Q	405	180	0	0	357		
Q	407	160	0	0	0		
Q	408	900	0	0	0		3446,3440
Q	409	675	0	0	411		
Q	410	0	0	0	0		
Q	411	900	0	0	0	5940	
Q	412	850	0	0	0		3152,3153
Q	413	420	0	0	414		
Q	414	625	0	0	0		
Q	415	85	0	413	413	3087	
Q	416	875	0	0	0		3158,860
Q	417	650	0	0	0		2218,1009
Q	418	875	0	0	0	3220,3679	
Q	419	420	0	0	417	3151	
Q	420	340	0	0	0		
Q	421	850	0	0	422		
Q	422	875	0	0	423		
Q	423	975	0	0	424		
Q	424	1050	0	0	99		
Q	425	675	0	0	0		3453,3583
Q	426	875	0	0	0		3447,3834
Q	427	700	0	0	370		
Q	428	0	0	429	429		
Q	429	440	0	0	430	4597,4596	
Q	430	650	0	0	0		
Q	431	0	0	0	0	3080	
Q	432	600	0	0	0		
Q	433	650	0	0	0		
Q	434	1900	0	0	394		
Q	435	875	0	0	449	3455	
Q	436	340	0	297	297		
Q	437	975	0	0	438	3454	
Q	438	875	0	0	439		
Q	439	290	0	0	443		
Q	440	575	0	0	441		
Q	441	575	0	0	530		
Q	442	1950	0	0	0		3461,3462
Q	443	1250	0	0	444		
Q	444	320	0	0	0		
Q	445	625	0	0	0		
Q	446	290	0	0	448	3251	
Q	447	900	0	0	450	3448	
Q	448	575	0	0	442	2313	3240,2863
Q	449	440	0	0	3221		
Q	450	1350	0	0	451		
Q	451	2050	0	0	0	2458,2459	3451,3582
Q	452	1350	0	0	0		3450,2818,3449
Q	453	1000	0	0	268		
Q	454	110	0	0	0		
Q	455	1250	0	0	0		
Q	456	170	0	0	0		5394,11187
Q	457	250	0	0	0		5405,6058
Q	458	40	0	0	459		
Q	459	250	0	0	0	961	5398,5399,11190
Q	460	625	0	0	461		
Q	461	675	0	0	491		
Q	463	825	0	276	276		
Q	464	2300	0	0	465		
Q	465	1900	0	0	474		
Q	466	1750	0	0	0	3565	
Q	467	460	0	466	466		
Q	468	170	0	455	455		
Q	469	825	0	0	0		
Q	470	2400	0	0	0	3352	
Q	471	2100	0	0	0	3681	2545,3561
Q	472	1000	0	0	0		
Q	473	230	0	0	464		
Q	474	2550	0	0	0		3209,6194
Q	475	270	0	0	476		
Q	476	550	0	0	483		
Q	477	975	0	0	478		
Q	478	750	0	0	481		
Q	479	1150	0	0	480		
Q	480	1750	0	0	0		3452,3585
Q	481	100	0	0	482		
Q	482	100	0	0	479		
Q	483	775	0	0	486		9599,9603
Q	484	1750	0	0	471		
Q	485	4400	0	0	836		
Q	486	1150	0	0	0		5459,5587
Q	487	700	0	0	0		
Q	488	450	0	0	0	5457	
Q	489	625	0	0	0		
Q	491	1700	0	0	0		3457,3458,3581
Q	492	875	0	0	0		
Q	493	1150	0	0	0		
Q	494	625	0	0	0		
Q	495	300	0	518	518		
Q	496	180	0	0	499		
Q	498	2200	0	0	533	3734	3752,3733
Q	499	1750	0	0	0		
Q	500	3500	0	0	504		
Q	501	1950	0	0	502	3735	2230,3741,6482
Q	502	1450	0	0	0		
Q	503	2800	0	0	506		
Q	504	4700	0	0	0		5249,3763
Q	505	1950	0	0	0		3758,3759
Q	506	2100	0	0	507		
Q	507	4300	0	0	508		
Q	508	3900	0	0	0		3764,3765
Q	509	2300	0	0	513	2459,929	
Q	510	1350	0	0	512		
Q	511	1350	0	0	514		
Q	512	2800	0	0	0		
Q	513	1150	0	0	515		
Q	514	1350	0	0	525		
Q	515	3050	0	0	517		3749,3747
Q	516	1250	0	0	0	5252	
Q	517	1200	0	0	524		
Q	518	2250	0	0	519		
Q	519	3300	0	0	520		
Q	520	4450	0	0	521		
Q	521	3600	0	0	0	4430	
Q	522	700	0	0	523		
Q	523	3900	0	0	0		
Q	524	3600	0	0	0		
Q	525	1350	0	0	537		
Q	526	1750	0	0	322		
Q	527	1950	0	0	528		
Q	528	2000	0	0	529		
Q	529	2100	0	0	532		
Q	530	1550	0	0	0	3235	
Q	531	1550	0	0	0		3574,3573
Q	532	2100	0	0	539		
Q	533	2700	0	0	503		
Q	535	270	0	0	0	3601	
Q	536	1850	0	0	559		
Q	537	3150	0	0	0		
Q	538	700	0	0	540		
Q	539	2300	0	0	541		
Q	540	3550	0	0	542		
Q	541	2450	0	0	550		
Q	542	3550	0	0	0		
Q	543	4700	0	0	0		
Q	544	3350	0	0	545		
Q	545	2050	0	0	0		
Q	546	2550	0	0	0	3739	
Q	547	3050	0	0	0		3750,3751
Q	549	1750	0	0	0		
Q	550	2550	0	0	0	3760	6282,3761,3822
Q	551	775	0	0	554		
Q	552	2650	0	0	553		
Q	553	3300	0	0	0		
Q	554	1550	0	0	0		
Q	555	2500	0	0	0	3737,3729	
Q	556	2550	0	0	0		
Q	557	2700	0	0	0		
Q	558	650	-4822	0	0		
Q	559	2250	0	0	560		
Q	560	260	0	0	561		
Q	561	260	0	0	562		
Q	562	1950	0	0	563	3755	
Q	563	3200	0	0	0		
Q	564	2700	0	0	0	3736,3728	3753,3754
Q	565	2700	0	0	0	2805	
Q	566	3500	0	0	0	2231	
Q	567	2300	0	0	0	3732	3742,3743,5250
Q	568	2800	0	0	569		
Q	569	2850	0	0	0	4115	
Q	570	2150	0	0	572		
Q	571	2450	0	0	573		
Q	572	2450	0	0	571		
Q	573	4650	0	0	0	4112	
Q	574	2850	0	0	202		
Q	575	1250	0	0	0		
Q	576	2550	0	0	0	4114	
Q	577	1400	0	0	628		
Q	578	2850	0	0	601		
Q	579	0	0	0	0		2154,3899
Q	580	4700	0	0	0	17048	
Q	581	2000	0	0	582		
Q	582	2100	0	0	0		4133,4132
Q	583	250	0	0	0		
Q	584	3300	0	0	0		
Q	585	2350	-585	0	0		
Q	586	4050	-585	0	0		
Q	587	1650	0	0	0		
Q	588	390	0	0	589		
Q	589	3900	0	0	591		
Q	590	110	0	0	0		
Q	591	5050	0	0	0		
Q	592	5050	0	0	0		4134,6723
Q	593	0	0	0	0	3913	
Q	594	2900	0	0	630		
Q	595	2450	0	0	597		
Q	596	2100	0	0	0	4135	
Q	597	2450	0	0	599		
Q	598	3450	0	0	0		4137,4136
Q	599	825	0	0	604		
Q	600	3300	0	0	0		5253,4128
Q	601	2850	0	0	602		
Q	602	1400	0	0	0		
Q	603	1400	0	0	610		
Q	604	3600	0	0	608		
Q	605	2750	0	0	600		
Q	606	825	0	0	607		
Q	607	2450	0	0	609		
Q	608	4850	0	0	0	4138	
Q	609	3750	0	0	613		
Q	610	2250	0	0	611		
Q	611	3150	0	0	0	4120	
Q	613	4650	0	0	0	4129	
Q	614	4800	0	0	0	11469	
Q	615	475	0	0	8554		
Q	616	290	0	0	578		
Q	617	3600	0	0	0	4117	
Q	618	7100	0	0	0	4130	
Q	619	0	0	0	0		
Q	621	3750	-621	0	0	4131	
Q	622	2850	0	0	0	4124	
Q	623	2700	0	0	0		
Q	624	3600	0	0	625		
Q	625	3600	0	0	626		
Q	626	6100	0	0	0	11324	
Q	627	2100	0	0	622		
Q	628	2850	0	0	0	4109	
Q	629	2850	0	0	0		
Q	630	7350	0	0	0	4118	
Q	631	2500	0	0	632		
Q	632	2500	0	0	633		
Q	633	2500	0	0	634		4504,4505
Q	634	1250	0	0	0		
Q	635	280	0	0	0		
Q	636	280	0	0	0		
Q	637	2450	0	0	0		
Q	638	700	0	639	639		
Q	639	2850	0	0	640		
Q	640	3150	0	0	0		
Q	641	320	0	0	643		
Q	642	2850	0	0	651		
Q	643	3300	0	0	644		
Q	644	3450	0	0	645		
Q	645	850	0	0	646		
Q	646	4300	0	0	0		4508,4507
Q	647	3050	0	0	0		
Q	648	5450	-648	0	0		9643,9644
Q	649	440	0	0	650		
Q	650	4400	0	0	77		
Q	651	2850	0	0	652		
Q	652	3450	0	0	0		
Q	653	2350	0	0	687		
Q	654	4050	0	0	864		
Q	655	270	0	0	672		
Q	656	7100	0	0	0	4743	
Q	657	0	0	0	0		
Q	658	2800	0	0	657		
Q	659	1300	0	0	658		
Q	660	2850	0	0	661		
Q	661	3350	0	0	0		15455,15456
Q	662	3150	0	0	0	4511	
Q	663	700	0	0	0		
Q	664	3150	0	0	0	4509	
Q	665	3150	0	0	666		
Q	666	3900	0	0	668		4547,4548
Q	667	4650	0	0	0		4550,4549
Q	668	1550	0	0	669		
Q	669	3150	0	0	670		
Q	670	3150	0	0	0		
Q	671	2650	0	0	0		
Q	672	2700	0	0	674		
Q	673	3150	0	0	0		4543,4545
Q	674	270	0	0	675		
Q	675	270	0	0	701		
Q	676	2550	0	0	677		
Q	677	2550	0	0	678		
Q	678	2850	0	0	679		
Q	679	3150	0	0	0		9520,9521
Q	680	3900	0	0	0		4976,4977
Q	681	2500	0	0	0		
Q	682	3550	0	0	0	4741	
Q	683	1200	0	0	0		
Q	684	3750	0	0	0	4744	
Q	685	3900	0	0	0		5247,4745
Q	686	1200	0	0	689		
Q	687	1550	0	0	692		
Q	688	2350	0	0	687		
Q	689	2500	0	0	0		
Q	690	1950	0	691	0		
Q	691	3500	0	0	0		
Q	692	3300	0	0	0		
Q	693	3000	0	0	0		
Q	694	3000	0	0	695		
Q	695	300	0	0	696		
Q	696	3000	0	0	697		
Q	697	3750	0	0	0		4975,15104
Q	698	3150	0	0	699		
Q	699	3450	0	0	1422		
Q	700	2500	0	0	0	4535	
Q	701	2850	0	0	702		
Q	702	290	0	0	0		
Q	703	2350	0	0	0	4457,4609	
Q	704	2850	0	0	0	4980	
Q	705	3550	0	0	0	4852	4086,5248
Q	706	3900	0	0	0	5421	
Q	707	700	0	0	738		
Q	708	2350	0	0	0		
Q	709	3150	0	0	0	4746	
Q	710	2850	0	0	711		
Q	711	3000	0	0	712		
Q	712	3450	-734	0	0		
Q	713	2850	0	0	714		
Q	714	2850	-734	0	0		
Q	715	2100	0	0	0	4624,4623	
Q	716	2550	0	0	0	4979	
Q	717	5900	0	0	0		11193,11194,11195,11196
Q	718	2150	0	0	733		
Q	719	2750	0	0	0	4978	
Q	720	1350	0	0	721		
Q	721	2750	0	0	722		
Q	722	3150	0	0	723		
Q	723	2350	0	0	724		
Q	724	3150	0	0	0		
Q	725	1550	0	0	726		
Q	726	2350	0	0	762		
Q	727	775	0	0	735		
Q	728	775	0	0	736		
Q	729	1150	0	0	0		
Q	730	490	0	729	729		
Q	731	1950	0	0	741		
Q	732	3600	0	0	717		
Q	733	3150	0	0	0		4652,4653
Q	734	0	0	0	777		
Q	735	5600	0	0	737		
Q	736	5600	0	0	737		
Q	737	2350	0	0	0	4984	
Q	738	1450	0	0	739	4982,1529,2776	
Q	739	3450	0	0	704	4983	
Q	741	1150	0	0	942		5629,5630,11936
Q	742	160	235	6383	0		
Q	743	700	0	0	0		
Q	744	875	0	0	0		4968,4967
Q	745	550	0	0	0	4960	
Q	746	700	0	0	0		4969,4970
Q	747	170	0	0	0		4954,4910
Q	748	450	0	0	0		
Q	749	525	0	0	751		
Q	750	250	0	0	780		4908,4913
Q	751	525	0	0	0		
Q	752	85	0	0	753		
Q	753	250	0	0	755		
Q	754	550	0	0	0		
Q	755	250	0	0	757		
Q	756	625	0	0	0		
Q	757	450	0	0	763		1382,1383,2137,5776,5777
Q	758	700	0	0	0	4963	
Q	759	850	0	0	0		
Q	760	1050	0	0	0		3443,4961
Q	761	675	0	0	0		
Q	762	4650	0	0	1139	4987	
Q	763	340	0	0	0		
Q	764	625	0	0	0		
Q	765	900	0	0	0		4974,4964
Q	766	700	0	0	0		4972,4973
Q	767	55	0	0	771		
Q	768	875	0	0	0		5936,4962
Q	769	420	0	0	0	5083	
Q	770	900	0	0	0		4971,3079
Q	771	625	0	0	0		
Q	772	480	0	0	773		4906,4958
Q	773	850	0	0	775		
Q	775	420	0	0	776		
Q	776	1250	0	0	0	4909	
Q	777	0	0	0	778		
Q	778	4850	0	0	0	2820	
Q	779	0	0	0	0		
Q	780	450	0	0	0	6059,4540	
Q	781	360	0	0	0	4911	
Q	782	3600	0	0	793		
Q	783	40	0	0	7		
Q	784	625	0	0	825		
Q	786	700	0	0	0		4933,6062
Q	787	40	0	788	788		
Q	788	170	0	0	0		4915,4914
Q	789	250	0	0	0		4919,4920
Q	790	450	0	0	804		
Q	791	625	0	0	0	11845	
Q	792	450	0	0	794		4924,4925,4923,5778
Q	793	5900	0	0	0		11193,11194,11195,11196
Q	794	675	0	0	805	118	4921,4922,6713
Q	795	0	0	0	0		
Q	804	110	0	0	0		4916,4917
Q	805	230	0	0	0		
Q	806	900	0	0	0	4942	
Q	808	775	0	0	0	4945	
Q	809	460	0	0	924		
Q	812	975	0	0	0		4937,4929
Q	813	0	0	0	0	4904	
Q	815	700	0	0	0	4540,117	
Q	816	875	0	0	0	4944	
Q	817	700	0	0	0		
Q	818	625	0	0	0	4941	
Q	819	1050	0	0	821		
Q	821	1350	0	0	822	4952	
Q	822	975	0	0	0	4953	
Q	823	320	0	0	0		
Q	824	2200	0	0	0		16659,16660,16661
Q	825	700	0	0	0		4936,4928,4935
Q	826	850	0	0	0		4946,4940
Q	827	900	0	0	0		4947,4939,4948
Q	828	90	0	0	827		
Q	829	460	0	0	809		
Q	830	625	0	0	831		
Q	831	625	0	0	0		
Q	832	675	0	0	0		
Q	833	625	0	0	0		
Q	834	775	0	0	835		
Q	835	875	0	0	0		4932,4931,4938
Q	836	5450	-648	0	0		9645,9646
Q	837	625	0	0	0		
Q	838	550	0	0	964		
Q	840	460	0	0	842		
Q	841	0	0	0	0	8524	
Q	842	900	0	0	0		
Q	843	1850	0	0	846		
Q	844	900	0	0	845		
Q	845	900	0	0	903		
Q	846	2100	0	0	849		
Q	847	2850	0	0	0	4546	
Q	848	1050	0	0	0		
Q	849	2100	0	0	0	5313	
Q	850	875	0	0	0		
Q	851	1000	0	0	852		
Q	852	1100	0	0	0	5351	
Q	853	800	0	0	0	5340	2458,2457,2456,2459
Q	854	230	0	0	0		
Q	855	1250	0	0	0		5346,5344,5345
Q	857	2450	0	0	0		
Q	858	1350	0	0	0		
Q	860	90	0	844	844		
Q	861	850	0	0	0		
Q	862	1850	0	0	0	5487,5478,10919	
Q	863	1700	0	0	0		5326,5327
Q	864	5050	0	0	0		9634,9635,11502
Q	865	1350	0	0	0	5342,5343	
Q	866	1150	0	0	0	5341	
Q	867	1050	0	0	875		
Q	868	1750	0	0	0		6503,6502
Q	869	900	0	0	3281		
Q	870	675	0	0	877		
Q	871	900	0	0	0		
Q	872	1050	0	0	0		5275,5328
Q	873	2750	0	0	0	5355	5356,5357
Q	874	550	0	0	873		
Q	875	1150	0	0	876		
Q	876	1950	0	0	0		5321,5279,5318
Q	877	1150	0	0	880		
Q	878	1650	0	0	0		
Q	879	1500	0	0	906		
Q	880	1150	0	0	0		
Q	881	1450	0	0	905		
Q	882	1800	0	0	907		
Q	883	1300	0	0	0		
Q	884	1450	0	0	0		
Q	885	1500	0	0	0		
Q	886	90	0	870	870		
Q	887	750	0	0	890		
Q	888	1150	0	0	0		5337,5320
Q	889	0	0	0	0		
Q	890	100	0	0	892		
Q	891	1550	0	0	0		5309,5310
Q	892	100	0	0	888		
Q	893	1950	0	0	0		5322,5323
Q	894	750	0	0	900		
Q	895	1150	0	0	0		
Q	896	1700	0	0	0	5335	
Q	897	2400	0	0	0		
Q	898	1950	0	0	0		5311,5312
Q	899	1950	0	0	0		5314,6477
Q	900	490	0	0	901		
Q	901	750	0	0	902		
Q	902	1150	0	0	0		5324,5325
Q	903	1050	0	0	881		
Q	905	1250	0	0	3261		
Q	906	3050	0	0	0		5316,5317
Q	907	1700	0	0	913		
Q	910	650	0	0	0		
Q	911	650	0	0	0		
Q	913	1950	0	0	874	5299	5302,5306
Q	914	2200	0	0	0		6505,6504
Q	915	650	-925	0	0		
Q	916	360	0	0	917		10544,5392,5393,5586
Q	917	550	0	0	0		5395,4907,11189
Q	918	625	0	0	922	4604	
Q	919	800	0	0	0		5606,6061
Q	920	45	0	0	921		
Q	921	340	0	0	928		
Q	922	320	0	0	923		
Q	923	975	0	0	0	5605	
Q	924	1250	0	0	0	5420	
Q	925	650	-925	0	0		
Q	926	0	0	0	0	4986	
Q	927	460	0	0	0		
Q	928	230	0	0	929		
Q	929	340	0	0	933		
Q	930	850	0	0	0		
Q	931	850	0	0	0		
Q	932	625	0	0	0		5419,2571
Q	933	775	0	0	7383		
Q	934	650	0	0	935		
Q	935	1100	0	0	0		5596,5595
Q	936	470	936	3761	3761		
Q	937	440	0	0	0		5592,5591
Q	938	900	0	0	0		5590,5593,5618
Q	939	5450	0	0	4441		
Q	940	230	0	0	952		
Q	941	900	0	0	0	5218	
Q	942	1550	0	0	943		
Q	943	2400	0	0	0		5627,5626
Q	944	625	0	0	949		
Q	945	1350	0	0	0		
Q	947	1250	0	0	948	5610,4605	
Q	948	625	0	0	944		
Q	949	1250	0	0	950		
Q	950	950	0	0	0		
Q	951	1950	0	0	0		5757,5615
Q	952	875	0	0	0		
Q	953	900	0	0	0		
Q	954	675	0	0	955		
Q	955	900	0	0	956		
Q	956	900	0	0	957		
Q	957	675	0	0	0		7229,5617,5604
Q	958	900	0	0	0	5612	
Q	959	1350	0	0	0		
Q	960	0	0	0	0	5251	
Q	961	0	0	0	0	5251	
Q	962	1350	0	0	0	10919	
Q	963	875	0	0	0	5611	
Q	964	4500	0	0	5514		
Q	965	675	0	0	966		
Q	966	1350	0	0	967		
Q	967	1000	0	0	970		
Q	968	1950	0	0	0		
Q	969	6600	0	0	975		
Q	970	1650	0	0	0		
Q	971	2750	0	0	0	6743	
Q	972	0	96	0	0	6637	
Q	973	1950	0	0	1140		5622,5613
Q	974	5650	0	0	980		
Q	975	0	0	0	0	12384	
Q	976	2900	0	0	0		5323,6721
Q	977	4650	0	0	5163		
Q	978	5650	0	0	979		
Q	979	3000	0	0	0		
Q	980	2800	0	0	4842		
Q	981	2540	0	0	0		10043,5614
Q	982	1250	0	0	0		15401,15402
Q	983	850	0	0	1001		
Q	984	750	0	0	985		
Q	985	975	0	0	0		
Q	986	1550	0	0	0		
Q	990	370	990	0	0		
Q	991	1450	0	0	1023		
Q	992	3050	0	0	82		
Q	993	775	0	0	0		
Q	994	1750	994	0	0	5609	
Q	995	775	994	0	0	6659	
Q	996	550	0	0	0		
Q	997	230	0	0	0		
Q	998	550	0	0	0		
Q	1000	550	1000	0	1123		
Q	1001	1150	0	0	1002		
Q	1002	975	0	0	1003		
Q	1003	1150	0	0	0	2082,11846	
Q	1004	550	1000	0	1123		
Q	1007	1150	0	0	0		
Q	1008	1450	0	0	0		
Q	1009	2250	0	0	0	5812	
Q	1010	775	0	0	0		
Q	1011	2350	0	0	0		
Q	1012	3200	0	0	0	5813	
Q	1013	2100	0	0	0		6335,4534
Q	1014	3300	0	0	0	6414	
Q	1015	550	1015	0	6761		
Q	1016	1950	0	0	1017		
Q	1017	2550	0	0	0	5816	
Q	1018	550	1000	0	1123		
Q	1019	550	1015	0	6761		
Q	1020	1950	0	0	0		
Q	1021	2550	0	0	1031		
Q	1022	2450	0	0	1037		
Q	1023	1250	0	0	0		
Q	1024	825	0	0	1026		
Q	1025	1950	0	0	0	4542,1205	
Q	1026	2200	0	0	1027		
Q	1027	2300	0	0	1028		
Q	1028	1700	0	0	1055	5462	
Q	1029	230	0	0	1030		
Q	1030	1700	0	0	1045		
Q	1031	2550	0	0	0		5820,11229
Q	1032	2550	0	0	0		
Q	1033	1750	0	0	0		
Q	1034	1850	0	0	0		
Q	1035	3050	0	0	0		5814,6722,17047
Q	1036	650	0	0	4621		
Q	1037	600	0	0	1038		
Q	1038	600	0	0	1039		
Q	1039	1200	0	0	1040		
Q	1040	600	0	0	1041		
Q	1041	1200	0	0	1042		
Q	1042	250	0	0	1043		
Q	1043	2450	0	0	1044		
Q	1044	3050	0	0	0		5817,5818
Q	1045	2450	0	0	1046		
Q	1046	3050	0	0	0	1116	5815,17046
Q	1047	550	1015	0	6761		
Q	1048	5150	0	0	0		6802,6803,10711
Q	1049	3550	0	0	0		7747,17508,7749
Q	1050	3550	0	0	0	7746	
Q	1051	3300	0	0	0	7751	7750,4643
Q	1052	1550	0	0	0		
Q	1053	4700	0	0	0		6829,6830,6831,11262
Q	1054	2000	0	0	0	1970	
Q	1055	230	0	0	1029		
Q	1056	675	0	1057	1057		
Q	1057	2200	0	0	1059		
Q	1058	2100	0	0	0		6664,6665
Q	1059	2200	0	0	0		6675,6676
Q	1060	1550	0	0	0		
Q	1061	320	0	0	0		
Q	1062	1450	0	0	0		
Q	1063	675	0	0	0		
Q	1064	340	0	0	1065		
Q	1065	1350	0	0	1066		
Q	1066	1850	0	0	0		
Q	1067	1400	0	0	0		
Q	1068	1850	0	0	0		
Q	1069	1950	0	0	0		
Q	1070	825	0	1085	1085		
Q	1071	1650	0	0	0		
Q	1072	825	0	0	1073		
Q	1073	1650	0	0	1074		
Q	1074	825	0	0	0		
Q	1075	825	0	0	1076		
Q	1076	1650	0	0	0		
Q	1077	850	0	0	0		
Q	1078	2100	0	0	0	6677	
Q	1079	2200	-1079	0	0		
Q	1080	2200	-1079	0	0		
Q	1081	3400	0	0	0	6678	7334,7335,7336
Q	1082	875	0	0	1081		
Q	1083	2100	-1083	0	0		
Q	1084	2300	-1083	0	0		
Q	1085	170	0	0	1071		
Q	1086	2300	0	0	0		
Q	1087	1500	0	0	1088		
Q	1088	2350	0	0	1089		
Q	1089	2950	0	0	0	6669,6670,6671	
Q	1090	2200	0	0	1092		
Q	1091	180	0	0	0		
Q	1092	1300	0	0	0	6666	
Q	1093	1650	0	0	1094		
Q	1094	825	0	0	1095		
Q	1095	1100	0	0	1096		
Q	1096	2200	0	0	0		6667,6668
Q	1097	110	0	353	353		
Q	1098	2000	0	0	0	3324	
Q	1100	1350	0	0	1101		
Q	1101	3350	0	0	0		4197,6742,6725
Q	1102	4050	0	0	0		4197,6742,6725
Q	1103	0	0	0	0		
Q	1104	1850	0	0	0		
Q	1105	2450	0	0	0		
Q	1106	1350	0	0	1108		
Q	1107	3450	0	0	0		
Q	1108	3000	0	0	0		
Q	1109	3300	0	0	1113		
Q	1110	2500	0	0	0		
Q	1111	1400	0	0	1112		
Q	1112	1400	0	0	0		
Q	1113	3300	0	0	0		
Q	1114	700	0	0	0		
Q	1115	1400	0	0	1116		
Q	1116	3500	0	0	1117		
Q	1117	3500	0	0	0		
Q	1118	900	-621	0	0		
Q	1119	3750	0	0	0		
Q	1120	380	1120	0	0		
Q	1121	380	1120	0	0		
Q	1122	1850	0	0	0		
Q	1123	1400	0	0	1124		
Q	1124	2800	0	0	1125		
Q	1125	5650	0	0	1126		
Q	1126	6000	0	0	6844		
Q	1127	210	0	0	0	5806	
Q	1130	0	0	0	1131		
Q	1131	2450	0	0	0		
Q	1132	775	0	0	1133		
Q	1133	575	0	0	0		
Q	1134	1650	0	0	0		
Q	1135	3650	0	0	0	6719	
Q	1136	4250	0	0	0	6720	
Q	1137	1450	0	0	0		6729,6732
Q	1138	1250	0	0	0		15405,15406
Q	1139	5850	0	0	0	6723	
Q	1140	2300	0	0	1167		
Q	1141	975	0	0	0	12225	
Q	1142	3050	0	0	0		6751,6752
Q	1143	2450	0	0	981		
Q	1144	3050	0	0	0		6748,6750,6749
Q	1145	1300	0	0	1146		
Q	1146	1950	0	0	1147		
Q	1147	2750	0	0	0		
Q	1148	1350	0	0	1184		
Q	1149	1050	0	0	1150		
Q	1150	2400	0	0	1151		
Q	1151	3050	0	0	1152		
Q	1152	1200	0	0	1154		
Q	1153	2350	0	0	0	6741	
Q	1154	1850	0	0	6627		
Q	1159	950	0	0	1160		
Q	1160	2100	0	0	6628		
Q	1164	2800	0	0	0		4443,2032
Q	1166	4450	0	0	0	10702	
Q	1167	575	0	0	1143		
Q	1168	4450	0	0	0		9705,9706
Q	1169	5350	0	0	1170		9703,9704
Q	1170	360	0	0	1171		
Q	1171	360	0	0	1172		
Q	1172	4850	0	0	0		10700,10701
Q	1173	4850	0	0	0		10703,10704
Q	1175	2650	0	0	0		
Q	1176	1850	0	0	1178		
Q	1177	2800	0	0	0		9518,9519
Q	1178	700	0	0	1180		
Q	1179	2450	0	0	0		
Q	1180	700	0	0	1181		
Q	1181	290	0	0	1182		
Q	1182	2850	0	0	1183		
Q	1183	700	0	0	1186		
Q	1184	1350	0	0	0		6737,6738
Q	1185	3000	0	0	0		
Q	1186	290	0	0	1187		
Q	1187	3300	0	0	1188		
Q	1188	825	0	0	1189		
Q	1189	825	0	0	0		6726,6727
Q	1190	1650	0	0	1194		
Q	1191	0	0	0	0		
Q	1192	0	0	0	0		
Q	1193	0	0	0	0		
Q	1194	1650	0	0	0		
Q	1195	2550	0	0	1196		
Q	1196	600	0	0	1197		
Q	1197	2350	0	0	0		6739,6740
Q	1198	2400	0	0	1200		
Q	1199	2550	0	0	0	6998,7000	
Q	1200	1700	0	0	0		7001,7002
Q	1201	2750	0	0	1202		
Q	1202	2750	0	0	0		
Q	1203	3450	0	0	0	9622,5016	
Q	1204	2850	0	0	1258		
Q	1205	3900	0	0	0		
Q	1206	2750	0	0	1203		
Q	1218	1350	0	0	1206	6807	
Q	1219	700	0	0	1220		
Q	1220	2750	0	0	0		
Q	1221	2100	0	0	0	6755	
Q	1222	2850	-1222	0	0	3825	
Q	1238	2050	0	0	0		
Q	1239	2050	0	0	1240		
Q	1240	2750	0	0	0		
Q	1241	230	0	0	1242		
Q	1242	230	0	0	1243		
Q	1243	230	0	0	1244		
Q	1244	2450	0	0	1245		
Q	1245	250	0	0	1246		
Q	1246	250	0	0	1447		
Q	1247	250	0	0	1248		
Q	1248	650	0	0	1249		
Q	1249	1300	0	0	0		
Q	1250	270	0	0	1264		
Q	1251	700	0	0	1321		
Q	1252	775	0	0	1259		
Q	1253	700	0	0	1319		
Q	1258	3150	-1222	0	0	6801	
Q	1259	320	0	0	1285		
Q	1260	700	0	1204	1204		
Q	1261	3150	0	0	1262		
Q	1262	3150	0	0	0		
Q	1264	1300	0	0	1265		
Q	1265	280	0	0	1266		
Q	1266	700	0	0	1324		
Q	1267	4300	0	0	0	6757	
Q	1268	1350	0	0	0		
Q	1269	700	0	0	0		
Q	1270	2850	0	0	0	3825	
Q	1271	0	0	0	0	5951	
Q	1273	3550	0	0	0		6797,6798
Q	1274	230	0	0	1241		
Q	1275	2400	0	0	0		7003,7004
Q	1276	1400	0	0	0		
Q	1282	280	1282	0	0		
Q	1284	1350	0	0	0		
Q	1285	290	0	0	1286		
Q	1286	2850	0	0	1287		
Q	1287	2850	0	0	0		
Q	1301	700	0	1302	1302		
Q	1302	700	1282	0	0		
Q	1318	6600	0	0	0		18366,18367,18368,18369
Q	1319	280	0	0	1320		
Q	1320	1350	0	0	0		
Q	1321	280	0	0	1322		
Q	1322	2850	0	0	1323		
Q	1323	1400	0	0	0		
Q	1324	2150	0	0	1267		
Q	1338	975	0	0	0		
Q	1339	550	0	1338	1338		
Q	1358	1050	0	0	0		10637,10638
Q	1359	110	0	0	1358		
Q	1360	3600	0	0	0		
Q	1361	650	0	0	1362		
Q	1362	650	0	0	0		
Q	1363	330	0	0	1364		
Q	1364	3300	0	0	0		10747,10748
Q	1365	3450	0	0	0		
Q	1366	3750	0	0	0		6780,6784
Q	1367	650	0	0	1369		
Q	1368	650	0	0	1370		
Q	1369	2650	0	0	1371		
Q	1370	1350	0	0	1373		3463,3464,3465
Q	1371	2050	0	0	0		
Q	1372	350	0	0	1383		
Q	1373	2850	0	0	1374		
Q	1374	2850	0	0	1380		
Q	1375	2850	0	0	1381		
Q	1380	4300	0	0	0		6773,6774
Q	1381	4300	0	0	0		6788,6789
Q	1382	2050	0	0	1384		
Q	1383	4300	0	0	0		6832,11265
Q	1384	2550	0	0	1370		
Q	1385	2050	0	0	1386		
Q	1386	2550	0	0	1369		
Q	1387	3750	0	0	0	6790	
Q	1388	350	0	0	1391		
Q	1389	2750	0	0	0		
Q	1391	2550	0	0	0		
Q	1392	2250	0	0	0		
Q	1393	2850	0	0	0	6828	
Q	1394	4200	0	0	0		6804,6806
Q	1395	2900	0	0	0		
Q	1396	2850	0	0	1421		
Q	1398	3450	0	0	1425		
Q	1418	1350	0	1420	1420		
Q	1419	3150	0	0	0		
Q	1420	2350	0	0	0		
Q	1421	2750	0	0	1398		
Q	1422	0	0	0	1426		
Q	1423	25	0	0	0	6827	
Q	1424	4450	0	0	1429		
Q	1425	2550	0	0	0		
Q	1426	4450	0	0	1427		
Q	1427	3600	0	0	0		9680,9678,9679
Q	1428	3900	0	0	0		
Q	1429	3750	0	0	1444		
Q	1430	3750	0	0	0	9681,9682	
Q	1431	600	0	0	1432		
Q	1432	1200	0	0	0		
Q	1433	270	0	0	1435		
Q	1434	2650	0	0	0		
Q	1435	2650	0	0	0		
Q	1436	2650	0	0	0		6744,6745
Q	1437	1950	0	0	1465		
Q	1438	2650	0	0	1439		
Q	1439	2650	0	0	0		
Q	1440	3300	0	0	0		9687,9698,9699,11884
Q	1442	440	0	0	0	7083	
Q	1444	3750	0	0	1445		
Q	1445	5900	0	0	0	1490	
Q	1446	6550	0	0	0		11123,11124
Q	1447	1250	0	0	1247		
Q	1448	3600	0	0	1449		
Q	1449	1800	0	0	1450		
Q	1450	900	0	0	1451		
Q	1451	1800	0	0	1452		
Q	1452	3600	0	0	0		
Q	1453	1300	0	0	0		
Q	1454	3000	0	0	1455		
Q	1455	1500	0	0	1456		
Q	1456	3000	0	0	1457		
Q	1457	1500	0	0	0		6791,6792
Q	1458	2650	0	0	1459		
Q	1459	2750	0	0	1466		
Q	1462	0	0	0	0	6635	
Q	1463	0	0	0	0	6635	
Q	1464	0	0	0	0	6636	
Q	1465	1950	0	0	1438		
Q	1466	3150	0	0	1467		
Q	1467	3150	0	0	0		6793,6794
Q	1468	0	0	0	0		
Q	1469	2700	0	0	1475		
Q	1470	190	0	0	0		
Q	1471	625	0	0	0		
Q	1472	160	1472	0	1476		
Q	1473	625	0	0	1471		
Q	1474	1550	0	0	0	22243	
Q	1475	7100	0	0	0	1490	
Q	1476	1550	0	0	1474		
Q	1477	975	0	1395	1395		
Q	1478	210	1478	1473	1473		
Q	1479	650	0	0	0		
Q	1480	1300	0	0	1481		
Q	1481	2650	0	0	1482		
Q	1482	2750	0	0	0		
Q	1483	420	0	0	1093		
Q	1484	270	0	0	0		
Q	1485	360	0	0	1499		
Q	1486	1600	0	0	0		6480,918
Q	1487	2050	0	0	0		6476,8071,6481
Q	1488	3900	0	0	0		6746,6747
Q	1489	290	0	0	1490		
Q	1490	120	0	0	914		
Q	1491	1350	0	0	0		
Q	1492	440	0	0	0		
Q	1498	0	0	0	1502		
Q	1499	35	0	0	794		4925,5778
Q	1501	875	0	0	1504		
Q	1502	200	0	0	1503		
Q	1503	850	0	0	0		7326,7328,7327,7329
Q	1504	650	0	0	0		
Q	1505	85	1505	0	1498		
Q	1506	210	1506	1501	1501		
Q	1507	160	1472	0	1508		
Q	1508	390	0	0	1509		
Q	1509	390	0	0	1510		
Q	1510	775	0	0	1511		
Q	1511	1550	0	0	1515		
Q	1512	390	0	0	1513		
Q	1513	1150	0	0	0	22243	
Q	1514	550	0	0	0		
Q	1515	1150	0	0	1512		
Q	1516	250	0	0	1517		
Q	1517	250	0	0	1518		
Q	1518	450	0	0	0	5175	
Q	1519	250	0	0	1520		
Q	1520	200	0	0	1521		
Q	1521	450	0	0	0	5175	
Q	1522	420	1522	1524	1524		
Q	1523	420	1522	1524	1524		
Q	1524	650	0	0	1525		
Q	1525	900	0	0	1526	6636	
Q	1526	1150	0	0	1527	6654	
Q	1527	1150	0	0	0	5176	
Q	1528	775	1528	1530	1530		
Q	1529	775	1528	1530	1530		
Q	1530	440	0	0	1535		
Q	1531	2450	1531	0	0	5178	
Q	1532	2450	1531	0	0	5178	
Q	1534	1400	0	0	220		
Q	1535	875	0	0	1536		
Q	1536	1300	0	0	1534		
Q	1558	650	0	0	0		
Q	1559	0	0	0	0	6672	
Q	1560	5900	0	0	0		9638,9642
Q	1578	900	0	0	0	3609	
Q	1579	460	0	0	1580		
Q	1580	900	0	0	0	6811	
Q	1581	700	0	0	0	2449,785	
Q	1582	1350	0	0	0	6710	
Q	1598	360	0	0	0		
Q	1599	360	0	0	0		
Q	1618	1150	0	0	0	6735	
Q	1638	85	1638	0	1639		
Q	1639	85	0	0	1640		
Q	1640	210	0	0	1665		
Q	1641	0	0	0	0	6775	
Q	1642	90	0	0	1643		
Q	1643	460	0	0	1644		
Q	1644	900	0	0	1780		
Q	1645	0	0	0	0	6916	
Q	1646	90	0	0	1647		
Q	1647	460	0	0	1648		
Q	1648	900	0	0	1778		
Q	1649	390	0	0	1650		
Q	1650	1850	0	0	0		
Q	1651	1000	0	0	1652		
Q	1652	2550	0	0	1653	9607	
Q	1653	825	0	0	1654		
Q	1654	2200	0	0	1806		
Q	1655	440	0	0	0	6993	
Q	1656	110	0	0	0		4540,159
Q	1657	1650	0	0	0	20557	
Q	1658	6600	0	0	0	20557	
Q	1661	0	0	0	0		
Q	1665	420	0	0	0		
Q	1666	420	0	0	1667		
Q	1667	850	0	0	0		6979,6983,6980,6985
Q	1678	1100	0	0	1680		
Q	1679	85	1638	0	1678		
Q	1680	90	0	0	1681		
Q	1681	650	0	0	1682		
Q	1682	625	0	0	0		6978,6982,6981,6984
Q	1683	850	0	0	0		
Q	1684	85	1638	0	1683		
Q	1685	420	1715	1688	1688		
Q	1686	850	0	0	1692		
Q	1687	650	0	0	0		
Q	1688	625	0	0	1689		
Q	1689	650	0	0	0		
Q	1690	3600	0	0	1691		
Q	1691	3750	0	0	0		
Q	1692	420	0	0	0		
Q	1693	625	0	0	0		6966,6968,6969,6967
Q	1698	160	0	1699	1699		
Q	1699	1300	0	0	0		
Q	1700	575	0	1705	1705		
Q	1701	2300	0	0	0		
Q	1702	440	0	0	1701	6970	
Q	1703	1150	0	1710	1710		
Q	1704	575	0	1708	1708		
Q	1705	2300	0	0	0		
Q	1706	3050	0	0	0	6971	
Q	1707	2800	0	0	0	8484	
Q	1708	1750	0	0	0		
Q	1709	3050	0	0	0	6974	
Q	1710	1850	0	0	0		
Q	1711	3050	0	0	0	6973	
Q	1712	2350	0	0	1713		
Q	1713	2350	0	0	0		
Q	1714	0	0	0	0	6851	
Q	1715	420	1715	1688	0		
Q	1716	775	0	0	1738		
Q	1717	390	0	1716	1716		
Q	1718	600	0	0	1719		
Q	1719	2450	0	0	0		
Q	1738	1550	0	0	1739		
Q	1739	1150	0	0	0	22243	
Q	1740	2550	0	0	0		6898,15109
Q	1758	600	0	0	1802		
Q	1778	230	0	0	1779		
Q	1779	0	0	0	1783		
Q	1780	230	0	0	1781		
Q	1781	0	0	0	1786		
Q	1782	3400	0	0	0	6972	
Q	1783	675	0	0	1784		
Q	1784	675	0	0	1785		
Q	1785	1150	0	0	0		
Q	1786	675	0	0	1787		
Q	1787	675	0	0	1788		
Q	1788	1150	0	0	0		
Q	1789	0	0	0	0	6866	
Q	1790	0	0	0	0	6866	
Q	1791	250	0	0	1712		
Q	1792	3900	0	0	0		6975,6977,6976
Q	1793	0	1793	0	0	6776	
Q	1794	0	1793	0	0	6776	
Q	1795	2450	0	0	0	22244	
Q	1796	2500	0	0	4781		
Q	1798	600	0	1758	1758		
Q	1799	3150	0	0	4961		
Q	1800	650	0	0	0		
Q	1801	600	0	0	1803		
Q	1802	2450	0	0	1804		
Q	1803	2450	0	0	1805		
Q	1804	2450	0	0	1795		
Q	1805	2450	0	0	1795		
Q	1806	2200	0	0	0	6953	
Q	1818	85	1505	0	1819		
Q	1819	850	0	0	1820		
Q	1820	210	0	0	1821		
Q	1821	650	0	0	1822		
Q	1822	875	0	0	0		7115,7117,7116,7118
Q	1823	160	0	1824	1824		
Q	1824	1550	0	0	1825	7120	
Q	1825	775	0	0	1838		
Q	1838	3650	0	0	0		
Q	1839	1200	0	1842	1842		
Q	1840	1200	0	1844	1844		
Q	1841	1200	0	1846	1846		
Q	1842	1200	0	0	0		
Q	1843	1850	0	0	0	7129	
Q	1844	1200	0	0	0		
Q	1845	1850	0	0	0	7130	
Q	1846	1200	0	0	0		
Q	1847	1850	0	0	0	7132	
Q	1848	3050	0	0	0	7133	
Q	1858	460	0	0	0	7298	
Q	1859	210	1859	0	1963		
Q	1860	420	1860	0	1861		
Q	1861	850	0	0	0		7508,9513
Q	1878	380	0	0	0	8484	
Q	1879	85	1860	0	1880		
Q	1880	850	0	0	0		7507,9514
Q	1881	85	1881	1882	1882		
Q	1882	850	0	0	0		7507,9514
Q	1883	85	1881	1884	1884		
Q	1884	850	0	0	0		7508,9513
Q	1885	210	1859	0	1886		
Q	1886	675	0	0	1898		
Q	1898	230	0	0	1899		
Q	1899	230	0	0	1978		
Q	1918	550	0	0	824		
Q	1919	110	0	1920	1920		
Q	1920	1150	0	0	1921		
Q	1921	800	0	0	0		
Q	1938	2300	0	0	1940		
Q	1939	1050	0	1938	1938		
Q	1940	1600	0	0	0		
Q	1941	1050	0	0	0	7509	
Q	1942	2100	0	0	0		7511,9516
Q	1943	210	0	1944	1944		
Q	1944	2100	0	0	1945		
Q	1945	1600	0	0	0		
Q	1946	2100	0	0	0		7512,9515
Q	1947	290	0	0	0		
Q	1948	3150	0	0	0		
Q	1949	1450	0	0	1950		
Q	1950	1850	0	0	1951		
Q	1951	3150	0	0	0		
Q	1952	3150	0	0	0		7514,11263,7513
Q	1953	320	0	0	1954		
Q	1954	2350	0	0	1955		
Q	1955	2350	0	0	1956		
Q	1956	3900	0	0	1957		
Q	1957	2350	0	0	0		
Q	1958	3150	0	0	0		7515,9517
Q	1959	110	0	1960	1960		
Q	1960	1150	0	0	1961		
Q	1961	800	0	0	0		
Q	1962	1050	0	0	0	7510	
Q	1963	675	0	0	1858		
Q	1978	900	0	0	0	7298	
Q	1998	875	0	0	1999		
Q	1999	1550	0	0	0		
Q	2038	1050	0	0	0	12522	
Q	2039	270	0	2038	2038		
Q	2040	1550	0	0	0		7606,7607
Q	2041	270	0	2040	2040		
Q	2078	1150	0	0	0	5996	
Q	2098	1550	0	0	2078		
Q	2118	975	0	0	2138		
Q	2138	1150	0	0	0		
Q	2139	1350	0	0	0		7738,7739
Q	2158	100	0	0	0		4656,159
Q	2159	110	0	0	0		2070,159
Q	2160	110	0	0	0		117,159
Q	2161	110	0	0	0		4540,159
Q	2178	900	0	0	0	5486,5477	
Q	2198	3300	0	0	2199		
Q	2199	2450	0	0	2200		
Q	2200	2550	0	0	2201		
Q	2201	3600	0	0	2204		
Q	2202	3450	0	0	0	9030	
Q	2203	3750	0	0	0		
Q	2204	925	0	0	0		
Q	2205	210	2205	2206	0		
Q	2206	850	0	0	0	7298	
Q	2218	420	2205	2238	2238		
Q	2238	850	0	0	2239		
Q	2239	850	0	0	0	7298	
Q	2240	3900	0	0	0		9626,9627
Q	2241	400	2205	2242	0		
Q	2242	850	0	0	0	7298	
Q	2258	3000	0	0	2202		
Q	2259	120	0	2260	2260		
Q	2260	575	0	2281	0		
Q	2278	4200	0	0	0		
Q	2279	5250	0	0	2439		
Q	2280	5250	0	0	2440		
Q	2281	120	0	0	2282		
Q	2282	1600	0	0	0	7907	
Q	2283	2450	0	0	2284		
Q	2284	2450	0	0	2318		
Q	2298	120	0	2281	0		
Q	2299	120	0	2298	2298		
Q	2300	120	0	2281	2281		
Q	2318	700	0	0	2338		
Q	2338	350	0	0	0		
Q	2339	3750	0	0	0		
Q	2340	1850	0	0	2341		
Q	2341	5600	0	0	0	7888	
Q	2342	3600	0	0	0		
Q	2358	1800	0	0	0	7676	
Q	2359	1950	0	0	2607	18160	
Q	2360	390	0	0	2359		
Q	2361	5600	0	0	0	7673	
Q	2378	120	2378	0	2379		
Q	2379	0	0	0	2382		
Q	2380	120	2378	0	2379		
Q	2381	1350	0	0	0	7676	
Q	2382	120	0	0	2381		
Q	2383	40	0	0	0		
Q	2398	240	0	0	2240		
Q	2399	85	0	0	0	5205	
Q	2418	3500	0	0	0		9522,10358,10359
Q	2438	410	0	0	2459		
Q	2439	420	0	0	0	9587	3928,6149
Q	2440	420	0	0	0	9587	3928,6149
Q	2458	1150	0	0	0	8066	
Q	2459	875	0	0	0		
Q	2460	160	0	0	2458		
Q	2478	1950	0	0	2479	18160	
Q	2479	1050	0	0	2480		
Q	2480	160	0	0	0	8095	
Q	2498	80	0	0	2499		
Q	2499	975	0	0	0		5458,5589
Q	2500	3000	0	0	0		
Q	2501	3750	0	0	0		
Q	2518	1150	0	0	2520		
Q	2519	85	0	0	2518		
Q	2520	900	0	0	0		9600,9601
Q	2521	8450	0	0	0	10752	
Q	2522	5650	0	0	0	10752	
Q	2523	550	0	0	0		
Q	2541	700	0	0	2561		
Q	2561	1050	0	0	0		9598,18957
Q	2581	4700	0	0	0	8410	
Q	2582	0	0	0	0	8410	
Q	2583	4700	0	0	0	8411	
Q	2584	0	0	0	0	8411	
Q	2585	4700	0	0	0	8412	
Q	2586	0	0	0	0	8412	
Q	2601	4700	0	0	0	8423	
Q	2602	0	0	0	0	8423	
Q	2603	4700	0	0	0	8424	
Q	2604	0	0	0	0	8424	
Q	2605	4550	0	0	2606		
Q	2606	460	0	0	2641		
Q	2607	0	0	0	0		
Q	2608	150	0	0	0		
Q	2609	1200	0	0	0	8432	
Q	2621	1200	0	0	2622		
Q	2622	1200	0	0	2623		
Q	2623	5650	0	0	0		
Q	2641	4550	0	0	0		
Q	2661	460	0	0	2662		
Q	2662	0	0	0	0	8529	
Q	2681	7550	0	0	2702		
Q	2701	6000	0	0	0	10659	
Q	2702	3000	0	0	2701		
Q	2721	6200	0	0	2743		
Q	2741	4200	0	0	0	8647	
Q	2742	4200	0	0	2782		
Q	2743	3300	0	0	2744		
Q	2744	6600	0	0	3141		
Q	2745	250	0	0	2746		
Q	2746	625	0	0	0		
Q	2747	0	0	0	0	9541	
Q	2748	0	0	0	0	9540	
Q	2749	0	0	0	0	9539	
Q	2750	0	0	0	0		
Q	2751	2550	0	0	0	7979	
Q	2752	2550	0	0	0	7978	
Q	2753	2800	0	0	0	7981	
Q	2754	2800	0	0	0	7980	
Q	2755	280	0	0	0	7982	
Q	2756	3150	0	0	2757		
Q	2757	1550	0	0	2760		
Q	2758	4400	0	0	2759	9367	
Q	2759	2200	0	0	2760		
Q	2760	3150	0	0	0		
Q	2761	3900	0	0	0	7983	
Q	2762	3900	0	0	0	7984	
Q	2763	3900	0	0	0	7985	
Q	2764	2900	0	0	0		
Q	2765	3900	0	0	0	8703	
Q	2766	3900	0	0	2767		
Q	2767	4850	-648	0	0		9647,9648
Q	2768	6300	0	0	0		9533,9534
Q	2769	410	0	2770	2770		
Q	2770	7100	0	0	0	11122	
Q	2771	3900	0	0	0		
Q	2772	3900	0	0	0		
Q	2773	3900	0	0	0		
Q	2781	5050	0	0	0		
Q	2782	2100	0	0	0		
Q	2783	4500	0	0	2801		
Q	2784	470	0	0	2621		
Q	2801	600	0	0	2681		
Q	2821	4050	0	0	0		9630,9631
Q	2822	4050	0	0	0		9633,9632
Q	2841	2750	0	0	0		9623,9624,9625
Q	2842	280	0	0	2843		
Q	2843	0	0	0	0	9173	
Q	2844	3400	0	0	2845		
Q	2845	4550	0	0	0		9656,9657
Q	2846	6050	0	0	0	9527,9531	
Q	2847	1950	0	0	0		
Q	2848	2900	-2848	0	0	8403	
Q	2849	2900	-2848	0	0	8404	
Q	2850	2900	-2848	0	0	8405	
Q	2851	2900	-2848	0	0	8406	
Q	2852	2900	-2848	0	0	8407	
Q	2853	3900	0	0	0	8408	
Q	2854	1950	0	0	0		
Q	2855	2900	-2855	0	0	8403	
Q	2856	2900	-2855	0	0	8404	
Q	2857	2900	-2855	0	0	8405	
Q	2858	2900	-2855	0	0	8406	
Q	2859	2900	-2855	0	0	8407	
Q	2860	3900	0	0	0	8408	
Q	2861	410	0	2846	2846		
Q	2862	2550	0	0	2863		
Q	2863	2700	0	0	2902		
Q	2864	390	0	2865	2865		
Q	2865	3900	0	0	0		
Q	2866	2700	0	0	2867		
Q	2867	1800	0	0	0		
Q	2869	2700	0	0	2870		
Q	2870	2900	0	0	2871		
Q	2871	3900	0	0	0		9663,9664
Q	2872	390	0	0	2873		
Q	2873	3900	0	0	2874		
Q	2874	3900	0	0	0		9636,9637
Q	2875	3900	0	0	0		
Q	2876	4850	0	0	0		
Q	2877	4400	0	0	0		
Q	2878	550	0	0	0		
Q	2879	4700	0	0	2942	9307	
Q	2880	3900	0	0	0		
Q	2881	390	0	0	0		
Q	2882	0	0	0	0	9265	
Q	2902	1800	0	0	2903		
Q	2903	3600	0	0	0		9661,9662
Q	2904	2450	0	0	0		9535,9536
Q	2922	2650	0	0	0		
Q	2923	210	0	2922	2922		
Q	2924	3050	0	0	0		
Q	2925	250	0	2924	2924		
Q	2926	2200	0	0	2962		
Q	2927	220	0	0	2926		
Q	2928	2450	0	0	0		9608,9609
Q	2929	2750	0	0	0		9623,9624,9625
Q	2930	3650	0	0	0	9605,9604	
Q	2931	230	0	2930	2930		
Q	2932	3450	0	0	0		
Q	2933	3600	0	0	2934		
Q	2934	3900	0	0	2935		
Q	2935	2900	0	0	2936		
Q	2936	4850	0	0	2937		
Q	2937	8450	0	0	0		
Q	2938	8450	0	0	0		9649,9650,10686
Q	2939	420	0	0	0		
Q	2940	420	0	0	2941		
Q	2941	1100	0	0	2944		
Q	2942	4700	0	0	0		9654,9655
Q	2943	3300	0	0	0		
Q	2944	4400	0	0	2943		
Q	2945	2700	0	0	0		
Q	2946	4700	0	0	0		
Q	2947	2700	0	0	2948		
Q	2948	2750	0	0	0	9538	
Q	2949	2700	0	0	2950		
Q	2950	2750	0	0	0	9588	
Q	2951	0	0	0	0		
Q	2952	2450	0	0	0	9363	
Q	2953	0	0	0	0	9363	
Q	2954	4700	0	0	0		
Q	2962	2450	0	0	0		
Q	2963	470	0	0	2946		
Q	2964	4700	0	0	0		
Q	2965	470	0	0	2966		
Q	2966	4700	0	0	0		
Q	2967	470	0	0	2968		
Q	2968	4700	0	0	0		
Q	2969	3150	0	0	0		
Q	2970	3150	0	0	0		
Q	2972	5250	0	0	0		10705,10706
Q	2973	3900	0	0	2974		
Q	2974	3900	0	0	2976		
Q	2975	2700	0	0	2980		
Q	2976	4850	0	0	0		11858,11859
Q	2977	470	0	0	2964		
Q	2978	1800	0	0	2979		
Q	2979	4050	0	0	3002		
Q	2980	3750	0	0	0		
Q	2981	900	0	2975	2975		
Q	2982	3750	0	0	0		
Q	2983	420	1522	1524	1524		
Q	2984	420	1522	1524	1524		
Q	2985	775	1528	1530	1530		
Q	2986	775	1528	1530	1530		
Q	2987	3600	0	0	0		9658,9660
Q	2988	3900	0	0	2989		
Q	2989	4400	0	0	2990		
Q	2990	2100	0	0	2991		
Q	2991	5250	0	0	2992		
Q	2992	1050	0	0	2993		
Q	2993	2100	0	0	2994		
Q	2994	7900	0	0	0		9651,9652
Q	2995	3150	0	0	0		
Q	2996	600	2996	1801	0		
Q	2997	90	2997	0	1645		
Q	2998	230	2998	0	1641		
Q	2999	90	2997	0	1645		
Q	3000	230	2997	0	1645		
Q	3001	600	2996	1801	0		
Q	3002	2100	0	0	0		
Q	3022	2100	0	0	0		
Q	3042	3900	0	0	0		
Q	3062	5900	0	0	0		9665,9666
Q	3063	3550	0	0	0		
Q	3065	40	0	0	0		
Q	3082	40	0	0	0		
Q	3083	40	0	0	0		
Q	3084	40	0	0	0		
Q	3085	40	0	0	0		
Q	3086	40	0	0	0		
Q	3087	40	0	0	0		
Q	3088	40	0	0	0		
Q	3089	40	0	0	0		
Q	3090	40	0	0	0		
Q	3091	40	0	0	0		
Q	3092	50	0	0	0		
Q	3093	50	0	0	0		
Q	3094	50	0	0	0		
Q	3095	40	0	0	0		
Q	3096	40	0	0	0		
Q	3097	40	0	0	0		
Q	3098	40	0	0	0		
Q	3099	40	0	0	0		
Q	3100	40	0	0	0		
Q	3101	40	0	0	0		
Q	3102	40	0	0	0		
Q	3103	40	0	0	0		
Q	3104	40	0	0	0		
Q	3105	40	0	0	0		
Q	3106	40	0	0	0		
Q	3107	40	0	0	0		
Q	3108	40	0	0	0		
Q	3109	40	0	0	0		
Q	3110	40	0	0	0		
Q	3112	40	0	0	0		
Q	3113	40	0	0	0		
Q	3114	40	0	0	0		
Q	3115	40	0	0	0		
Q	3116	40	0	0	0		
Q	3117	40	0	0	0		
Q	3118	40	0	0	0		
Q	3119	40	0	0	0		
Q	3120	40	0	0	0		
Q	3121	1950	0	0	3122		
Q	3122	975	0	0	0		
Q	3123	4200	0	0	3124		
Q	3124	4200	0	0	3125		
Q	3125	3900	0	0	3126		
Q	3126	4700	0	0	3127		
Q	3127	4700	-3129	0	0		
Q	3128	4700	-3129	0	0		
Q	3129	4700	0	0	0		9684,9686,9683,10652
Q	3130	360	0	0	2869		
Q	3141	600	0	0	3508		
Q	3161	4400	0	0	0		10827,10826
Q	3181	5417	0	0	3182		
Q	3182	4400	0	0	0		
Q	3201	4400	0	0	0	5396	
Q	3221	90	0	0	1359		
Q	3261	140	0	0	882		
Q	3281	1350	0	0	0		11853,2694
Q	3301	1050	0	0	0		10820,10821
Q	3321	6934	0	0	0	10418	
Q	3341	4300	0	0	0	10823,10824	
Q	3361	250	0	0	0		
Q	3362	4700	0	0	0		
Q	3363	550	0	0	0		
Q	3364	230	0	0	0		
Q	3365	450	0	0	0		
Q	3367	4400	0	0	3368		
Q	3368	4400	0	0	3371		
Q	3369	2000	0	0	0		10657,10658
Q	3370	2000	0	0	0		10657,10658
Q	3371	5650	0	0	3372		
Q	3372	5100	0	0	0		
Q	3373	2800	0	0	0	10455	
Q	3374	550	0	0	0		
Q	3375	0	0	0	0	7667	
Q	3376	675	0	0	0		10635,10636
Q	3377	470	0	0	3378		
Q	3378	5900	0	0	0		10745,10746
Q	3379	6750	0	0	3385	10461	
Q	3380	3650	0	0	3444		
Q	3382	600	0	0	0		
Q	3385	6750	0	0	3402	10462,10479	
Q	3402	6750	0	0	0	10463	
Q	3421	0	0	0	0		
Q	3441	440	0	0	0		
Q	3442	4400	0	0	3443		
Q	3443	4400	0	0	3452		
Q	3444	4700	0	0	0		
Q	3445	3650	0	0	3444		
Q	3446	4900	0	0	0		
Q	3447	6100	0	0	0	10773	
Q	3448	500	0	0	3449		
Q	3449	2650	0	0	3461		
Q	3450	0	0	0	3451		
Q	3451	0	0	0	0	10444	
Q	3452	4700	0	0	3453		
Q	3453	470	0	0	3454		
Q	3454	4700	0	0	0	10515	
Q	3461	7600	0	0	0		10707,10708
Q	3462	470	0	0	3463		
Q	3463	7600	0	0	0		10742,10743,10744
Q	3481	470	0	0	0	10569	
Q	3483	0	0	0	0	10444	
Q	3501	5650	0	0	3502	12122	
Q	3502	0	0	0	0	12122	
Q	3503	0	0	0	0		
Q	3504	2650	0	0	3505		
Q	3505	3950	0	0	3506		
Q	3506	4350	0	0	3507		
Q	3507	7300	0	0	0		10709,11120
Q	3508	3100	0	0	3509		
Q	3509	6200	0	0	3510		
Q	3510	6200	0	0	3511		
Q	3511	3100	0	0	3602		
Q	3512	4200	0	0	0		
Q	3513	2550	0	0	3514		
Q	3514	2950	0	0	0		10653,10654
Q	3517	5100	0	0	0		
Q	3518	2550	0	0	3562		
Q	3519	90	0	0	3521		
Q	3520	3750	0	0	3527		
Q	3521	360	0	0	3522		
Q	3522	450	0	0	0		10655,10656
Q	3523	290	0	0	3525		
Q	3524	675	0	0	4681		
Q	3525	4250	0	0	0	10710	
Q	3526	420	3526	0	0		
Q	3527	5250	0	0	4787		
Q	3528	7900	0	0	0		10749,10750,10751
Q	3541	2550	0	0	3563		
Q	3542	2550	0	0	3564		
Q	3561	2550	0	0	3565		
Q	3562	3800	0	0	0		
Q	3563	3800	0	0	0		
Q	3564	3800	0	0	0		
Q	3565	3800	0	0	0		
Q	3566	7600	0	0	0		10740,10741,10739
Q	3567	0	0	0	0		
Q	3568	2550	0	0	0		
Q	3569	500	0	0	0		
Q	3570	5100	0	0	0		
Q	3601	6550	0	0	0	10830	
Q	3602	7750	0	0	0		
Q	3621	4650	0	0	3625		
Q	3625	625	0	0	3626		10697,10698,10696
Q	3626	1550	0	0	3627		
Q	3627	8300	0	0	3628		
Q	3628	9950	0	0	0	10778,10779,10959	
Q	3629	420	3526	0	0		
Q	3630	420	3526	0	0		
Q	3631	0	4487	0	4490		
Q	3632	420	3526	0	0		
Q	3633	420	3526	0	0		
Q	3634	420	3526	0	0		
Q	3635	420	3526	0	0		
Q	3636	4300	0	0	0	10823,10824	
Q	3637	420	3526	0	0		
Q	3638	420	3638	0	3639		
Q	3639	3150	0	0	0	10791	
Q	3640	420	3638	0	3641		
Q	3641	3150	0	0	0	10790	
Q	3642	420	3638	0	3643		
Q	3643	3150	0	0	0	10790	
Q	3644	0	0	0	0	10791	
Q	3645	0	0	0	0	10790	
Q	3646	0	0	0	0	10791	
Q	3647	0	0	0	0	10790	
Q	3661	6000	0	0	0		
Q	3681	230	2998	0	1641		
Q	3701	5450	0	0	0	12102	
Q	3702	550	0	0	3701		
Q	3721	7100	0	0	0	10398	
Q	3741	1350	0	0	0		
Q	3761	4700	0	0	0		
Q	3762	470	936	3761	3761		
Q	3763	470	3763	3764	3764		
Q	3764	4700	0	0	0		
Q	3765	1450	0	1275	1275		
Q	3781	470	0	0	3785	11022	
Q	3782	470	0	0	3786	11022	
Q	3783	4350	0	0	977		
Q	3784	470	936	3761	3761		
Q	3785	4700	0	0	0	11887	
Q	3786	4700	0	0	0	11887	
Q	3787	1200	3797	3791	3791		
Q	3788	470	3797	3791	3791		
Q	3789	470	3763	3764	3764		
Q	3790	470	3763	3764	3764		
Q	3791	4700	0	0	0		11888,11889
Q	3792	550	0	0	0	11022	
Q	3801	500	0	0	3802		
Q	3802	5100	0	0	0	11000	
Q	3803	4700	0	0	0	11887	
Q	3804	550	0	0	0	11887	
Q	3821	5100	0	0	3822		
Q	3822	5250	0	0	0	11869	
Q	3823	5100	0	0	3824		
Q	3824	5250	0	0	3825		
Q	3825	5250	0	0	0		11867,11868
Q	3841	1050	0	0	3842		
Q	3842	2100	0	0	0		
Q	3843	4200	0	0	4297		
Q	3844	1250	0	0	3845		
Q	3845	5100	0	0	3908		
Q	3861	0	0	0	0		
Q	3881	4200	0	0	0		
Q	3882	4900	0	0	0		11908,11909
Q	3883	3050	0	0	0		
Q	3884	3550	0	0	0		
Q	3901	250	0	0	0		3274,11851,11852
Q	3902	320	0	0	0		11848,11849,11850
Q	3903	35	0	0	3904		
Q	3904	180	0	0	3905		
Q	3905	360	0	0	0		11475,2690
Q	3906	5100	0	0	3907		
Q	3907	7300	0	0	0		12113,12114,12112,12115
Q	3908	5100	0	0	3909		
Q	3909	5100	0	0	3912		
Q	3912	5100	0	0	3913		
Q	3913	2550	0	0	3914		
Q	3914	5100	0	0	3941		
Q	3921	490	0	0	3922		
Q	3922	1050	0	0	0		
Q	3923	340	0	0	3924		
Q	3924	1800	0	0	0		11855,11854
Q	3941	1250	0	0	3942		
Q	3942	5450	0	0	4084		
Q	3961	2700	0	0	3962		
Q	3962	7300	0	0	0	11905	11902,11904
Q	3981	5100	0	0	3982		
Q	3982	4350	0	0	4001		
Q	4001	550	0	0	4002		
Q	4002	0	0	0	4003		
Q	4003	8050	0	0	4004		
Q	4004	9950	0	0	0		12544,12545
Q	4005	5450	0	0	3961		
Q	4021	1950	0	0	0		
Q	4022	5450	4022	0	4024		
Q	4023	5450	4022	0	4024		
Q	4024	6200	0	0	0		12066,12082,12083
Q	4041	0	0	0	0	11243	
Q	4061	5450	0	0	4062		
Q	4062	1350	0	0	4063		
Q	4063	6200	0	0	0		12109,12110,12108,12111
Q	4081	5100	0	0	0		
Q	4082	5450	0	0	0		
Q	4083	575	0	0	0		
Q	4084	5450	0	0	4005		
Q	4101	5650	0	0	0		
Q	4102	5650	0	0	0		
Q	4103	4200	0	0	0	11516	
Q	4104	4200	0	0	0	11516	
Q	4105	4200	0	0	0	11516	
Q	4106	4200	0	0	0	11516	
Q	4107	4200	0	0	0	11516	
Q	4108	0	0	0	0	11516	
Q	4109	0	0	0	0	11516	
Q	4110	0	0	0	0	11516	
Q	4111	0	0	0	0	11516	
Q	4112	0	0	0	0	11516	
Q	4113	550	0	0	0		
Q	4114	550	0	0	0		
Q	4115	550	0	0	0		
Q	4116	550	0	0	0		
Q	4117	550	0	0	0		
Q	4118	550	0	0	0		
Q	4119	550	0	0	0		
Q	4120	5100	0	0	0		
Q	4121	7750	0	0	0		
Q	4122	6200	0	0	0		
Q	4123	5650	0	0	0		
Q	4124	360	0	0	4125		
Q	4125	2700	0	0	4127		
Q	4126	5650	0	0	0	12003	11964,12000
Q	4127	380	0	0	4129		
Q	4128	550	0	4126	4126		
Q	4129	380	0	0	4130		
Q	4130	380	0	0	4131		
Q	4131	2800	0	0	4135		
Q	4132	7750	0	0	0	12059	
Q	4133	550	0	4134	4134		
Q	4134	5650	0	0	0	3928,6149	11964,12000
Q	4135	3050	0	0	4265		
Q	4136	2650	0	0	0		11865,11963,12049
Q	4141	5100	0	0	4142		
Q	4142	3800	0	0	4143		
Q	4143	5100	0	0	0		
Q	4144	3950	0	0	0		
Q	4145	5100	0	0	4147		
Q	4146	5100	0	0	0		
Q	4147	2550	0	0	4146		
Q	4148	3950	0	0	0	11320	
Q	4161	625	0	0	0	5482,5472	
Q	4181	420	3526	0	0		
Q	4182	5450	0	0	4183		
Q	4183	4100	0	0	4184		
Q	4184	4100	0	0	4185		
Q	4185	550	0	0	4186		
Q	4186	5450	0	0	4223		
Q	4201	5450	0	0	0		11962,11866
Q	4221	550	0	0	0		
Q	4222	550	0	0	0		
Q	4223	550	0	0	4224		
Q	4224	550	0	0	4241		
Q	4241	5450	0	0	4242		
Q	4242	5450	0	0	0		12018,12021,12041
Q	4243	2650	0	0	4244		
Q	4244	3950	0	0	0		
Q	4245	6550	0	0	0		
Q	4261	7300	0	0	0		11873,11874
Q	4262	5100	0	0	4263		
Q	4263	5800	0	0	0		12113,12114,12112,12115
Q	4264	6200	0	0	4282		
Q	4265	4050	0	0	4266		
Q	4266	6050	0	0	4267		11856,11857
Q	4267	410	0	0	0		
Q	4281	2800	0	0	0		
Q	4282	6200	0	0	0		
Q	4283	5800	0	0	0		
Q	4284	5250	0	0	0		
Q	4285	3950	-4285	0	0		
Q	4286	5800	0	0	0	11883	
Q	4287	3950	-4285	0	0		
Q	4288	3950	-4285	0	0		
Q	4289	5650	0	0	0		
Q	4290	5250	0	0	4291		
Q	4291	5250	0	0	4292		
Q	4292	7300	0	0	0		11876,11882
Q	4293	5100	-4293	0	0		
Q	4294	5800	-4293	0	0		
Q	4295	0	0	0	0		
Q	4296	2350	0	0	0		
Q	4297	4200	0	0	4298		
Q	4298	440	0	0	0	11474	
Q	4300	5100	0	0	0		11862,11863,11864
Q	4301	5650	0	0	0		11906,11907
Q	4321	525	0	0	0	11482	
Q	4322	7750	0	0	6402	12065	12061,12062
Q	4324	2650	0	4136	4136		
Q	4341	5800	0	0	0		
Q	4342	1600	0	0	4361		
Q	4343	550	0	0	0		
Q	4361	6400	0	0	4362		
Q	4362	8050	0	0	4363		
Q	4363	9650	0	0	0		12548,12543
Q	4381	0	0	0	0	11562	
Q	4382	0	0	0	0	11563	
Q	4383	0	0	0	0	11564	
Q	4384	0	0	0	0	11565	
Q	4385	0	0	0	0	11566	
Q	4386	0	0	0	0	11567	
Q	4401	550	0	0	0		
Q	4402	380	0	0	0	11584	
Q	4403	550	0	0	0		
Q	4421	5450	0	0	0		
Q	4441	5450	0	0	0		
Q	4442	5450	0	0	0	11445	
Q	4443	550	0	0	0		
Q	4444	550	0	0	0		
Q	4445	550	0	0	0		
Q	4446	550	0	0	0		
Q	4447	550	0	0	0		
Q	4448	550	0	0	0		
Q	4449	3900	0	0	4450		
Q	4450	5050	0	0	0		11860,11861
Q	4451	5250	0	0	0		
Q	4461	550	0	0	0		
Q	4462	550	0	0	0		
Q	4463	0	0	0	0	11622	
Q	4464	550	0	0	0		
Q	4465	550	0	0	0		
Q	4466	550	0	0	0		
Q	4467	550	0	0	0		
Q	4481	0	0	0	0	11642	
Q	4482	0	0	0	0	11643	
Q	4483	0	0	0	0	11644	
Q	4484	0	0	0	0		11647,11648,11649,11645,11646
Q	4485	320	4485	0	0		
Q	4486	320	4485	0	0		
Q	4487	0	4487	0	4490		
Q	4488	0	4487	0	4490		
Q	4489	0	4487	0	4490		
Q	4490	300	0	0	0		
Q	4491	5650	0	0	0		11910,11911,11913
Q	4492	2800	0	0	0		
Q	4493	525	0	0	4496		
Q	4494	525	0	0	4496		
Q	4495	270	0	0	0		
Q	4496	5250	0	0	0		
Q	4501	5650	0	0	0		11918,11919
Q	4502	5650	0	0	0		
Q	4503	4900	0	0	0		11915,11916,11917
Q	4504	5450	0	0	0		
Q	4505	5400	0	0	0		
Q	4506	5450	0	0	0		
Q	4507	5450	0	0	0		
Q	4508	550	0	0	4510		
Q	4509	550	0	0	4511		
Q	4510	8150	0	0	0		11870,11871,11872
Q	4511	8150	0	0	0		11870,11871,11872
Q	4512	6350	0	0	0		
Q	4513	6800	0	0	0		12050,12051
Q	4521	5800	0	0	4741		
Q	4542	500	0	0	4841		
Q	4561	0	0	0	0	15102	
Q	4581	600	0	1011	0		
Q	4601	0	0	0	0		
Q	4602	0	0	0	0		
Q	4603	0	0	0	0	9363	
Q	4604	0	0	0	0	9363	
Q	4605	2450	0	0	0	9363	
Q	4606	0	0	0	0	9363	
Q	4621	9950	0	0	0	12185	
Q	4641	40	0	788	788		
Q	4642	7050	0	0	0		15702,15703
Q	4661	0	0	0	0	15103	
Q	4681	975	0	0	0		15398,15399,15400
Q	4701	6400	0	0	0		15824,15825,15827
Q	4721	6400	0	0	0		
Q	4722	460	0	0	0		
Q	4723	460	0	0	0		
Q	4724	6400	0	0	0		15824,15825,15827
Q	4725	550	0	0	0		
Q	4726	5100	0	0	4808		
Q	4727	550	0	0	0		
Q	4728	490	0	0	0		
Q	4729	6400	0	0	0	12264	
Q	4730	575	0	0	0		
Q	4731	750	0	0	0		
Q	4732	725	0	0	0		
Q	4733	725	0	0	0		
Q	4734	8300	0	0	0	12144	
Q	4735	9950	0	0	0		
Q	4736	625	4737	1796	1796		
Q	4737	625	4737	1796	1796		
Q	4738	625	4737	1796	1796		
Q	4739	625	4737	1796	1796		
Q	4740	1700	0	0	0		5315,15403,15404
Q	4741	6200	0	0	4721		
Q	4742	8300	0	0	4743		
Q	4743	9950	0	0	0	12344	
Q	4761	110	0	0	4762		
Q	4762	800	0	0	0		
Q	4763	1700	0	0	0		15204,15202,15203
Q	4764	1650	0	0	4765		
Q	4765	6600	0	0	0		15861,15860
Q	4766	650	0	4764	4764		
Q	4767	1750	0	0	0	4265	
Q	4768	8300	0	0	0		15861,15860
Q	4769	650	0	4768	4768		
Q	4770	2350	0	0	0		
Q	4771	9950	0	0	0		15853,15854
Q	4781	2000	0	0	4782		
Q	4782	1350	0	0	4783		
Q	4783	2850	0	0	4784		
Q	4784	2100	0	0	4786		
Q	4785	0	0	0	0	12293	
Q	4786	3550	0	0	0	6900	
Q	4787	5900	0	0	3528		
Q	4788	7750	0	0	0		
Q	4801	0	0	0	0	12450	
Q	4802	0	0	0	0	12451	
Q	4803	0	0	0	0	12455	
Q	4804	0	0	0	0	12457	
Q	4805	0	0	0	0	12459	
Q	4806	0	0	0	0	12460	
Q	4807	0	0	0	0	12458	
Q	4808	2700	0	0	4809		
Q	4809	5450	0	0	4810		
Q	4810	2700	0	0	0		15862,15863
Q	4811	490	0	0	4812		
Q	4812	490	0	0	4813		
Q	4813	975	0	0	0		15335,15396,15397
Q	4821	2100	0	0	0		
Q	4822	650	-4822	0	0		
Q	4841	2000	0	0	5064		
Q	4842	5800	0	0	0	15789	
Q	4861	3200	0	0	4863		
Q	4862	6400	0	0	0	12529	
Q	4863	3200	0	0	4864		
Q	4864	6400	0	0	0		
Q	4865	1050	0	0	5062		
Q	4866	9950	0	0	0	15873	
Q	4867	9950	0	0	0	15867	
Q	4881	2300	0	0	4966		
Q	4882	3200	0	0	4883		
Q	4883	6400	0	0	0		15796,15797
Q	4901	4800	0	0	0		
Q	4902	6000	0	0	0		16622,16623
Q	4903	8550	0	0	4941		13958,13959,13961,13962,13963
Q	4904	2350	0	0	0		15469,15468
Q	4906	5450	0	0	0	11875	
Q	4907	650	0	4734	4734		
Q	4921	1150	0	0	0		
Q	4941	6600	0	0	4974		
Q	4961	2350	0	0	4976	12642	
Q	4962	2350	4962	0	0		
Q	4963	2350	4962	0	0		
Q	4964	3900	4964	0	0		15108,15106
Q	4965	1350	4965	1799	1799		
Q	4966	2300	0	0	0		15461,15462,15463
Q	4967	1350	4965	1799	1799		
Q	4968	1350	4965	1799	1799		
Q	4969	1350	4965	1799	1799		
Q	4970	0	0	0	0		
Q	4971	5800	0	0	0		15812,15813
Q	4972	5800	0	0	0	12650	
Q	4973	575	0	0	0	12650	
Q	4974	10900	0	0	0		13966,13968,13965
Q	4975	3900	4964	0	0		15107,15105
Q	4976	1550	0	0	0		
Q	4981	6400	0	0	4982		
Q	4982	6400	0	0	4983		
Q	4983	6400	0	0	0		15858,15859
Q	4984	4100	0	0	4985		
Q	4985	4350	0	0	0		
Q	4986	5800	0	0	0	15804	
Q	4987	5800	0	0	0	15804	
Q	5001	6400	0	0	5002		
Q	5002	6400	0	0	5081		
Q	5021	2550	0	0	0		
Q	5022	2550	0	0	5048		
Q	5023	2550	0	0	5049		
Q	5041	975	0	0	0		
Q	5042	0	0	0	0		
Q	5043	0	0	0	0		
Q	5044	0	0	0	0		
Q	5045	0	0	0	0		
Q	5046	0	0	0	0		
Q	5047	7050	0	0	0		
Q	5048	5100	0	0	5050		
Q	5049	5100	0	0	5050		
Q	5050	2550	0	0	5051		
Q	5051	5450	0	0	0	13473	
Q	5052	1250	0	0	0		
Q	5054	5800	0	0	5055		
Q	5055	6200	0	0	5056		
Q	5056	8300	0	0	0		15783,15782
Q	5057	3300	0	0	0	15704	
Q	5058	0	0	0	0		
Q	5059	0	0	0	0		
Q	5060	7050	0	0	0	13474,13475	
Q	5061	1150	0	0	0	16608	
Q	5062	2200	0	0	0		
Q	5063	0	0	0	0	12752	
Q	5064	2300	0	0	0		15457,15458,15459
Q	5065	7750	0	0	4788		
Q	5066	470	5066	5092	5092		
Q	5067	0	0	0	0	12756	
Q	5068	0	0	0	0	12757	
Q	5081	8550	0	0	0		13958,13959,13961,13962,13963
Q	5082	5800	0	0	0		
Q	5083	2900	0	0	5084		
Q	5084	4350	0	0	5085		
Q	5085	4350	0	0	5086		
Q	5086	4134	0	0	5087		
Q	5087	6000	0	0	5121		
Q	5088	2300	0	0	0		15464,15465,15466
Q	5089	6850	0	0	5102		
Q	5090	470	5066	5092	5092		
Q	5091	470	5066	5092	5092		
Q	5092	5100	0	0	0		
Q	5093	470	5093	5096	5096		
Q	5094	470	5093	5096	5096		
Q	5095	470	5093	5096	5096		
Q	5096	5250	0	0	0		
Q	5097	5800	0	0	0		
Q	5098	5800	0	0	0		
Q	5102	9950	0	0	0		13966,13968,13965
Q	5103	6500	0	0	5124		
Q	5121	6400	0	0	0		15784,15786,15787
Q	5122	0	0	0	0		
Q	5123	3200	0	0	0		
Q	5124	8300	0	0	0	12699,12631	
Q	5125	8850	0	0	0		17044,17045
Q	5126	650	0	0	0		
Q	5127	8300	0	0	0	12696,9224,12849	
Q	5128	6400	0	0	0		
Q	5141	4200	5141	0	0		
Q	5142	2800	5142	0	5149		
Q	5143	4200	5141	0	0		
Q	5144	4200	5141	0	0		
Q	5145	4200	5145	0	0		
Q	5146	4200	5145	0	0		
Q	5147	2350	0	0	0		15471,15470
Q	5148	4200	5145	0	0		
Q	5149	2800	0	0	0		
Q	5150	0	0	0	0	15699	
Q	5151	3050	0	0	0	15467	
Q	5152	2900	0	0	5153		
Q	5153	4350	0	0	5154		
Q	5154	5800	0	0	0		
Q	5155	4900	0	0	5157		
Q	5156	6800	0	0	0		
Q	5157	3800	0	0	5158		
Q	5158	2550	0	0	0		
Q	5159	2700	0	0	5165		
Q	5160	6600	0	0	5161		
Q	5161	650	0	0	5162		
Q	5162	7050	0	0	5164		
Q	5163	7750	0	0	0	15778	
Q	5164	700	0	0	0		
Q	5165	5650	0	0	0		
Q	5166	9950	0	0	0	12895	
Q	5167	9950	0	0	0		12903,12945
Q	5168	5800	-5181	0	0		
Q	5181	6000	-5181	0	0		
Q	5201	0	0	0	0		
Q	5202	5650	0	0	0		
Q	5203	5650	0	0	5204		
Q	5204	4500	0	0	5385	13562	
Q	5206	6600	0	0	5941		
Q	5210	2900	0	0	5181		
Q	5211	5650	0	0	0		
Q	5212	6600	0	0	5213		
Q	5213	6850	0	0	0		13209,19812
Q	5214	8550	0	0	0	13171	
Q	5215	525	0	0	5216		
Q	5216	5250	0	0	5217		
Q	5217	2650	0	0	5219		
Q	5218	525	0	0	0		
Q	5219	5650	0	0	5220		
Q	5220	2800	0	0	5222		
Q	5221	550	0	0	0		
Q	5222	5650	0	0	5223		
Q	5223	5800	0	0	5225		
Q	5224	550	0	0	0		
Q	5225	6200	0	0	5226		
Q	5226	3100	0	0	0		
Q	5227	625	0	0	0		
Q	5228	525	0	0	5229		
Q	5229	5250	0	0	5230		
Q	5230	2650	0	0	5231		
Q	5231	5650	0	0	5232		
Q	5232	2800	0	0	5233		
Q	5233	5650	0	0	5234		
Q	5234	2800	0	0	5235		
Q	5235	6200	0	0	5236		
Q	5236	3100	0	0	0		
Q	5237	9300	5237	0	0	15799	15801,15800
Q	5238	9300	5237	0	0	15799	15801,15800
Q	5241	2900	0	0	5211		
Q	5242	9300	0	0	0		15707,15708,15709
Q	5243	6600	0	0	0	3928,6149	13216,13217
Q	5244	575	0	0	5245		
Q	5245	5800	0	0	5246		
Q	5246	5800	0	0	5247		
Q	5247	6000	0	0	0		
Q	5248	4650	0	0	5252		
Q	5249	575	5249	5244	5244		
Q	5250	850	5249	5244	5244		
Q	5251	8300	0	0	0		
Q	5252	4650	0	0	5253		
Q	5253	6200	0	0	0		15791,15792,15795
Q	5261	85	0	0	33		
Q	5262	8300	0	0	5263		
Q	5263	8300	0	0	0		
Q	5264	6600	0	0	5265		
Q	5265	9950	0	0	0		13246,13243,13249
Q	5281	6850	0	0	5282		
Q	5282	8850	0	0	0	13315	
Q	5283	3150	5283	0	0		
Q	5284	3150	5283	0	0		
Q	5301	3150	5301	0	0		
Q	5302	3150	5301	0	0		
Q	5305	8300	0	0	0	12824	
Q	5306	8550	0	0	0	12821	
Q	5307	8550	0	0	0	12825	
Q	5321	1550	0	0	0		15205,15206,15207
Q	5341	6600	0	0	5342		
Q	5342	8800	0	0	0	14022	
Q	5343	6600	0	0	5344		
Q	5344	8800	0	0	0	14023	
Q	5361	2050	0	0	0		
Q	5381	2850	0	0	5581		
Q	5382	6600	0	0	5515		
Q	5384	8300	0	0	0	13544	15805,15806
Q	5385	7550	0	0	0		15706,15705
Q	5386	2100	0	0	0		3858,4304,4338
Q	5401	550	5401	0	0	12846	
Q	5402	550	0	0	0	12844	
Q	5403	550	0	0	0	12844	
Q	5404	550	0	0	0	12844	
Q	5405	550	5401	0	0	12846	
Q	5406	550	0	0	0	12844	
Q	5407	550	0	0	0	12844	
Q	5408	550	0	0	0	12844	
Q	5421	0	0	0	0	13546	
Q	5441	450	0	0	6394		
Q	5461	6600	0	0	5462		
Q	5462	4950	0	0	5463		
Q	5463	6600	0	0	5464		
Q	5464	8800	0	0	5465		
Q	5465	5300	0	0	5466		
Q	5466	9950	0	0	0	14002	13982,13986,13984
Q	5481	230	0	0	5482		
Q	5482	550	0	0	0		
Q	5501	2250	0	0	0	15690	
Q	5502	1650	0	0	0		23007,23015,23002,23022
Q	5503	550	5401	0	0	12846	
Q	5504	6600	5504	0	0		
Q	5505	9950	0	0	0	13704	
Q	5507	6600	5504	0	0		
Q	5508	550	0	0	0	12844	
Q	5509	550	0	0	0	12844	
Q	5510	550	0	0	0	12844	
Q	5511	9950	0	0	0	13704	
Q	5513	6600	5504	0	0		
Q	5514	600	0	0	5802		
Q	5515	6600	0	0	5384		
Q	5517	8300	5517	0	0	18182	
Q	5518	6600	0	0	0	18258	
Q	5519	0	0	0	0	18258	
Q	5521	8300	5517	0	0	18182	
Q	5522	4950	0	0	5531		
Q	5524	8300	5517	0	0	18182	
Q	5525	6600	0	0	0		
Q	5526	8300	0	0	0		18535,18536
Q	5527	6600	0	0	5526		
Q	5528	0	0	0	0	18269,18284	
Q	5529	6200	0	0	0		
Q	5531	1650	0	0	4771		
Q	5533	550	0	0	5537		
Q	5534	6550	0	0	0		
Q	5535	4200	0	0	0		
Q	5536	4200	0	0	0		
Q	5537	4500	0	0	5538		
Q	5538	600	0	0	5801		
Q	5541	550	0	0	0		
Q	5542	5800	-5542	0	5742		
Q	5543	5800	-5542	0	5742		
Q	5544	5800	-5542	0	5742		
Q	5545	775	0	0	0		
Q	5561	2000	0	0	0		15697,15698
Q	5581	3550	0	0	0		16794,16873
Q	5582	0	0	0	0		
Q	5601	550	5142	0	5149		
Q	5621	270	0	0	0	16604	
Q	5622	90	0	0	5621		
Q	5623	90	0	0	5624		
Q	5624	270	0	0	0	16605	
Q	5625	270	0	0	0	16605	
Q	5626	90	0	0	5625		
Q	5627	0	0	0	0		
Q	5628	210	5631	0	5627		
Q	5629	210	5631	0	5627		
Q	5630	210	5631	0	5627		
Q	5631	210	5631	0	5627		
Q	5632	210	5631	0	5627		
Q	5633	210	5631	0	5627		
Q	5634	0	5634	0	0		
Q	5635	210	5634	0	0		
Q	5636	210	5634	0	0		
Q	5637	210	5634	0	0		
Q	5638	0	5634	0	0		
Q	5639	210	5634	0	0		
Q	5641	0	5641	0	0		
Q	5642	390	5642	0	0		
Q	5643	390	5642	0	0		
Q	5644	390	5644	0	0		
Q	5645	390	5641	0	0		
Q	5646	390	5644	0	0		
Q	5647	390	5641	0	0		
Q	5648	270	0	0	0	16606	
Q	5649	90	0	0	5648		
Q	5650	270	0	0	0	16607	
Q	5651	90	0	0	5650		
Q	5652	0	5652	0	0		
Q	5654	210	5652	0	0		
Q	5655	210	5652	0	0		
Q	5656	210	5652	0	0		
Q	5657	210	5652	0	0		
Q	5658	0	5658	0	0		
Q	5660	210	5658	0	0		
Q	5661	210	5658	0	0		
Q	5662	210	5658	0	0		
Q	5663	210	5658	0	0		
Q	5672	0	5672	0	0		
Q	5673	390	5672	0	0		
Q	5674	390	5672	0	0		
Q	5675	390	5672	0	0		
Q	5676	390	5676	0	0		
Q	5677	390	5676	0	0		
Q	5679	0	5644	0	0		
Q	5680	0	5642	0	0		
Q	5713	1050	0	0	0		
Q	5721	8300	0	0	5942	15723	
Q	5722	875	0	0	5724		
Q	5723	850	0	0	0		
Q	5724	1450	0	0	0		15452,15453
Q	5725	1450	0	0	0		15449,15450,15451
Q	5726	900	0	0	5727		
Q	5727	460	0	0	5728		
Q	5728	1150	0	0	5729		
Q	5729	110	0	0	5730		
Q	5730	1450	0	0	0		15443,15445,15424,15444
Q	5741	2650	0	0	6027		
Q	5742	575	0	0	5781		
Q	5761	1150	0	0	0		
Q	5762	1250	0	0	0		
Q	5763	1250	0	0	0		
Q	5781	6000	0	0	5845		
Q	5801	4500	0	0	5803		
Q	5802	4500	0	0	5804		
Q	5803	4950	0	0	0		
Q	5804	4950	0	0	0		
Q	5805	0	0	0	0		13584,13583,13582
Q	5821	2750	0	0	0	15689	
Q	5841	0	0	0	0		13584,13583,13582
Q	5842	0	0	0	0		13584,13583,13582
Q	5843	0	0	0	0		13584,13583,13582
Q	5844	0	0	0	0		13584,13583,13582
Q	5845	6200	0	0	5846		
Q	5846	6200	0	0	5848		
Q	5847	0	0	0	0		13584,13583,13582
Q	5848	6600	0	0	5861		
Q	5861	4950	0	0	5862		
Q	5862	6600	0	0	0		
Q	5863	4550	0	0	0		16738,16739
Q	5881	1150	0	0	0		
Q	5882	4200	0	0	0	11516	
Q	5883	4200	0	0	0	11516	
Q	5884	4200	0	0	0	11516	
Q	5885	4200	0	0	0	11516	
Q	5886	4200	0	0	0	11516	
Q	5887	0	0	0	0	11516	
Q	5888	0	0	0	0	11516	
Q	5889	0	0	0	0	11516	
Q	5890	0	0	0	0	11516	
Q	5891	0	0	0	0	11516	
Q	5892	0	0	0	0		
Q	5893	0	0	0	0		
Q	5901	5650	0	0	5902		
Q	5902	2800	0	0	6390		
Q	5903	5650	0	0	5904		
Q	5904	2800	0	0	6389		
Q	5921	210	0	0	5929		
Q	5922	210	0	0	5930		
Q	5923	85	5923	0	5921		
Q	5924	85	5923	0	5921		
Q	5925	85	5923	0	5921		
Q	5926	85	5926	0	5922		
Q	5927	85	5926	0	5922		
Q	5928	85	5926	0	5922		
Q	5929	420	0	0	5931		
Q	5930	420	0	0	5932		
Q	5931	85	0	0	6001		
Q	5932	85	0	0	6002		
Q	5941	3300	0	0	5721		
Q	5942	9950	0	0	0	15855,15856,15857	
Q	5943	2850	0	0	0		15691,15692,15695
Q	5944	10900	0	0	0		15411,15413,15418,15421,16058
Q	5961	1450	0	0	0		
Q	5981	0	0	0	0		
Q	6001	850	0	0	0		
Q	6002	850	0	0	0		
Q	6004	5800	0	0	6023		
Q	6021	4200	0	0	0		
Q	6022	6200	0	0	0		
Q	6023	6000	0	0	6025		
Q	6024	6600	0	0	0	15814,15815	
Q	6025	6200	0	0	0		
Q	6026	6200	0	0	6041		
Q	6027	3550	0	0	0		16791,16793
Q	6028	2550	0	0	0		
Q	6029	2550	0	0	0		
Q	6030	2550	0	0	0		
Q	6031	5650	0	0	0		15822,15823
Q	6032	5650	0	0	0		
Q	6041	6200	0	0	0	5951,17523	16992,16993
Q	6042	6200	0	0	0		
Q	6061	850	0	0	6087		
Q	6062	850	0	0	6083		
Q	6063	850	0	0	6101		
Q	6064	850	0	0	6084		
Q	6065	85	6065	0	6061		
Q	6066	85	6065	0	6061		
Q	6067	85	6065	0	6061		
Q	6068	85	6068	0	6062		
Q	6069	85	6068	0	6062		
Q	6070	85	6068	0	6062		
Q	6071	85	6071	0	6063		
Q	6072	85	6071	0	6063		
Q	6073	85	6071	0	6063		
Q	6074	85	6074	0	6064		
Q	6075	85	6074	0	6064		
Q	6076	85	6074	0	6064		
Q	6081	420	0	0	0		
Q	6082	850	0	0	6081		
Q	6083	850	0	0	6082		
Q	6084	850	0	0	6085		
Q	6085	850	0	0	6086		
Q	6086	420	0	0	0		
Q	6087	850	0	0	6088		
Q	6088	850	0	0	6089		
Q	6089	420	0	0	0		
Q	6101	850	0	0	6102		
Q	6102	850	0	0	6103		
Q	6103	420	0	0	0		
Q	6121	100	0	0	6122		
Q	6122	750	0	0	6123		
Q	6123	750	0	0	6124		
Q	6124	750	0	0	6125	15866	
Q	6125	975	0	0	0		
Q	6126	100	0	0	6127		
Q	6127	750	0	0	6128		
Q	6128	750	0	0	6129		
Q	6129	750	0	0	6130	15866	
Q	6130	975	0	0	0		
Q	6132	2250	0	0	0		
Q	6133	6600	0	0	0		
Q	6134	2250	0	0	0		15864,15865
Q	6135	6600	0	0	0		16994,16995
Q	6136	6600	0	0	0		17002,17003,17004
Q	6141	300	0	261	261		
Q	6142	2750	0	0	0		15585,15587,15588
Q	6143	2800	0	0	0		
Q	6144	675	0	0	6145		
Q	6145	6600	0	0	6146		
Q	6146	6850	0	0	6147		
Q	6147	3400	0	0	6148		
Q	6148	8300	0	0	0		16996,16997,16998
Q	6161	2800	0	0	0	16788,16789	
Q	6162	4900	0	0	0		
Q	6163	6600	0	0	0		18022,17001
Q	6164	1400	0	0	0		
Q	6181	210	0	0	6281		
Q	6182	650	0	0	6183		
Q	6183	660	0	0	6184		
Q	6184	4950	0	0	6185		
Q	6185	8300	0	0	6186		
Q	6186	6600	0	0	6187		
Q	6187	9950	0	0	0		16996,16997,16998
Q	6261	210	0	0	6285		
Q	6281	420	0	0	6261		
Q	6282	2100	0	0	6283		
Q	6283	2100	0	0	0		16990,16987
Q	6284	1650	0	0	0		16891,16894
Q	6285	1050	0	0	0		
Q	6301	1400	0	0	0		
Q	6321	210	0	0	6323		
Q	6322	210	0	0	6324		
Q	6323	420	0	0	6322		
Q	6324	1050	0	0	0		
Q	6341	210	0	0	6342		
Q	6342	420	0	0	6343		
Q	6343	1050	0	0	0		
Q	6344	210	0	0	6341		
Q	6361	210	0	0	6362		
Q	6362	420	0	0	6363		
Q	6363	210	0	0	6364		
Q	6364	1050	0	0	0		
Q	6365	210	0	0	6384		
Q	6381	2000	0	0	0		16985,16986
Q	6382	390	235	6383	0		
Q	6383	0	0	0	0		
Q	6384	420	0	0	6385		
Q	6385	210	0	0	6386		
Q	6386	1050	0	0	0		
Q	6387	210	0	0	6391		
Q	6388	210	0	0	6392		
Q	6389	5650	0	0	0		
Q	6390	5650	0	0	0		
Q	6391	420	0	0	6388		
Q	6392	1050	0	0	0		
Q	6393	2000	0	0	0		
Q	6394	450	0	0	0		
Q	6395	450	0	0	0		
Q	6401	1000	0	0	0		
Q	6402	650	0	0	6403		
Q	6403	9950	0	0	6501		
Q	6421	1350	0	0	0		
Q	6441	2100	0	0	0		
Q	6442	1450	0	0	0		
Q	6461	1450	0	0	0		
Q	6462	1950	0	0	0		
Q	6481	1550	0	0	0		16981,1306
Q	6482	2400	0	0	0		
Q	6501	6600	0	0	6502		
Q	6502	9050	0	0	0	16309	
Q	6503	1950	0	0	0		
Q	6504	3650	0	0	0		16740,16741
Q	6521	5250	0	0	0		17039,17042,17043
Q	6522	3500	0	0	6521		
Q	6523	1350	0	0	6401		
Q	6541	150	6541	0	6543		
Q	6542	150	6541	0	6543		
Q	6543	1800	0	0	0		
Q	6544	2400	0	0	0		16889,16890
Q	6545	0	0	0	0	16763	
Q	6546	0	0	0	0	16765	
Q	6547	0	0	0	0	16764	
Q	6548	1350	0	0	6629		
Q	6561	1700	0	0	0		7001,7002
Q	6562	440	0	0	6563		
Q	6563	1750	0	0	0		
Q	6564	1750	0	0	6565		
Q	6565	2650	0	0	0		17694,17695
Q	6566	650	0	0	6567		
Q	6567	3650	0	0	6568		
Q	6568	4950	0	0	6569		
Q	6569	6600	0	0	6570		
Q	6570	4950	0	0	0		
Q	6571	2750	0	0	0		16975,16977,16978
Q	6581	0	0	0	0	16742	
Q	6582	6600	-6582	0	0		
Q	6583	7250	-6582	0	0		
Q	6584	6600	-6582	0	0		
Q	6585	6600	0	0	6601		
Q	6601	5450	0	0	6602		
Q	6602	9950	0	0	0	16309	
Q	6603	575	0	5082	5082		
Q	6604	650	0	4861	4861		
Q	6605	650	0	4505	4505		
Q	6606	650	0	0	969		
Q	6607	3900	0	0	0		
Q	6608	975	0	0	0		
Q	6609	975	0	6607	0		
Q	6610	3900	0	0	0	16971	
Q	6611	975	0	6610	6610		
Q	6612	975	0	6610	6610		
Q	6621	2650	0	0	0		17005,17006
Q	6622	3900	0	0	0		
Q	6623	975	0	6622	6622		
Q	6624	3900	0	0	0		
Q	6625	975	0	6624	6624		
Q	6626	3450	0	0	0		
Q	6627	250	0	0	1159		
Q	6628	250	0	0	1394		
Q	6629	1350	0	0	0		
Q	6641	2300	0	0	0	17692	
Q	6642	0	0	0	0		
Q	6643	0	0	0	0		
Q	6644	0	0	0	0		
Q	6645	0	0	0	0		
Q	6646	0	0	0	0		
Q	6661	900	0	0	0		
Q	6662	90	0	0	0	17119	
Q	6681	1950	0	0	0		
Q	6701	0	0	0	0		
Q	6721	85	6071	0	6063		
Q	6722	85	6071	0	6063		
Q	6741	0	0	0	0		
Q	6761	550	0	0	6762		
Q	6762	1400	0	0	1124		
Q	6781	0	0	0	0		
Q	6801	0	0	0	0		
Q	6804	4350	-6804	0	0		
Q	6805	6000	-6804	0	0		
Q	6821	8300	0	0	6822		
Q	6822	9950	0	0	6823		
Q	6823	9950	0	0	6824		
Q	6824	9950	0	0	0		
Q	6825	0	0	0	0		
Q	6826	0	0	0	0		
Q	6827	0	0	0	0		
Q	6844	3000	0	0	6845		
Q	6845	7550	0	0	0		18400,18402
Q	6846	0	0	0	0		
Q	6847	0	0	0	0		
Q	6848	0	0	0	0		
Q	6861	0	0	0	0	17384	
Q	6862	0	0	0	0	17410	
Q	6881	0	0	0	0		
Q	6901	0	0	0	0		
Q	6921	2750	0	0	0		
Q	6922	3050	0	0	0		16886,16887
Q	6941	0	0	0	0		
Q	6942	0	0	0	0		
Q	6943	0	0	0	0		
Q	6961	650	0	0	0		
Q	6962	1650	0	0	0	17727	
Q	6963	1650	0	0	6983		
Q	6964	650	0	0	7061		
Q	6981	2650	0	0	0		
Q	6982	0	0	0	0		
Q	6983	3300	0	0	6984		
Q	6984	4950	0	0	0	17726	
Q	6985	0	0	0	0		
Q	7001	0	0	0	0		
Q	7002	0	0	0	0		
Q	7003	4400	0	0	0	19040	
Q	7021	650	7021	0	0		
Q	7022	650	7022	0	0		
Q	7023	650	7022	0	0		
Q	7024	650	7021	0	0		
Q	7025	1650	0	0	0	17727	
Q	7026	0	0	0	0		
Q	7027	0	0	0	0		
Q	7028	5250	0	0	0		17775,17776,17777,17779
Q	7029	5250	0	0	0		17768,17778,17770
Q	7041	5250	0	0	0		17768,17778,17770
Q	7042	1650	0	0	7043		
Q	7043	3300	0	0	7045		
Q	7044	3400	0	0	0		
Q	7045	4950	0	0	0	17726	
Q	7046	5700	0	0	0	17191	
Q	7061	650	0	0	0		
Q	7062	650	0	0	7063		
Q	7063	650	0	0	0		
Q	7064	6100	0	0	0		17705,17743,17753
Q	7065	6100	0	0	0		17705,17743,17753
Q	7066	6100	0	0	0		
Q	7067	5450	0	0	0	17774	
Q	7068	3450	0	0	0		17772,17773
Q	7070	3450	0	0	0		17772,17773
Q	7081	6600	0	0	0		
Q	7082	6600	0	0	0		
Q	7101	6600	0	0	0		
Q	7102	6600	0	0	0		
Q	7121	650	0	0	0		
Q	7122	6600	0	0	0		
Q	7123	650	0	0	0		
Q	7124	6600	0	0	0		
Q	7141	9950	0	0	0		
Q	7142	9950	0	0	0		
Q	7161	6600	0	0	0	17690,19483	
Q	7162	6600	0	0	0	17691,19484	
Q	7163	6600	0	0	0	17905	
Q	7164	6600	0	0	0	17906	
Q	7165	8300	0	0	0	17907	
Q	7166	9950	0	0	0	17908	
Q	7167	9950	0	0	0	17909	
Q	7168	6600	0	0	0	17900	
Q	7169	6600	0	0	0	17901	
Q	7170	8300	0	0	0	17902	
Q	7171	9950	0	0	0	17903	
Q	7172	9950	0	0	0	17904	
Q	7181	14300	0	0	0	18149	19107,19106,19108
Q	7201	5450	0	0	0	12038	
Q	7202	14300	0	0	0	18150	19107,19106,19108
Q	7221	9500	0	0	7141		
Q	7222	9500	0	0	7142		
Q	7223	6600	0	0	0		
Q	7224	6600	0	0	0		
Q	7241	6600	0	0	0		
Q	7261	6600	0	0	0		
Q	7281	6600	0	0	0		
Q	7282	6600	0	0	0		
Q	7301	6600	0	0	0		
Q	7302	6600	0	0	0		
Q	7321	2500	0	0	0	3737,3729	
Q	7341	0	0	0	0	18042	
Q	7342	0	0	0	0	18042	
Q	7361	9550	0	0	0		
Q	7362	9550	0	0	0		
Q	7363	9550	0	0	0		
Q	7364	9550	0	0	0		
Q	7365	9550	0	0	0		
Q	7366	9550	0	0	0		
Q	7367	9550	0	0	0		
Q	7368	9550	0	0	0		
Q	7381	0	0	0	0	18149	
Q	7382	0	0	0	0	18150	
Q	7383	650	0	0	935		
Q	7385	0	0	0	0		
Q	7386	0	0	0	0		
Q	7401	9550	0	0	0		
Q	7402	9550	0	0	0		
Q	7421	0	0	0	0		
Q	7422	0	0	0	0		
Q	7423	0	0	0	0		
Q	7424	0	0	0	0		
Q	7425	0	0	0	0		
Q	7426	0	0	0	0		
Q	7427	0	0	0	0		
Q	7428	0	0	0	0		
Q	7429	0	0	0	0		
Q	7441	7750	0	0	0		18411,18410
Q	7461	10250	0	0	7877		
Q	7462	675	0	0	0		18420,18421,18424
Q	7463	6600	0	0	0		
Q	7481	8550	0	0	0		
Q	7482	8550	0	0	0		
Q	7483	0	0	0	0	18329	
Q	7484	0	0	0	0	18330	
Q	7485	0	0	0	0	18331	
Q	7486	9950	0	0	0		18399,18398
Q	7488	7550	0	0	0	18491	
Q	7489	7550	0	0	0	18491	
Q	7490	13250	0	0	7491		
Q	7491	9950	0	0	0		18406,18403,18404
Q	7492	1500	0	7489	7489		
Q	7493	0	0	0	0		
Q	7494	1500	0	7488	7488		
Q	7495	9950	0	0	7496		
Q	7496	9950	0	0	0		18406,18403,18404
Q	7497	0	0	0	0		
Q	7498	7050	0	0	0	18465	
Q	7499	7050	0	0	0	18466	
Q	7500	7050	0	0	0	18468	
Q	7501	7050	0	0	0	18472	
Q	7502	7050	0	0	0	18467	
Q	7503	7050	0	0	0	18473	
Q	7504	7050	0	0	0	18469	
Q	7505	7050	0	0	0	18471	
Q	7506	7050	0	0	0	18470	
Q	7507	7050	0	0	0		
Q	7508	7050	0	0	7509		
Q	7509	9950	0	0	0	18348	
Q	7541	1550	0	0	0		18585,18586
Q	7562	625	0	0	7563		
Q	7563	7750	0	0	7564		
Q	7564	3100	-7564	0	0		
Q	7581	6600	-7581	0	7583		
Q	7582	6600	-7581	0	7583		
Q	7583	6600	0	0	0	18602	
Q	7601	0	0	0	7602		
Q	7602	5650	0	0	7603		
Q	7603	7050	0	0	0	18762	
Q	7604	0	0	0	0	18592	
Q	7621	0	0	0	0		
Q	7622	9950	0	0	0	18659	
Q	7623	6200	0	0	7624		
Q	7624	6200	0	0	7625		
Q	7625	6600	-7564	0	0		
Q	7626	6600	-7626	0	0		
Q	7627	6600	-7626	0	0		
Q	7628	6600	-7626	0	0		
Q	7629	6600	-7629	0	0		
Q	7630	6600	-7629	0	0		
Q	7631	7050	0	0	0		
Q	7632	9950	0	0	0		
Q	7633	0	0	0	0		
Q	7634	10900	0	0	0	18714	
Q	7635	9950	0	0	0	18724	
Q	7636	9950	0	0	0	18707	
Q	7637	650	0	0	7639		
Q	7638	650	7638	0	0		
Q	7639	650	0	0	7640		
Q	7640	6600	0	0	0		
Q	7641	650	0	0	7642		
Q	7642	1650	0	0	0		
Q	7643	4950	0	0	7644		
Q	7644	0	0	0	7646		
Q	7645	650	0	0	0	18775	
Q	7646	3300	0	0	7647		
Q	7647	9950	0	0	0		
Q	7648	6600	0	0	0		
Q	7649	6500	0	0	0	12727	
Q	7650	14500	0	0	0	12726	
Q	7651	14500	0	0	0	12725	
Q	7652	0	0	0	0		
Q	7653	0	0	0	0	12688	
Q	7654	0	0	0	0	12700	
Q	7655	0	0	0	0	12690	
Q	7656	0	0	0	0	12705	
Q	7657	0	0	0	0	12701	
Q	7658	0	0	0	0	12715	
Q	7659	0	0	0	0	12687	
Q	7660	0	0	0	0		18796,18798,18797
Q	7661	0	0	0	0		18796,18798,18797
Q	7662	0	0	0	0		18794,18795,18793
Q	7663	0	0	0	0		18794,18795,18793
Q	7664	0	0	0	0		18788,18789,18790
Q	7665	0	0	0	0		18788,18789,18790
Q	7666	0	0	0	0	18746	
Q	7667	4950	0	0	8258		
Q	7671	0	0	0	0		18902,18766,18767
Q	7672	0	0	0	0		18902,18766,18767
Q	7673	0	0	0	0		18786,18787,18785
Q	7674	0	0	0	0		18786,18787,18785
Q	7675	0	0	0	0		18772,18773,18774
Q	7676	0	0	0	0		18772,18773,18774
Q	7677	0	0	0	0		18777,18776,18778
Q	7678	0	0	0	0		18777,18776,18778
Q	7701	4700	0	0	0		19128,19127
Q	7703	8300	0	0	0		18366,18367,18368,18369
Q	7704	4700	0	0	0	18951	
Q	7721	4400	0	0	0	19039	
Q	7722	4700	0	0	0		
Q	7723	4550	0	0	0	19126	
Q	7724	4550	0	0	0	19125	
Q	7725	550	0	0	0		
Q	7726	550	0	0	0		
Q	7727	4550	0	0	0	19141	
Q	7728	4400	0	0	0		19124,19123
Q	7729	4400	0	0	0		
Q	7730	3900	-7730	0	0		
Q	7731	4200	-7730	0	0		
Q	7732	4400	0	0	0		19038,19037
Q	7733	4400	0	0	0	19041	
Q	7734	4400	0	0	0	19042	
Q	7735	2200	0	0	0		
Q	7736	0	0	0	0		
Q	7737	0	0	0	0		
Q	7738	2200	0	0	0		
Q	7761	6600	0	0	0		
Q	7781	9950	0	0	7782		
Q	7782	9950	0	0	0		19383,19366,19384
Q	7783	9950	0	0	7784		
Q	7784	9950	0	0	0		19383,19366,19384
Q	7785	0	0	0	7786		
Q	7786	10900	0	0	0		
Q	7787	10900	0	0	0	19019	
Q	7788	2000	7788	0	0		
Q	7789	2000	7789	0	0		
Q	7791	650	-7791	0	0		
Q	7792	650	-7792	0	0		
Q	7793	1650	-7791	0	0		
Q	7794	3300	-7791	0	0		
Q	7795	6600	0	0	0		
Q	7796	0	0	0	0		
Q	7798	1650	-7792	0	0		
Q	7799	3300	-7792	0	0		
Q	7800	6600	0	0	0		
Q	7801	0	0	0	0		
Q	7802	650	-7802	0	0		
Q	7803	1650	-7802	0	0		
Q	7804	3300	-7802	0	0		
Q	7805	6600	0	0	0		
Q	7806	0	0	0	0		
Q	7807	650	-7807	0	0		
Q	7808	1650	-7807	0	0		
Q	7809	3300	-7807	0	0		
Q	7810	550	0	0	0		
Q	7811	6600	0	0	0		
Q	7812	0	0	0	0		
Q	7813	650	-7813	0	0		
Q	7814	1650	-7813	0	0		
Q	7815	4700	0	0	0	19022	
Q	7816	4400	0	0	0		
Q	7817	3300	-7813	0	0		
Q	7818	6600	0	0	0		
Q	7819	0	0	0	0		
Q	7820	650	-7820	0	0		
Q	7821	1650	-7820	0	0		
Q	7822	3300	-7820	0	0		
Q	7823	6600	0	0	0		
Q	7824	6600	0	0	0		
Q	7825	0	0	0	0		
Q	7826	650	-7826	0	0		
Q	7827	1650	-7826	0	0		
Q	7828	4400	0	0	0		
Q	7829	4400	0	0	0		
Q	7830	4400	0	0	0		
Q	7831	3300	-7826	0	0		
Q	7832	0	0	0	0		
Q	7833	650	-7833	0	0		
Q	7834	1650	-7833	0	0		
Q	7835	3300	-7833	0	0		
Q	7836	6600	0	0	0		
Q	7837	0	0	0	0		
Q	7838	0	0	0	0	19024	
Q	7839	4400	0	0	0		
Q	7840	4550	0	0	0	19035	
Q	7841	4400	0	0	7842		
Q	7842	5450	0	0	7843		
Q	7843	5900	0	0	0	19119	
Q	7844	4400	0	0	0		
Q	7845	4900	0	0	7846		
Q	7846	6100	0	0	7847		
Q	7847	4900	0	0	0		19114,19115
Q	7848	6600	0	0	0		
Q	7849	5900	0	0	0		19117,19116
Q	7850	5900	0	0	0	19118	
Q	7861	6100	0	0	0		19159,19121
Q	7862	6100	0	0	0	19120	
Q	7863	270	7863	0	0	19150	
Q	7864	380	7863	0	0	19151	
Q	7865	650	7863	0	0	19152	
Q	7866	270	7866	0	0	19154	
Q	7867	380	7866	0	0	19155	
Q	7868	650	7866	0	0	19153	
Q	7871	3300	7788	0	0		
Q	7872	5500	7788	0	0		
Q	7873	8150	7788	0	0		
Q	7874	3300	7789	0	0		
Q	7875	5500	7789	0	0		
Q	7876	8150	7789	0	0		
Q	7877	675	0	0	0		18420,18421,18424
Q	7881	0	0	0	0	19182	
Q	7882	0	0	0	0	19182	
Q	7883	0	0	0	0	19182	
Q	7884	0	0	0	0	19182	
Q	7885	0	0	0	0	19182	
Q	7886	0	7788	0	0		
Q	7887	0	7788	0	0		
Q	7888	0	7788	0	0		
Q	7889	0	0	0	0	19182	
Q	7890	0	0	0	0	19182	
Q	7891	0	0	0	0	19182	
Q	7892	0	0	0	0	19182	
Q	7893	0	0	0	0	19182	
Q	7894	0	0	0	0	19182	
Q	7895	0	0	0	0	19182	
Q	7896	0	0	0	0	19182	
Q	7897	0	0	0	0	19182	
Q	7898	0	0	0	0	19182	
Q	7899	0	0	0	0	19182	
Q	7900	0	0	0	0	19182	
Q	7901	0	0	0	0	19182	
Q	7902	0	0	0	0	19182	
Q	7903	0	0	0	0	19182	
Q	7905	650	0	0	0	19182	
Q	7907	550	0	0	0	19288	
Q	7921	0	7788	0	0		
Q	7922	0	7922	0	0		
Q	7923	0	7922	0	0		
Q	7924	0	7922	0	0		
Q	7925	0	7922	0	0		
Q	7926	650	0	0	0	19182	
Q	7927	550	0	0	0	19290	
Q	7928	550	0	0	0	19287	
Q	7929	550	0	0	0	19289	
Q	7930	0	0	0	0	19295	
Q	7931	0	0	0	0	19298	
Q	7932	0	0	0	0	19297	
Q	7933	0	0	0	0	19296	
Q	7934	0	0	0	0	19291	
Q	7935	0	0	0	0	19292	
Q	7936	0	0	0	0	19293	
Q	7937	650	0	0	0	19425	
Q	7938	650	0	0	0	19425	
Q	7939	0	0	0	0	19182	
Q	7940	0	0	0	0	19426	
Q	7941	0	0	0	0	19182	
Q	7942	0	0	0	0	19182	
Q	7943	0	0	0	0	19182	
Q	7944	650	0	0	0	19425	
Q	7945	650	0	0	0	19425	
Q	7946	0	0	0	0	19462	
Q	7981	0	0	0	0	19491	
Q	8041	6600	0	0	0	19574	
Q	8042	6600	0	0	0	19575	
Q	8043	6600	0	0	0	19576	
Q	8044	6600	0	0	0	19577	
Q	8045	6600	0	0	0	19579	
Q	8046	6600	0	0	0	19585	
Q	8047	6600	0	0	0	19586	
Q	8048	6600	0	0	0	19588	
Q	8049	6600	0	0	0	19591	
Q	8050	6600	0	0	0	19592	
Q	8051	6600	0	0	0	19593	
Q	8052	6600	0	0	0	19594	
Q	8053	6500	0	0	0	19827	
Q	8054	6500	0	0	0	19826	
Q	8055	6500	0	0	0	19825	
Q	8056	6500	0	0	0	19830	
Q	8057	9550	0	0	0	19840	
Q	8058	6500	0	0	0	19824	
Q	8059	9550	0	0	0	19848	
Q	8060	6500	0	0	0	19846	
Q	8061	6500	0	0	0	19843	
Q	8062	9550	0	0	0	19833	
Q	8063	6500	0	0	0	19836	
Q	8064	6500	0	0	0	19839	
Q	8065	9550	0	0	0	19838	
Q	8066	9550	0	0	0	19832	
Q	8067	9550	0	0	0	19831	
Q	8068	9550	0	0	0	19845	
Q	8069	9550	0	0	0	20034	
Q	8070	6500	0	0	0	19842	
Q	8071	6500	0	0	0	19841	
Q	8072	9550	0	0	0	19835	
Q	8073	9550	0	0	0	19834	
Q	8074	6500	0	0	0	19829	
Q	8075	9550	0	0	0	19828	
Q	8076	9550	0	0	0	19849	
Q	8077	9550	0	0	0	20033	
Q	8078	9550	0	0	0	19823	
Q	8079	6500	0	0	0	19822	
Q	8080	8150	8080	0	0		
Q	8081	0	8080	0	0		
Q	8101	6600	0	0	0	19598	
Q	8102	6600	0	0	0	19599	
Q	8103	6600	0	0	0	19600	
Q	8104	6600	0	0	0	19601	
Q	8105	5650	8105	0	0		
Q	8106	6600	0	0	0	19602	
Q	8107	6600	0	0	0	19603	
Q	8108	6600	0	0	0	19604	
Q	8109	6600	0	0	0	19605	
Q	8110	6600	0	0	0	19610	
Q	8111	6600	0	0	0	19611	
Q	8112	6600	0	0	0	19612	
Q	8113	6600	0	0	0	19613	
Q	8114	9950	0	0	0		
Q	8115	9950	0	0	0	20132	
Q	8116	6600	0	0	0	19606	
Q	8117	6600	0	0	0	19607	
Q	8118	6600	0	0	0	19608	
Q	8119	6600	0	0	0	19609	
Q	8120	5650	8120	0	0		
Q	8121	9950	0	0	0		
Q	8122	9950	0	0	0	20131	
Q	8123	8150	8123	0	0		
Q	8124	0	8123	0	0		
Q	8141	6600	0	0	0	19614	
Q	8142	6600	0	0	0	19615	
Q	8143	6600	0	0	0	19616	
Q	8144	6600	0	0	0	19617	
Q	8145	6600	0	0	0	19618	
Q	8146	6600	0	0	0	19619	
Q	8147	6600	0	0	0	19620	
Q	8148	6600	0	0	0	19621	
Q	8149	6600	0	0	0	20009	
Q	8150	6600	0	0	0	20010	
Q	8151	500	0	0	8153		
Q	8153	5100	0	0	8231		
Q	8154	5500	8080	0	0		
Q	8155	2000	8080	0	0		
Q	8156	3300	8080	0	0		
Q	8157	0	8080	0	0		
Q	8158	0	8080	0	0		
Q	8159	0	8080	0	0		
Q	8160	5500	8123	0	0		
Q	8161	3300	8123	0	0		
Q	8162	2000	8123	0	0		
Q	8163	0	8123	0	0		
Q	8164	0	8123	0	0		
Q	8165	0	8123	0	0		
Q	8166	3900	8105	0	0		
Q	8167	2750	8105	0	0		
Q	8168	2000	8105	0	0		
Q	8169	3900	8120	0	0		
Q	8170	2750	8120	0	0		
Q	8171	2000	8120	0	0		
Q	8181	6200	0	0	0		20218,20219
Q	8182	9300	0	0	0		
Q	8183	10000	0	0	0		19948,19950,19949
Q	8184	0	0	0	0	19782	
Q	8185	0	0	0	0	19783	
Q	8186	0	0	0	0	19784	
Q	8187	0	0	0	0	19785	
Q	8188	0	0	0	0	19786	
Q	8189	0	0	0	0	19787	
Q	8190	0	0	0	0	19788	
Q	8191	0	0	0	0	19789	
Q	8192	0	0	0	0	19790	
Q	8193	0	0	0	0		19970,19979
Q	8194	0	0	0	0		
Q	8195	0	0	0	0	19858	
Q	8196	0	0	0	0	20031	
Q	8201	14500	0	0	0		20213,20215,20216,20217
Q	8221	0	0	0	0	19972	
Q	8222	0	0	0	0	19182	
Q	8223	0	0	0	0	19182	
Q	8224	0	0	0	0	19971	
Q	8225	0	0	0	0	19969	
Q	8227	950	0	0	0		
Q	8228	0	0	0	0	19978	
Q	8229	0	0	0	0	19978	
Q	8231	5100	0	0	8232		
Q	8232	6350	0	0	0		20083,19991,19992
Q	8233	500	0	0	8234		
Q	8234	5100	0	0	8235		
Q	8235	5100	0	0	8236		
Q	8236	6350	0	0	0		19984,20255,19982
Q	8238	0	0	0	0	19858	
Q	8239	0	0	0	0	19858	
Q	8240	9500	0	0	0	19858	
Q	8241	0	0	0	0		
Q	8242	0	0	0	0		
Q	8243	0	0	0	0		20080,20079,20081
Q	8246	0	0	0	0		20077,20076,20078
Q	8249	0	0	0	0	20086	
Q	8250	500	0	0	0		
Q	8251	5100	0	0	8252		
Q	8252	5100	0	0	8253		
Q	8253	6350	0	0	0		20035,20037,20036
Q	8254	500	0	0	8255		
Q	8255	5100	0	0	8256		
Q	8256	5100	0	0	8257		
Q	8257	6350	0	0	0		19990,20082,20006
Q	8258	14500	0	0	0	20134	
Q	8260	270	8260	0	0	20233	
Q	8261	380	8260	0	0	20236	
Q	8262	650	8260	0	0	20231	
Q	8263	270	8263	0	0	20229	
Q	8264	380	8263	0	0	20230	
Q	8265	650	8263	0	0	20228	
Q	8266	9500	8266	0	0		
Q	8267	0	8266	0	0		
Q	8268	9500	8268	0	0		
Q	8269	0	8268	0	0		
Q	8271	650	0	0	0		19107,19106,19108,20648
Q	8272	650	0	0	0		19107,19106,19108,20648
Q	8273	4200	0	0	0		20643,20642
Q	8275	2800	8275	8280	8280		
Q	8276	2800	8275	8280	8280		
Q	8277	5650	0	0	0		
Q	8278	6000	0	0	0		13446,13444
Q	8279	8300	0	0	8287		
Q	8280	5650	8275	0	8281		
Q	8281	6000	0	0	0		
Q	8282	6200	0	0	0		13452,13447
Q	8283	8050	0	0	0		20646,20647
Q	8284	6200	0	0	8285		
Q	8285	4800	0	0	8279		
Q	8286	6600	0	0	0		
Q	8287	6600	0	0	0		
Q	8288	6600	0	0	8301		
Q	8289	0	0	0	0		
Q	8290	10500	7788	0	0		
Q	8291	9550	7788	0	0		
Q	8292	0	7788	0	0		
Q	8293	0	7922	0	0		
Q	8294	9550	7789	0	0		
Q	8295	10500	7789	0	0		
Q	8296	0	0	0	0		
Q	8297	9550	8080	0	0		
Q	8298	0	8080	0	0		
Q	8299	9550	8123	0	0		
Q	8300	0	8123	0	0		
Q	8301	6600	0	0	0	20403	
Q	8302	650	0	0	0	20403	
Q	8303	0	0	0	8305		
Q	8304	6600	0	0	8306		
Q	8305	6600	0	0	8519		
Q	8306	9950	0	0	0	20724	
Q	8307	3000	0	0	8313		
Q	8308	8300	0	0	0	20723	
Q	8309	8800	-8309	0	0		
Q	8310	8300	-8309	0	0		
Q	8311	1650	0	0	0	20557	
Q	8312	1650	0	0	0	20557	
Q	8313	6000	0	0	8317		
Q	8314	5300	0	0	8315		
Q	8315	9950	0	0	0		
Q	8316	6600	0	0	0	20699,20710	
Q	8317	3000	0	0	0		
Q	8318	6600	0	0	0		
Q	8319	0	0	0	0		
Q	8320	6600	0	0	8321		
Q	8321	6600	0	0	0		20650,20649
Q	8322	1650	0	0	8409		
Q	8323	6400	0	0	0		
Q	8324	0	0	0	0		
Q	8331	650	0	0	8332		
Q	8332	6600	0	0	8349	20422	
Q	8333	6600	0	0	0	20422	
Q	8341	6600	0	0	8351	20451	
Q	8342	0	0	0	0	20451	
Q	8343	650	0	0	8341		
Q	8348	8800	0	0	0	20601	
Q	8349	650	0	0	8348		
Q	8351	650	0	0	8352		
Q	8352	10634	0	0	0	20602	
Q	8353	0	0	0	0	20490	
Q	8354	0	0	0	0	20491	
Q	8355	0	0	0	0	20494	
Q	8356	0	0	0	0	20492	
Q	8357	0	0	0	0	20496	
Q	8358	0	0	0	0	20495	
Q	8359	0	0	0	0	20493	
Q	8360	0	0	0	0	20497	
Q	8361	6600	0	0	0	20603	
Q	8362	0	0	0	0	20603	
Q	8363	0	0	0	0	20601	
Q	8364	3500	0	0	0	20602	
Q	8365	3900	0	0	0		
Q	8366	3900	0	0	0		20640,20641
Q	8367	8300	0	0	0		
Q	8368	1450	0	0	0		
Q	8369	8300	0	0	0		
Q	8370	2350	0	0	0		
Q	8371	8300	0	0	0		
Q	8372	1450	0	0	0		
Q	8373	1650	0	0	0	20557	
Q	8374	2350	0	0	0		
Q	8375	11900	0	0	0		
Q	8376	6600	0	0	0	20700,20711	
Q	8377	6600	0	0	0	20702,20713	
Q	8378	6600	0	0	0	20703,20715	
Q	8379	6600	0	0	0	20707,20717	
Q	8380	6600	0	0	0	20701,20712	
Q	8381	6600	0	0	0	20705,20716	
Q	8382	6600	0	0	0	20704,20714	
Q	8383	0	0	0	0		
Q	8384	1200	0	0	0		
Q	8385	6600	0	0	0		
Q	8386	725	0	0	0		
Q	8387	0	0	0	0		
Q	8388	0	0	0	0		
Q	8389	725	0	0	0		
Q	8390	1200	0	0	0		
Q	8391	1500	0	0	0		
Q	8392	2250	0	0	0		
Q	8393	3000	0	0	0		
Q	8394	4550	0	0	0		
Q	8395	6400	0	0	0		
Q	8396	6600	0	0	0		
Q	8397	3200	0	0	0		
Q	8398	3300	0	0	0		
Q	8399	2350	0	0	0		
Q	8400	3000	0	0	0		
Q	8401	4550	0	0	0		
Q	8402	6400	0	0	0		
Q	8403	6600	0	0	0		
Q	8404	1200	0	0	0		
Q	8405	1500	0	0	0		
Q	8406	2250	0	0	0		
Q	8407	3200	0	0	0		
Q	8408	3300	0	0	0		
Q	8409	1650	0	0	0	20557	
Q	8410	3800	0	0	8412		
Q	8411	3800	0	0	8412		
Q	8412	5100	0	0	0		
Q	8413	6350	0	0	0		20369,20503,20556
Q	8414	5100	0	0	0		
Q	8415	500	0	8414	8414		
Q	8416	2550	0	0	8418		
Q	8417	500	0	0	8423		
Q	8418	6350	0	0	0	20620	20504,20512,20505
Q	8419	3800	8419	0	8421		
Q	8420	3800	8419	0	8421		
Q	8421	5100	0	0	8422		
Q	8422	6350	0	0	0		20536,20534,20530
Q	8423	5100	0	0	8424		
Q	8424	5100	0	0	8425		
Q	8425	6350	0	0	0		20521,20130,20517
Q	8426	2350	0	0	0		
Q	8427	3000	0	0	0		
Q	8428	4550	0	0	0		
Q	8429	6400	0	0	0		
Q	8430	6600	0	0	0		
Q	8431	1200	0	0	0		
Q	8432	1500	0	0	0		
Q	8433	2250	0	0	0		
Q	8434	3200	0	0	0		
Q	8435	3300	0	0	0		
Q	8436	3300	0	0	0		
Q	8437	4550	0	0	0		
Q	8438	6400	0	0	0		
Q	8439	6600	0	0	0		
Q	8440	1500	0	0	0		
Q	8441	2250	0	0	0		
Q	8442	3200	0	0	0		
Q	8443	3300	0	0	0		
Q	8446	9950	0	0	8447		
Q	8447	0	0	0	0	20600	
Q	8460	4400	0	0	0		21311,21312
Q	8461	5650	0	0	0		21316,21317
Q	8462	550	0	0	0		
Q	8464	6200	0	0	0		21318,21319,21320,21322
Q	8465	550	0	0	0		
Q	8466	550	0	0	0		
Q	8467	550	0	0	0		
Q	8469	550	0	0	0		
Q	8470	5650	0	0	0	13446,13444	
Q	8471	5800	0	0	0	13446,13444	
Q	8481	6600	0	0	0	21326	
Q	8484	9950	0	0	0		
Q	8485	9950	0	0	0		
Q	8492	0	0	0	0	21436,21509	
Q	8493	0	0	0	0	21436,21509	
Q	8494	0	0	0	0	21436,21511	
Q	8495	0	0	0	0	21436,21511	
Q	8496	650	0	0	0	20800,20805	
Q	8497	650	0	0	0	20800,21132	
Q	8498	650	0	0	0	20801,20809	
Q	8499	0	0	0	0	21436,21513	
Q	8500	0	0	0	0	21436,21513	
Q	8501	650	0	0	0	20802	
Q	8502	650	0	0	0	20802	
Q	8503	0	0	0	0	21436,21510	
Q	8504	0	0	0	0	21436,21510	
Q	8505	0	0	0	0	21436,21512	
Q	8506	0	0	0	0	21436,21512	
Q	8507	0	0	0	0		20808,21132,20809
Q	8508	0	0	0	0	20810	
Q	8509	0	0	0	0	21436,21513	
Q	8510	0	0	0	0	21436,21513	
Q	8511	0	0	0	0	21436,21509	
Q	8512	0	0	0	0	21436,21509	
Q	8513	0	0	0	0	21436,21510	
Q	8514	0	0	0	0	21436,21510	
Q	8515	0	0	0	0	21436,21512	
Q	8516	0	0	0	0	21436,21512	
Q	8517	0	0	0	0	21436,21509	
Q	8518	0	0	0	0	21436,21509	
Q	8519	6600	0	0	0		
Q	8520	0	0	0	0	21436,21511	
Q	8521	0	0	0	0	21436,21511	
Q	8522	0	0	0	0	21436,21513	
Q	8523	0	0	0	0	21436,21513	
Q	8524	0	0	0	0	21436,21509	
Q	8525	0	0	0	0	21436,21509	
Q	8526	0	0	0	0	21436,21511	
Q	8527	0	0	0	0	21436,21511	
Q	8528	0	0	0	0	21436,21512	
Q	8529	0	0	0	0	21436,21512	
Q	8532	0	0	0	0	21438,21509	
Q	8533	0	0	0	0	21438,21509	
Q	8534	650	0	0	0	20801,21133	
Q	8535	650	0	0	0	20801,20809	
Q	8536	650	0	0	0	20801,21133	
Q	8537	650	0	0	0	20801,20809	
Q	8538	650	0	0	0	21508	
Q	8539	650	0	0	0	20802	
Q	8540	650	0	0	0	20800,21132	
Q	8541	650	0	0	0	20800,21132	
Q	8542	0	0	0	0	21438,21510	
Q	8543	0	0	0	0	21438,21510	
Q	8544	9950	0	0	0	21330	
Q	8545	0	0	0	0	21438,21512	
Q	8546	0	0	0	0	21438,21512	
Q	8548	3300	0	0	0		21178,21179,21187
Q	8549	0	0	0	0	21438,21509	
Q	8550	0	0	0	0	21438,21509	
Q	8551	3150	0	0	0	11469	
Q	8552	2350	0	0	0		
Q	8553	470	0	0	8554		
Q	8554	7100	0	0	0	4130	
Q	8555	650	0	0	0		
Q	8556	6600	0	0	0	21393	
Q	8557	6600	0	0	0	21394	
Q	8558	6600	0	0	0	21392	
Q	8559	9950	0	0	0	21333	
Q	8560	9950	0	0	0	21332	
Q	8561	9950	0	0	0	21329	
Q	8562	9950	0	0	0	21331	
Q	8565	0	0	0	0	20559	
Q	8566	0	0	0	0	20559	
Q	8567	0	0	0	0	20558	
Q	8568	0	0	0	0	20558	
Q	8569	0	0	0	0	20558	
Q	8570	0	0	0	0	20558	
Q	8572	3300	0	0	0		21181,21182,21183
Q	8573	3300	0	0	0		21188,21190,21180
Q	8574	3300	0	0	0		21184,21185,21186,21189
Q	8575	6600	0	0	0		
Q	8576	650	0	0	0		
Q	8577	6600	0	0	8578		
Q	8578	8300	0	0	0	18253	
Q	8579	6500	0	0	0		
Q	8580	0	0	0	0	21438,21511	
Q	8581	0	0	0	0	21438,21511	
Q	8582	0	0	0	0	21438,21512	
Q	8583	0	0	0	0	21438,21512	
Q	8584	650	0	0	8585		
Q	8585	6600	0	0	8586		
Q	8586	6600	0	0	8587	21025,21023	
Q	8587	6600	0	0	0		
Q	8588	0	0	0	0	21438,21511	
Q	8589	0	0	0	0	21438,21511	
Q	8590	0	0	0	0	21438,21512	
Q	8591	0	0	0	0	21438,21512	
Q	8592	9950	0	0	0	21348	
Q	8593	9950	0	0	0	21352	
Q	8594	9950	0	0	0	21350	
Q	8595	0	0	0	0		
Q	8596	9950	0	0	0	21349	
Q	8597	6600	0	0	8598		
Q	8598	3300	0	0	8606		
Q	8599	3300	0	0	0		
Q	8600	0	0	0	0	21438,21513	
Q	8601	0	0	0	0	21438,21513	
Q	8602	9950	0	0	0	21376	
Q	8603	9950	0	0	0	21351	
Q	8604	0	0	0	0	21438,21510	
Q	8605	0	0	0	0	21438,21510	
Q	8606	6600	0	0	8620		
Q	8607	0	0	0	0	21438,21512	
Q	8608	0	0	0	0	21438,21512	
Q	8609	0	0	0	0	21438,21513	
Q	8610	0	0	0	0	21438,21513	
Q	8611	0	0	0	0	21438,21510	
Q	8612	0	0	0	0	21438,21510	
Q	8613	0	0	0	0	21438,21512	
Q	8614	0	0	0	0	21438,21512	
Q	8615	0	0	0	0	21438,21513	
Q	8616	0	0	0	0	21438,21513	
Q	8619	0	0	0	0	21100	
Q	8620	6600	0	0	0	21517	
Q	8621	9950	0	0	0	21373	
Q	8622	9950	0	0	0	21374	
Q	8623	9950	0	0	0	21372	
Q	8624	9950	0	0	0	21375	
Q	8625	9950	0	0	0	21345	
Q	8626	9950	0	0	0	21365	
Q	8627	9950	0	0	0	21389	
Q	8628	9950	0	0	0	21387	
Q	8629	9950	0	0	0	21390	
Q	8630	9950	0	0	0	21391	
Q	8631	9950	0	0	0	21346	
Q	8632	9950	0	0	0	21347	
Q	8633	9950	0	0	0	21343	
Q	8634	9950	0	0	0	21344	
Q	8635	0	0	0	0	21100	
Q	8636	0	0	0	0	21100	
Q	8637	9950	0	0	0	21359	
Q	8638	9950	0	0	0	21364	
Q	8639	9950	0	0	0	21360	
Q	8640	9950	0	0	0	21362	
Q	8641	9950	0	0	0	21361	
Q	8642	0	0	0	0	21100	
Q	8643	0	0	0	0	21100	
Q	8644	0	0	0	0	21100	
Q	8645	0	0	0	0	21100	
Q	8646	0	0	0	0	21100	
Q	8647	0	0	0	0	21100	
Q	8648	0	0	0	0	21100	
Q	8649	0	0	0	0	21100	
Q	8650	0	0	0	0	21100	
Q	8651	0	0	0	0	21100	
Q	8652	0	0	0	0	21100	
Q	8653	0	0	0	0	21100	
Q	8654	0	0	0	0	21100	
Q	8655	9950	0	0	0	21388	
Q	8656	9950	0	0	0	21370	
Q	8657	9950	0	0	0	21366	
Q	8658	9950	0	0	0	21368	
Q	8659	9950	0	0	0	21367	
Q	8660	9950	0	0	0	21338	
Q	8661	9950	0	0	0	21334	
Q	8662	9950	0	0	0	21337	
Q	8663	9950	0	0	0	21336	
Q	8664	9950	0	0	0	21335	
Q	8665	9950	0	0	0	21355	
Q	8666	9950	0	0	0	21357	
Q	8667	9950	0	0	0	21353	
Q	8668	9950	0	0	0	21356	
Q	8669	9950	0	0	0	21354	
Q	8670	0	0	0	0	21100	
Q	8671	0	0	0	0	21100	
Q	8672	0	0	0	0	21100	
Q	8673	0	0	0	0	21100	
Q	8674	0	0	0	0	21100	
Q	8675	0	0	0	0	21100	
Q	8676	0	0	0	0	21100	
Q	8677	0	0	0	0	21100	
Q	8678	0	0	0	0	21100	
Q	8679	0	0	0	0	21100	
Q	8680	0	0	0	0	21100	
Q	8681	0	0	0	0	21100	
Q	8682	0	0	0	0	21100	
Q	8683	0	0	0	0	21100	
Q	8684	0	0	0	0	21100	
Q	8685	0	0	0	0	21100	
Q	8686	0	0	0	0	21100	
Q	8687	650	0	0	0	20802	
Q	8688	0	0	0	0	21100	
Q	8689	6600	0	0	0	21412	
Q	8690	6600	0	0	0	21400	
Q	8691	6600	0	0	0	21415	
Q	8692	6600	0	0	0	21409	
Q	8693	6600	0	0	0	21406	
Q	8694	6600	0	0	0	21418	
Q	8695	6600	0	0	0	21397	
Q	8696	6600	0	0	0	21403	
Q	8697	6600	0	0	0	21411	
Q	8698	6600	0	0	0	21399	
Q	8699	6600	0	0	0	21414	
Q	8700	6600	0	0	0	21408	
Q	8701	6600	0	0	0	21405	
Q	8702	6600	0	0	0	21417	
Q	8703	6600	0	0	0	21396	
Q	8704	6600	0	0	0	21402	
Q	8705	6600	0	0	0	21410	
Q	8706	6600	0	0	0	21398	
Q	8707	6600	0	0	0	21413	
Q	8708	6600	0	0	0	21407	
Q	8709	6600	0	0	0	21404	
Q	8710	6600	0	0	0	21416	
Q	8711	6600	0	0	0	21395	
Q	8712	6600	0	0	0	21401	
Q	8713	0	0	0	0	21100	
Q	8714	0	0	0	0	21100	
Q	8715	0	0	0	0	21100	
Q	8716	0	0	0	0	21100	
Q	8717	0	0	0	0	21100	
Q	8718	0	0	0	0	21100	
Q	8719	0	0	0	0	21100	
Q	8720	0	0	0	0	21100	
Q	8721	0	0	0	0	21100	
Q	8722	0	0	0	0	21100	
Q	8723	0	0	0	0	21100	
Q	8724	0	0	0	0	21100	
Q	8725	0	0	0	0	21100	
Q	8726	0	0	0	0	21100	
Q	8727	0	0	0	0	21100	
Q	8728	6600	0	0	8729		
Q	8729	9950	-8729	0	0		21526,21527
Q	8730	9950	-8729	0	0		21530,21529
Q	8731	0	0	0	0		20808,21266,20809
Q	8732	0	0	0	0	20810	
Q	8733	6600	0	0	8734		
Q	8734	1650	0	0	8735		
Q	8735	6600	0	0	0		
Q	8736	9950	0	0	0		21531,21532
Q	8737	650	0	0	0	20801,21133	
Q	8738	650	0	0	0	20801,21133	
Q	8739	650	0	0	0	20801,20809	
Q	8740	650	0	0	0	20801,21133	
Q	8741	6600	-8729	0	0		
Q	8742	9950	0	0	0		
Q	8743	0	0	0	0	21176	
Q	8744	0	0	0	0	21191	
Q	8745	6600	0	0	0		21523,21522,21521,21520
Q	8746	4950	0	0	0	21213	
Q	8747	6600	8747	0	0	21196	
Q	8748	6600	8748	0	0	21197	
Q	8749	6600	8749	0	0	21198	
Q	8750	6600	8750	0	0	21199	
Q	8751	9950	8751	0	0	21200	
Q	8752	6600	8747	0	0	21201	
Q	8753	6600	8748	0	0	21202	
Q	8754	6600	8749	0	0	21203	
Q	8755	6600	8750	0	0	21204	
Q	8756	9950	8751	0	0	21205	
Q	8757	6600	8747	0	0	21206	
Q	8758	6600	8748	0	0	21207	
Q	8759	6600	8749	0	0	21208	
Q	8760	6600	8750	0	0	21209	
Q	8761	9950	8751	0	0	21210	
Q	8762	4950	0	0	0	21213	
Q	8763	0	0	0	0	21213	
Q	8764	0	0	0	0		21210,21205
Q	8765	0	0	0	0		21200,21205
Q	8766	0	0	0	0		21200,21210
Q	8767	0	0	0	0	21270	
Q	8768	0	0	0	0	21310	
Q	8769	0	0	0	0	21327	
Q	8770	650	0	0	0	20802	
Q	8771	650	0	0	0	20802	
Q	8772	650	0	0	0	20802	
Q	8773	650	0	0	0	20802	
Q	8774	650	0	0	0	20802	
Q	8775	650	0	0	0	20802	
Q	8776	650	0	0	0	20802	
Q	8777	650	0	0	0	20802	
Q	8778	650	0	0	0	20800,20805	
Q	8779	650	0	0	0	20800,20805	
Q	8780	650	0	0	0	20800,20805	
Q	8781	650	0	0	0	20800,20805	
Q	8782	650	0	0	0	20800,21132	
Q	8783	650	0	0	0	20800,21132	
Q	8784	0	0	0	0		
Q	8785	650	0	0	0	20800,21386	
Q	8786	650	0	0	0	20800,21386	
Q	8787	650	0	0	0	20800,21386	
Q	8788	0	0	0	0	21271	
Q	8789	0	0	0	0		21242,21272,21244,21269
Q	8790	0	0	0	0		21273,21275,21268
Q	8791	9950	0	0	0		21504,21507,21505,21506
Q	8792	650	8792	0	0		
Q	8793	9500	8792	0	0		
Q	8794	9500	8792	0	0		
Q	8795	650	0	0	0		
Q	8796	9500	0	0	0		
Q	8797	9500	0	0	0		
Q	8798	0	0	0	0		
Q	8799	0	0	0	0	21213	
Q	8800	650	0	0	0		
Q	8801	9950	0	0	8802		
Q	8802	9950	0	0	0		21712,21710,21709
Q	8803	0	0	0	0	21363	
Q	8804	650	0	0	0	20800,21266	
Q	8805	650	0	0	0	20800,21266	
Q	8806	650	0	0	0	20800,21266	
Q	8807	650	0	0	0	20800,21386	
Q	8808	650	0	0	0	20800,21266	
Q	8809	650	0	0	0	20800,21266	
Q	8810	650	0	0	0	20800,21386	
Q	8811	0	0	0	0		
Q	8812	0	0	0	0		
Q	8813	0	0	0	0		
Q	8814	0	0	0	0		
Q	8815	0	0	0	0		
Q	8816	0	0	0	0		
Q	8817	0	0	0	0		
Q	8818	0	0	0	0		
Q	8819	0	0	0	0		
Q	8820	0	0	0	0		
Q	8821	0	0	0	0		
Q	8822	0	0	0	0		
Q	8823	0	0	0	0		
Q	8824	0	0	0	0		
Q	8825	0	0	0	0		
Q	8826	0	0	0	0		
Q	8827	10	0	0	0		
Q	8828	10	0	0	0		
Q	8829	650	0	0	0	21515	
Q	8830	0	0	0	0		
Q	8831	0	0	0	0		
Q	8832	0	0	0	0		
Q	8833	0	0	0	0		
Q	8834	0	0	0	0		
Q	8835	0	0	0	0		
Q	8836	0	0	0	0		
Q	8837	0	0	0	0		
Q	8838	0	0	0	0		
Q	8839	0	0	0	0		
Q	8840	0	0	0	0		
Q	8841	0	0	0	0		
Q	8842	0	0	0	0		
Q	8843	0	0	0	0		
Q	8844	0	0	0	0		
Q	8845	0	0	0	0		
Q	8846	0	0	0	0	21509	
Q	8847	0	0	0	0	21510	
Q	8848	0	0	0	0	21511	
Q	8849	0	0	0	0	21512	
Q	8850	0	0	0	0	21513	
Q	8851	0	0	0	0	21509	
Q	8852	0	0	0	0	21510	
Q	8853	0	0	0	0	21511	
Q	8854	0	0	0	0	21512	
Q	8855	0	0	0	0	21513	
Q	8856	650	0	0	0	20800,20805	
Q	8857	9950	0	0	0	21528	
Q	8858	9950	0	0	0	21528	
Q	8859	9950	0	0	0	21528	
Q	8860	0	0	0	0		
Q	8861	0	0	0	0		
Q	8862	0	0	0	0	21713,21640	
Q	8863	0	0	0	0	21537	
Q	8864	0	0	0	0	21640	21157,21538,21539
Q	8865	0	0	0	0	21640	21541,21544,21543
Q	8866	0	0	0	0	21100	
Q	8867	0	0	0	8883	21711	
Q	8868	6600	0	0	0	21540,21640,7912	
Q	8869	8300	0	0	0	12824	
Q	8870	0	8870	0	8867		
Q	8871	0	8870	0	8867		
Q	8872	0	8870	0	8867		
Q	8873	0	8870	0	8867		
Q	8874	0	8870	0	8867		
Q	8875	0	8870	0	8867		
Q	8876	0	0	0	0	21740,21640	
Q	8877	0	0	0	0	21738,21640	
Q	8878	0	0	0	0	21640	21722,21723
Q	8879	0	0	0	0	21742,21640	
Q	8880	0	0	0	0	21741,21640	
Q	8881	0	0	0	0	21743,21640	
Q	8882	0	0	0	0	21737,21640	
Q	8883	650	0	0	0		
Q	8893	0	0	0	0	8647	
Q	8897	0	8897	0	0		
Q	8898	0	8897	0	0		
Q	8899	0	8897	0	0		
Q	8900	0	8900	0	0		
Q	8901	0	8900	0	0		
Q	8902	0	8900	0	0		
Q	8903	0	0	0	9024		
Q	8904	0	0	0	8979		
Q	8905	6600	0	0	0	22108	
Q	8906	6600	0	0	0	22011	
Q	8907	6600	0	0	0	22063	
Q	8908	6600	0	0	0	22088	
Q	8909	6600	0	0	0	22079	
Q	8910	6600	0	0	0	22004	
Q	8911	6600	0	0	0	22071	
Q	8912	6600	0	0	0	21996	
Q	8913	6600	0	0	0	22108	
Q	8914	6600	0	0	0	22011	
Q	8915	6600	0	0	0	22063	
Q	8916	6600	0	0	0	22079	
Q	8917	6600	0	0	0	22004	
Q	8918	6600	0	0	0	22095	
Q	8919	6600	0	0	0	22071	
Q	8920	6600	0	0	0	21996	
Q	8921	6600	0	0	8924	22320	
Q	8922	6600	0	0	8921		
Q	8923	6600	0	0	8921		
Q	8924	6600	0	0	8925		
Q	8925	6600	0	0	8928		
Q	8926	9950	0	0	8929	22106,22110	
Q	8927	9950	0	0	8930	22106,22110	
Q	8928	3300	0	0	0		
Q	8929	6600	0	0	8945		
Q	8930	6600	0	0	8945		
Q	8931	9950	0	0	8929	22010,22015	
Q	8932	9950	0	0	8929	22062,22066	
Q	8933	9950	0	0	8929	22086,22090	
Q	8934	9950	0	0	8929	22078,22081	
Q	8935	9950	0	0	8929	22002,22006	
Q	8936	9950	0	0	8929	22070,22077	
Q	8937	9950	0	0	8929	21994,21998	
Q	8938	9950	0	0	8930	22010,22015	
Q	8939	9950	0	0	8930	22062,22066	
Q	8940	9950	0	0	8930	22078,22081	
Q	8941	9950	0	0	8930	22006,22002	
Q	8942	9950	0	0	8930	22098,22099	
Q	8943	9950	0	0	8930	22070,22077	
Q	8944	9950	0	0	8930	21994,21998	
Q	8945	8300	0	0	8946	22137	
Q	8946	6600	0	0	8947		
Q	8947	6600	0	0	8948		
Q	8948	6600	0	0	8949		
Q	8949	6600	0	0	8950		22150,22149
Q	8950	6600	0	0	0		
Q	8951	9950	0	0	8960	22107,22111,22112	
Q	8952	9950	0	0	8960	22061,22017,22016	
Q	8953	9950	0	0	8960	22064,22067,22068	
Q	8954	9950	0	0	8960	22087,22092,22093	
Q	8955	9950	0	0	8960	22084,22085,22082	
Q	8956	9950	0	0	8960	22003,22007,22008	
Q	8957	9950	0	0	9032	22096,22100,22101	
Q	8958	9950	0	0	8960	22076,22072,22073	
Q	8959	9950	0	0	8960	21995,22000,22001	
Q	8960	1650	0	0	8961		
Q	8961	6600	0	0	0		
Q	8962	6600	8962	0	8966		
Q	8963	6600	8962	0	8967		
Q	8964	6600	8962	0	8968		
Q	8965	6600	8962	0	8969		
Q	8966	8300	0	0	8970		
Q	8967	8300	0	0	8970		
Q	8968	8300	0	0	8970		
Q	8969	8300	0	0	8970		
Q	8970	6600	0	0	0		
Q	8977	6600	0	0	0		
Q	8978	6600	0	0	0		
Q	8979	0	0	0	0		
Q	8980	0	0	0	8982	21812,22218	
Q	8981	0	0	0	0	21812	22218,22200
Q	8982	0	0	0	8983		
Q	8983	0	0	0	8984		
Q	8984	0	9028	0	9029		
Q	8985	6600	0	0	8990		22192,22193
Q	8986	6600	0	0	8989		22192,22193
Q	8987	6600	0	0	8991		22192,22193
Q	8988	6600	0	0	8992		22192,22193
Q	8989	8300	0	0	8994		
Q	8990	8300	0	0	8994		
Q	8991	8300	0	0	8994		
Q	8992	8300	0	0	8994		
Q	8993	0	0	0	0	21812	22218,22200
Q	8994	6600	0	0	8995		
Q	8995	9950	0	0	8996		
Q	8996	650	0	0	0	22057,22344	
Q	8997	650	0	0	0		
Q	8998	650	0	0	0		
Q	8999	1650	0	0	0	22109,22113	
Q	9000	1650	0	0	0	22013,22060	
Q	9001	1650	0	0	0	22065,22069	
Q	9002	1650	0	0	0	22091,22089	
Q	9003	1650	0	0	0	22080,22083	
Q	9004	1650	0	0	0	22005,22009	
Q	9005	1650	0	0	0	22074,22075	
Q	9006	1650	0	0	0	21999,21997	
Q	9007	1650	0	0	0	22109,22113	
Q	9008	1650	0	0	0	22013,22060	
Q	9009	1650	0	0	0	22080,22083	
Q	9010	1650	0	0	0	22005,22009	
Q	9011	1650	0	0	0	22097,22102	
Q	9012	1650	0	0	0	22074,22075	
Q	9013	1650	0	0	0	21999,21997	
Q	9014	1650	0	0	0	22065,22069	
Q	9015	6600	0	0	0		
Q	9016	9950	0	0	9032	22107,22111,22112	
Q	9017	9950	0	0	9032	22061,22017,22016	
Q	9018	9950	0	0	9032	22064,22067,22068	
Q	9019	9950	0	0	9032	22084,22085,22082	
Q	9020	9950	0	0	9032	22003,22007,22008	
Q	9021	9950	0	0	9032	22076,22072,22073	
Q	9022	9950	0	0	9032	21995,22000,22001	
Q	9023	6600	0	0	0		22378,22379,22377,22348,22347,22380
Q	9024	0	0	0	0		
Q	9025	0	0	0	9026	21812,22218	
Q	9026	0	0	0	9027		
Q	9027	0	0	0	9028		
Q	9028	0	9028	0	9029		
Q	9029	0	0	0	0		22281,22282,22277,22278,22280,22276
Q	9032	1650	0	0	8961		
Q	9033	9500	0	0	0		
Q	9034	0	0	0	0	22416	
Q	9036	0	0	0	0	22417	
Q	9037	0	0	0	0	22418	
Q	9038	0	0	0	0	22419	
Q	9039	0	0	0	0	22420	
Q	9040	0	0	0	0	22421	
Q	9041	0	0	0	0	22422	
Q	9042	0	0	0	0	22423	
Q	9043	0	0	0	0	22425	
Q	9044	0	0	0	0	22427	
Q	9045	0	0	0	0	22428	
Q	9046	0	0	0	0	22429	
Q	9047	0	0	0	0	22430	
Q	9048	0	0	0	0	22426	
Q	9049	0	0	0	0	22431	
Q	9050	0	0	0	0	22424	
Q	9051	5100	0	0	9053		
Q	9052	5100	0	0	9051	13446	
Q	9053	6350	0	0	0		22274,22272,22458
Q	9054	0	0	0	0	22436	
Q	9055	0	0	0	0	22437	
Q	9056	0	0	0	0	22438	
Q	9057	0	0	0	0	22439	
Q	9058	0	0	0	0	22440	
Q	9059	0	0	0	0	22441	
Q	9060	0	0	0	0	22442	
Q	9061	0	0	0	0	22443	
Q	9063	500	0	9052	9052		
Q	9068	0	0	0	0	22464	
Q	9069	0	0	0	0	22465	
Q	9070	0	0	0	0	22466	
Q	9071	0	0	0	0	22467	
Q	9072	0	0	0	0	22468	
Q	9073	0	0	0	0	22469	
Q	9074	0	0	0	0	22470	
Q	9075	0	0	0	0	22471	
Q	9077	0	0	0	0	22476	
Q	9078	0	0	0	0	22477	
Q	9079	0	0	0	0	22478	
Q	9080	0	0	0	0	22479	
Q	9081	0	0	0	0	22480	
Q	9082	0	0	0	0	22481	
Q	9083	0	0	0	0	22482	
Q	9084	0	0	0	0	22483	
Q	9085	0	0	0	0		23123,23122
Q	9086	0	0	0	0	22488	
Q	9087	0	0	0	0	22489	
Q	9088	0	0	0	0	22490	
Q	9089	0	0	0	0	22491	
Q	9090	0	0	0	0	22492	
Q	9091	0	0	0	0	22493	
Q	9092	0	0	0	0	22494	
Q	9093	0	0	0	0	22495	
Q	9094	0	0	0	0		23084,23081,23082,23078
Q	9095	0	0	0	0	22496	
Q	9096	0	0	0	0	22497	
Q	9097	0	0	0	0	22498	
Q	9098	0	0	0	0	22499	
Q	9099	0	0	0	0	22500	
Q	9100	0	0	0	0	22501	
Q	9101	0	0	0	0	22502	
Q	9102	0	0	0	0	22503	
Q	9103	0	0	0	0	22504	
Q	9104	0	0	0	0	22505	
Q	9105	0	0	0	0	22506	
Q	9106	0	0	0	0	22507	
Q	9107	0	0	0	0	22508	
Q	9108	0	0	0	0	22509	
Q	9109	0	0	0	0	22510	
Q	9110	0	0	0	0	22511	
Q	9111	0	0	0	0	22512	
Q	9112	0	0	0	0	22513	
Q	9113	0	0	0	0	22514	
Q	9114	0	0	0	0	22515	
Q	9115	0	0	0	0	22516	
Q	9116	0	0	0	0	22517	
Q	9117	0	0	0	0	22518	
Q	9118	0	0	0	0	22519	
Q	9120	14300	0	0	0		23206,23207
Q	9121	0	9121	0	0		
Q	9122	0	9121	0	0		
Q	9123	0	9121	0	0		
Q	9124	6600	0	0	0	22524	
Q	9125	0	0	0	0	22524	
Q	9126	6600	0	0	0	22524	
Q	9127	0	0	0	0	22524	
Q	9128	6600	0	0	0	22523	
Q	9129	0	0	0	0	22523	
Q	9131	6600	0	0	0	22523	
Q	9132	0	0	0	0	22523	
Q	9136	6600	0	0	0		22524,22523
Q	9137	0	0	0	0		22523,22524
Q	9141	3300	0	0	0	22568	
Q	9142	0	0	0	0	22568	
Q	9153	0	0	0	0		23123,23122
Q	9154	0	0	0	0		
Q	9165	0	0	0	0		22523,22524
Q	9178	0	0	0	0		22524,22523
Q	9179	0	0	0	0		22524,22523
Q	9181	0	0	0	0		22524,22523
Q	9182	0	0	0	0		22524,22523
Q	9183	0	0	0	0		22524,22523
Q	9184	0	0	0	0		22524,22523
Q	9185	0	0	0	0		22524,22523
Q	9186	0	0	0	0		22524,22523
Q	9187	0	0	0	0		22524,22523
Q	9188	0	0	0	0		22524,22523
Q	9190	0	0	0	0		22524,22523
Q	9191	0	0	0	0		22524,22523
Q	9194	0	0	0	0		22524,22523
Q	9195	0	0	0	0		22524,22523
Q	9196	0	0	0	0		22524,22523
Q	9197	0	0	0	0		22524,22523
Q	9198	0	0	0	0		22524,22523
Q	9200	0	0	0	0		22524,22523
Q	9201	0	0	0	0		22524,22523
Q	9202	0	0	0	0		22524,22523
Q	9203	0	0	0	0		22524,22523
Q	9204	0	0	0	0		22524,22523
Q	9205	0	0	0	0		22524,22523
Q	9206	0	0	0	0		22524,22523
Q	9208	0	0	0	0	22635	
Q	9209	0	0	0	0	22635	
Q	9210	0	0	0	0	22635	
Q	9211	0	0	0	0	22636	
Q	9213	0	0	0	0	22638	
Q	9221	0	0	0	0		22681,22680,22688,22679,22690,22689
Q	9222	0	0	0	0		22657,22667,22668,22659,22678,22656
Q	9223	0	0	0	0		22681,22680,22688,22679,22690,22689
Q	9224	0	0	0	0		22657,22667,22668,22659,22678,22656
Q	9225	0	0	0	0		22657,22667,22668,22659,22678,22656
Q	9226	0	0	0	0		22681,22680,22688,22679,22690,22689
Q	9227	0	0	0	0		22681,22680,22688,22679,22690,22689
Q	9228	0	0	0	0		22657,22667,22668,22659,22678,22656
Q	9229	0	0	0	9230		
Q	9230	0	0	0	0	22707	
Q	9232	0	0	0	0		22700,22699,22702,22701
Q	9233	0	0	0	0		
Q	9234	0	0	0	0	22670	
Q	9235	0	0	0	0	22671	
Q	9236	0	0	0	0	22669	
Q	9237	0	0	0	0	22658	
Q	9238	0	0	0	0	22655	
Q	9239	0	0	0	0	22654	
Q	9240	0	0	0	0	22652	
Q	9241	0	0	0	0	22663	
Q	9242	0	0	0	0	22662	
Q	9243	0	0	0	0	22661	
Q	9244	0	0	0	0	22665	
Q	9245	0	0	0	0	22666	
Q	9246	0	0	0	0	22664	
Q	9247	0	0	0	0		23123,23122
Q	9248	0	0	0	0	22725	
Q	9250	9550	0	0	9251		
Q	9251	9550	0	0	0		
Q	9257	143000	9257	0	0	22631	
Q	9259	0	0	0	0		
Q	9260	400	0	0	0		
Q	9261	650	0	0	0		
Q	9262	650	0	0	0		
Q	9263	650	0	0	0		
Q	9264	650	0	0	0		
Q	9265	550	0	0	0		
Q	9266	0	0	0	0		
Q	9267	0	0	0	0		
Q	9268	0	0	0	0		
Q	9269	14300	9257	0	0	22632	
Q	9270	14300	9257	0	0	22589	
Q	9271	14300	9257	0	0	22630	
Q	9272	0	0	0	0	22746	
Q	9292	0	0	0	0		23123,23122
Q	9295	0	0	0	0		
Q	9299	0	0	0	0		
Q	9300	0	0	0	0		
Q	9301	0	0	0	0		
Q	9302	0	0	0	0		
Q	9304	0	0	0	0		
Q	9310	0	0	0	0		23123,23122
Q	9317	0	0	0	0	23122	
Q	9318	0	0	0	0	23123	
Q	9319	0	0	0	0	23083,23247	
Q	9320	0	0	0	0	13444	
Q	9321	0	0	0	0	13446	
Q	9322	0	0	0	0	23379,23247	
Q	9323	0	0	0	0	23324,23247	
Q	9324	5000	-9324	0	0	23247	23435,23327,23326,23211
Q	9325	5000	-9324	0	0	23247	23435,23327,23326,23211
Q	9326	5000	-9324	0	0	23247	23435,23327,23326,23211
Q	9330	5000	-9330	0	0	23247	23435,23327,23326,23211
Q	9331	5000	-9330	0	0	23247	23435,23327,23326,23211
Q	9332	5000	-9330	0	0	23247	23435,23327,23326,23211
Q	9333	0	0	0	0		23084,23081,23082,23078
Q	9334	0	0	0	0	23123	
Q	9335	0	0	0	0	23122	
Q	9336	0	0	0	0	13446	
Q	9337	0	0	0	0	13444	
Q	9338	0	0	0	0		
Q	9339	0	0	0	0	23323	
Q	9341	0	0	0	0	22999	
Q	9343	0	0	0	0	22999	
Q	9362	9500	0	0	9364		
Q	9364	0	0	0	0		
Q	9365	0	0	0	0	23323	
Q	9367	150	0	0	0	23247,23246	
Q	9368	0	0	0	0	23247,23246	
Q	9378	0	0	0	0		
Q	9386	0	0	0	0	23083,23247	
Q	9388	15000	0	0	0		23435,23327,23326,23211
Q	9389	15000	0	0	0		23435,23327,23326,23211
Q	9415	0	0	0	9419		
Q	9416	0	0	0	9422		
Q	9419	6600	0	0	0		13446,13444
Q	9422	6600	0	0	0		13446,13444
Q	9664	6600	0	0	0		
Q	9665	6600	0	0	0		
I	60	1	5	4	2	-1	0	Layered Tunic
I	61	1	7	4	2	-1	0	Dwarven Leather Pants
I	79	1	7	4	1	-1	0	Dwarven Cloth Britches
I	80	1	8	4	1	-1	0	Soft Fur-lined Shoes
I	117	1	0	0	0	-1	1	Tough Jerky
I	118	1	0	0	3	-1	1	Minor Healing Potion
I	136	1	8	4	0	-1	0	Deprecated Old Leather Boots
I	159	1	0	0	0	-1	1	Refreshing Spring Water
I	414	1	0	0	0	-1	5	Dalaran Sharp
I	422	1	0	0	0	-1	15	Dwarven Mild
I	710	1	9	4	1	-1	0	Bracers of the People's Militia
I	719	1	10	4	1	-1	0	Rabbit Handler Gloves
I	724	1	0	0	0	-1	5	Goretusk Liver Pie
I	728	1	0	9	5	-1	0	Recipe: Westfall Stew
I	733	1	0	0	0	-1	5	Westfall Stew
I	744	2	12	4	0	-1	0	Thunderbrew's Boot Flask
I	785	1	0	7	9	-1	0	Mageroyal
I	858	1	0	0	3	-1	3	Lesser Healing Potion
I	859	1	4	4	0	-1	0	Fine Cloth Shirt
I	860	1	8	4	1	-1	0	Cavalier's Boots
I	918	1	18	1	0	-1	0	Deviate Hide Pack
I	929	1	0	0	3	-1	12	Healing Potion
I	933	1	18	1	0	-1	0	Large Rucksack
I	939	1	0	12	0	-1	0	A Bloodstained Journal Page
I	955	1	0	0	4	-1	5	Scroll of Intellect
I	961	1	0	0	0	-1	0	Healing Herb
I	983	1	6	4	1	-1	0	Red Linen Sash
I	1008	1	21	2	7	-1	0	Well-used Sword
I	1009	2	21	2	4	-1	0	Compact Hammer
I	1010	1	17	2	10	-1	0	Gnarled Short Staff
I	1011	1	21	2	0	-1	0	Sharp Axe
I	1017	1	0	0	0	-1	15	Seasoned Wolf Kabob
I	1082	1	0	0	0	-1	10	Redridge Goulash
I	1116	2	11	4	0	-1	0	Ring of Pure Silver
I	1127	1	0	0	0	-1	0	Flash Bundle
I	1131	2	23	4	0	-1	0	Totem of Infliction
I	1154	1	6	4	3	-1	0	Belt of the People's Militia
I	1158	1	21	2	4	-1	0	Solid Metal Club
I	1159	1	17	2	10	-1	0	Militia Quarterstaff
I	1161	1	21	2	7	-1	0	Militia Shortsword
I	1171	1	20	4	1	-1	0	Well-stitched Robe
I	1172	2	23	4	0	-1	0	Grayson's Torch
I	1173	1	8	4	2	-1	0	Weather-worn Boots
I	1177	1	0	0	0	-1	0	Oil of Olaf
I	1178	1	0	0	0	-1	0	Explosive Rocket
I	1179	1	0	0	0	32767	5	Ice Cold Milk
I	1180	1	0	0	4	-1	5	Scroll of Stamina
I	1181	1	0	0	4	-1	1	Scroll of Spirit
I	1182	1	9	4	3	-1	0	Brass-studded Bracers
I	1183	1	9	4	1	-1	0	Elastic Wristguards
I	1191	1	0	0	0	-1	0	Bag of Marbles
I	1205	1	0	0	0	-1	15	Melon Juice
I	1262	1	0	0	0	-1	0	Keg of Thunderbrew Lager
I	1264	2	17	2	5	-1	0	Headbasher
I	1270	2	16	4	1	-1	0	Finely Woven Cloak
I	1273	2	5	4	3	-1	0	Forest Chain
I	1275	2	5	4	3	-1	0	Deputy Chain Coat
I	1276	2	14	4	6	-1	0	Fire Hardened Buckler
I	1282	2	1	4	3	-1	0	Sparkmetal Coif
I	1302	2	10	4	2	-1	0	Black Whelp Gloves
I	1303	2	10	4	3	-1	0	Bridgeworker's Gloves
I	1304	2	10	4	1	-1	0	Riding Gloves
I	1306	2	9	4	2	-1	0	Wolfmane Wristguards
I	1310	2	7	4	2	-1	0	Smith's Trousers
I	1317	2	17	2	10	-1	0	Hardened Root Staff
I	1319	2	11	4	0	-1	0	Ring of Iron Will
I	1322	1	0	0	0	-1	0	Fishliver Oil
I	1326	1	0	0	0	-1	0	Sauteed Sunfish
I	1359	1	10	4	2	-1	0	Lion-stamped Gloves
I	1360	1	10	4	3	-1	0	Stormwind Chain Gloves
I	1382	1	21	2	4	-1	0	Rock Mace
I	1383	1	21	2	0	-1	0	Stone Tomahawk
I	1434	1	0	0	7	-1	0	Glowing Wax Stick
I	1436	2	7	4	2	-1	0	Frontier Britches
I	1449	2	11	4	0	-1	0	Minor Channeling Ring
I	1479	1	10	4	1	-1	0	Salma's Oven Mitts
I	1480	2	21	2	4	-1	0	Fist of the People's Militia
I	1490	2	12	4	0	-1	0	Guardian Talisman
I	1529	2	0	7	0	-1	0	Jade
I	1537	1	18	1	0	-1	0	Old Blanchy's Feed Pouch
I	1547	2	14	4	6	-1	0	Shield of the Faith
I	1557	2	14	4	6	-1	0	Buckler of the Seas
I	1561	2	20	4	1	-1	0	Harvester's Robe
I	1566	2	17	2	8	-1	0	Edge of the People's Militia
I	1710	1	0	0	3	-1	21	Greater Healing Potion
I	1729	1	18	1	0	-1	0	Gunnysack of the Night Watch
I	1832	2	7	4	1	-1	0	Lucky Trousers
I	1893	2	17	2	1	-1	0	Miner's Revenge
I	1970	1	0	0	0	-1	0	Restoring Balm
I	2000	2	17	2	8	-1	0	Archeus
I	2032	2	9	4	1	-1	0	Gallan Cuffs
I	2033	2	8	4	2	-1	0	Ambassador's Boots
I	2036	2	10	4	2	-1	0	Dusty Mining Gloves
I	2037	2	8	4	3	-1	0	Tunneler's Boots
I	2041	3	5	4	2	-1	0	Tunic of Westfall
I	2042	3	17	2	10	-1	0	Staff of Westfall
I	2043	2	11	4	0	-1	0	Ring of Forlorn Spirits
I	2044	2	21	2	0	-1	0	Crescent of Forlorn Spirits
I	2047	1	21	2	0	-1	0	Anvilmar Hand Axe
I	2048	1	21	2	4	-1	0	Anvilmar Hammer
I	2070	1	0	0	0	-1	1	Darnassian Bleu
I	2074	2	13	2	7	-1	0	Solid Shortblade
I	2082	1	18	1	0	-1	0	Wizbang's Gunnysack
I	2089	2	13	2	15	-1	0	Scrimshaw Dagger
I	2137	1	13	2	15	-1	0	Whittling Knife
I	2154	0	0	15	0	-1	0	The Story of Morgan Ladimore
I	2165	1	16	4	1	-1	0	Old Blanchy's Blanket
I	2172	1	6	4	3	-1	0	Rustic Belt
I	2173	1	6	4	2	-1	0	Old Leather Belt
I	2186	1	6	4	2	-1	0	Outfitter Belt
I	2195	1	13	2	15	-1	0	Anvilmar Knife
I	2218	2	13	2	15	-1	0	Craftsman's Dagger
I	2224	1	13	2	15	-1	0	Militia Dagger
I	2225	1	13	2	15	-1	0	Sharp Kitchen Knife
I	2230	2	10	4	3	-1	0	Gloves of Brawn
I	2231	2	20	4	1	-1	0	Inferno Robe
I	2237	1	7	4	2	-1	0	Patched Pants
I	2238	1	7	4	1	-1	0	Urchin's Pants
I	2240	1	16	4	1	-1	0	Rugged Cape
I	2249	1	14	4	6	-1	0	Militia Buckler
I	2263	2	21	2	7	-1	0	Phytoblade
I	2313	1	0	0	0	-1	5	Medium Armor Kit
I	2326	1	9	4	1	-1	0	Ivy-weave Bracers
I	2449	1	0	7	9	-1	0	Earthroot
I	2450	1	0	7	9	-1	0	Briarthorn
I	2454	1	0	0	3	-1	1	Elixir of Lion's Strength
I	2455	1	0	0	3	-1	5	Minor Mana Potion
I	2456	1	0	0	3	-1	5	Minor Rejuvenation Potion
I	2457	1	0	0	3	-1	2	Elixir of Minor Agility
I	2458	1	0	0	3	-1	2	Elixir of Minor Fortitude
I	2459	1	0	0	3	-1	5	Swiftness Potion
I	2545	2	7	4	3	-1	0	Malleable Chain Leggings
I	2547	1	10	4	3	-1	0	Boar Handler Gloves
I	2562	1	23	4	0	-1	0	Bouquet of Scarlet Begonias
I	2571	1	8	4	1	-1	0	Viny Wrappings
I	2575	1	4	4	0	-1	0	Red Linen Shirt
I	2576	1	4	4	0	-1	0	White Linen Shirt
I	2577	1	4	4	0	-1	0	Blue Linen Shirt
I	2589	1	0	7	0	32767	0	Linen Cloth
I	2594	1	0	0	0	-1	0	Flagon of Mead
I	2683	1	0	0	0	-1	5	Crab Cake
I	2686	1	0	0	3	-1	1	Thunder Ale
I	2690	1	6	4	3	-1	0	Latched Belt
I	2691	1	8	4	3	-1	0	Outfitter Boots
I	2694	2	7	4	3	-1	0	Settler's Leggings
I	2697	1	0	9	5	-1	0	Recipe: Goretusk Liver Pie
I	2699	1	0	9	5	-1	0	Recipe: Redridge Goulash
I	2701	1	0	9	5	-1	0	Recipe: Seasoned Wolf Kabob
I	2702	1	0	12	0	-1	0	Lightforge Ingot
I	2723	1	0	0	0	-1	1	Bottle of Pinot Noir
I	2756	1	0	12	0	-1	0	Green Hills of Stranglethorn - Chapter I
I	2757	1	0	12	0	-1	0	Green Hills of Stranglethorn - Chapter II
I	2758	1	0	12	0	-1	0	Green Hills of Stranglethorn - Chapter III
I	2759	1	0	12	0	-1	0	Green Hills of Stranglethorn - Chapter IV
I	2776	2	0	7	0	-1	0	Gold Ore
I	2805	2	16	4	1	-1	0	Yeti Fur Cloak
I	2817	2	5	4	2	-1	0	Soft Leather Tunic
I	2818	2	7	4	2	-1	0	Stretched Leather Trousers
I	2820	2	12	4	0	-1	0	Nifty Stopwatch
I	2842	2	0	7	0	-1	0	Silver Bar
I	2862	1	0	7	0	-1	1	Rough Sharpening Stone
I	2863	1	0	7	0	-1	5	Coarse Sharpening Stone
I	2888	1	0	0	0	-1	1	Beer Basted Boar Ribs
I	2889	1	0	9	5	-1	0	Recipe: Beer Basted Boar Ribs
I	2900	1	14	4	6	-1	0	Stone Buckler
I	2902	2	16	4	1	-1	0	Cloak of the Faith
I	2903	2	15	2	2	-1	0	Daryl's Hunting Bow
I	2904	2	26	2	3	-1	0	Daryl's Hunting Rifle
I	2905	1	16	4	1	-1	0	Goat Fur Cloak
I	2906	2	7	4	3	-1	0	Darkshire Mail Leggings
I	2907	2	17	2	1	-1	0	Dwarven Tree Chopper
I	2908	2	13	2	15	-1	0	Thornblade
I	2910	2	8	4	3	-1	0	Gold Militia Boots
I	2913	2	3	4	1	-1	0	Silk Mantle of Gamn
I	2916	2	14	4	6	-1	0	Gold Lion Shield
I	2917	2	11	4	0	-1	0	Tranquil Ring
I	2933	3	11	4	0	-1	0	Seal of Wrynn
I	2943	2	23	4	0	-1	0	Eye of Paleth
I	2949	2	8	4	2	-1	0	Mariner Boots
I	2950	2	17	2	10	-1	0	Icicle Rod
I	2953	2	16	4	1	-1	0	Watch Master's Cloak
I	2954	2	7	4	1	-1	0	Night Watch Pantaloons
I	3070	1	16	4	1	-1	0	Ensign Cloak
I	3071	1	21	2	0	-1	0	Striking Hatchet
I	3079	2	26	2	3	-1	0	Skorn's Rifle
I	3080	1	0	12	0	-1	0	Candle of Beckoning
I	3087	1	0	0	0	2047	0	Mug of Shimmer Stout
I	3103	2	17	2	5	-1	0	Coldridge Hammer
I	3151	1	5	4	3	-1	0	Siege Brigade Vest
I	3152	1	10	4	2	-1	0	Driving Gloves
I	3153	1	16	4	1	-1	0	Oil-stained Cloak
I	3154	2	21	2	0	-1	0	Thelsamar Axe
I	3158	1	9	4	2	-1	0	Burnt Hide Bracers
I	3160	2	14	4	6	-1	0	Ironplate Buckler
I	3161	2	20	4	1	-1	0	Robe of the Keeper
I	3166	2	5	4	3	-1	0	Ironheart Chain
I	3209	2	17	2	8	-1	0	Ancient War Sword
I	3216	1	20	4	1	-1	0	Warm Winter Robe
I	3217	2	6	4	1	-1	0	Foreman Belt
I	3220	1	0	0	0	-1	5	Blood Sausage
I	3235	2	11	4	0	-1	0	Ring of Scorn
I	3239	1	0	7	0	-1	1	Rough Weightstone
I	3240	1	0	7	0	-1	5	Coarse Weightstone
I	3248	1	0	12	0	-1	0	Translated Letter from The Embalmer
I	3251	1	0	12	0	-1	0	Bethor's Potion
I	3267	1	21	2	7	-1	0	Forsaken Shortsword
I	3268	1	13	2	15	-1	0	Forsaken Dagger
I	3269	1	21	2	4	-1	0	Forsaken Maul
I	3270	1	5	4	1	-1	0	Flax Vest
I	3272	1	7	4	2	-1	0	Zombie Skin Leggings
I	3273	1	5	4	3	-1	0	Rugged Mail Vest
I	3274	1	8	4	1	-1	0	Flax Boots
I	3275	1	10	4	1	-1	0	Flax Gloves
I	3276	1	14	4	6	-1	0	Deathguard Buckler
I	3277	1	17	2	10	-1	0	Executor Staff
I	3324	2	3	4	1	-1	0	Ghostly Mantle
I	3342	1	4	4	0	-1	0	Captain Sander's Shirt
I	3343	1	18	1	0	-1	0	Captain Sander's Booty Bag
I	3344	2	6	4	1	-1	0	Captain Sander's Sash
I	3352	1	18	1	0	-1	0	Ooze-covered Bag
I	3382	1	0	0	3	-1	1	Weak Troll's Blood Potion
I	3385	1	0	0	3	-1	14	Lesser Mana Potion
I	3400	2	21	2	7	-1	0	Lucine Longsword
I	3431	2	5	4	2	-1	0	Bone-studded Leather
I	3434	1	0	0	0	-1	0	Slumber Sand
I	3435	1	9	4	2	-1	0	Zombie Skin Bracers
I	3437	1	6	4	3	-1	0	Clasped Belt
I	3439	1	8	4	2	-1	0	Zombie Skin Boots
I	3440	2	17	2	5	-1	0	Bonecracker
I	3442	1	6	4	1	-1	0	Apprentice Sash
I	3443	1	21	2	0	-1	0	Ceremonial Tomahawk
I	3444	1	5	4	2	-1	0	Tiller's Vest
I	3445	1	13	2	15	-1	0	Ceremonial Knife
I	3446	2	17	2	10	-1	0	Darkwood Staff
I	3447	1	8	4	3	-1	0	Cryptwalker Boots
I	3448	1	0	0	0	-1	0	Senggin Root
I	3449	2	16	4	1	-1	0	Mystic Shawl
I	3450	2	14	4	6	-1	0	Faerleia's Shield
I	3451	2	23	4	0	-1	0	Nightglow Concoction
I	3452	2	17	2	10	-1	0	Ceranium Rod
I	3453	1	9	4	1	-1	0	Quilted Bracers
I	3454	1	8	4	1	-1	0	Reconnaissance Boots
I	3455	1	13	2	7	-1	0	Deathstalker Shortsword
I	3457	2	7	4	1	-1	0	Stamped Trousers
I	3458	2	10	4	3	-1	0	Rugged Mail Gloves
I	3461	2	20	4	1	-1	0	High Robe of the Adjudicator
I	3462	2	21	2	7	-1	0	Talonstrike
I	3463	2	25	2	16	-1	0	Silver Star
I	3464	2	24	6	2	-1	0	Feathered Arrow
I	3465	2	24	6	3	-1	0	Exploding Shot
I	3493	2	15	2	2	-1	0	Raptor's End
I	3511	2	16	4	1	-1	0	Cloak of the People's Militia
I	3555	2	20	4	1	-1	0	Robe of Solomon
I	3556	2	1	4	1	31488	0	Dread Mage Hat
I	3558	2	20	4	1	-1	0	Fen Keeper Robe
I	3559	2	10	4	3	-1	0	Night Watch Gauntlets
I	3560	2	3	4	1	-1	0	Mantle of Honor
I	3561	2	16	4	1	-1	0	Resilient Poncho
I	3562	2	6	4	2	-1	0	Belt of Vindication
I	3565	2	10	4	1	-1	0	Beerstained Gloves
I	3566	2	5	4	2	-1	0	Raptorbane Armor
I	3567	2	26	2	3	-1	0	Dwarven Fishing Pole
I	3570	2	21	2	4	-1	0	Bonegrinding Pestle
I	3572	2	13	2	7	-1	0	Daryl's Shortsword
I	3573	1	18	11	2	2047	0	Hunting Quiver
I	3574	1	18	11	3	-1	0	Hunting Ammo Sack
I	3578	2	7	4	2	-1	0	Harvester's Pants
I	3581	2	13	2	15	-1	0	Serrated Knife
I	3582	2	16	4	1	-1	0	Acidproof Cloak
I	3583	1	6	4	2	-1	0	Weathered Belt
I	3585	2	5	4	2	-1	0	Camouflaged Tunic
I	3586	2	17	2	1	-1	0	Logsplitter
I	3601	1	0	12	0	-1	0	Syndicate Missive
I	3604	2	18	11	3	-1	0	Bandolier of the Night Watch
I	3605	2	18	11	2	-1	0	Quiver of the Night Watch
I	3609	2	0	9	4	-1	0	Plans: Copper Chain Vest
I	3663	1	0	0	0	-1	15	Murloc Fin Soup
I	3678	1	0	9	5	-1	0	Recipe: Crocolisk Steak
I	3679	1	0	9	5	-1	0	Recipe: Blood Sausage
I	3680	1	0	9	5	-1	0	Recipe: Murloc Fin Soup
I	3681	1	0	9	5	-1	0	Recipe: Crocolisk Gumbo
I	3682	1	0	9	5	-1	0	Recipe: Curiously Tasty Omelet
I	3683	1	0	9	5	-1	0	Recipe: Gooey Spider Cake
I	3728	1	0	0	0	-1	20	Tasty Lion Steak
I	3729	1	0	0	0	-1	25	Soothing Turtle Bisque
I	3732	1	1	4	1	-1	0	Hooded Cowl
I	3733	2	5	4	3	-1	0	Orcish War Chain
I	3734	1	0	9	5	-1	0	Recipe: Big Bear Steak
I	3735	1	0	9	5	-1	0	Recipe: Hot Lion Chops
I	3736	1	0	9	5	-1	0	Recipe: Tasty Lion Steak
I	3737	1	0	9	5	-1	0	Recipe: Soothing Turtle Bisque
I	3739	2	11	4	0	-1	0	Skull Ring
I	3741	2	8	4	2	-1	0	Stomping Boots
I	3742	2	15	2	2	-1	0	Bow of Plunder
I	3743	2	14	4	6	-1	0	Sentry Buckler
I	3747	2	6	4	2	-1	0	Meditative Sash
I	3749	2	16	4	1	-1	0	High Apothecary Cloak
I	3750	2	5	4	2	-1	0	Ribbed Breastplate
I	3751	2	7	4	3	-1	0	Mercenary Leggings
I	3752	2	5	4	1	-1	0	Grunt Vest
I	3753	2	6	4	2	-1	0	Shepherd's Girdle
I	3754	2	10	4	2	-1	0	Shepherd's Gloves
I	3755	2	21	2	0	-1	0	Fish Gutter
I	3758	2	6	4	3	-1	0	Crusader Belt
I	3759	2	10	4	1	-1	0	Insulated Sage Gloves
I	3760	2	11	4	0	-1	0	Band of the Undercity
I	3761	2	14	4	6	-1	0	Deadskull Shield
I	3763	2	14	4	6	-1	0	Lunar Buckler
I	3764	2	8	4	1	-1	0	Mantis Boots
I	3765	2	3	4	3	-1	0	Brigand's Pauldrons
I	3822	2	17	2	8	-1	0	Runic Darkblade
I	3823	1	0	0	3	-1	23	Lesser Invisibility Potion
I	3825	1	0	0	3	-1	25	Elixir of Fortitude
I	3827	1	0	0	3	-1	22	Mana Potion
I	3828	1	0	0	3	-1	29	Elixir of Detect Lesser Invisibility
I	3833	1	16	4	1	-1	0	Adept's Cloak
I	3834	1	7	4	1	-1	0	Sturdy Cloth Trousers
I	3858	1	0	7	0	-1	0	Mithril Ore
I	3899	0	0	15	0	2047	0	Legends of the Gurubashi, Volume 3
I	3913	1	0	12	0	-1	0	Filled Soul Gem
I	3928	1	0	0	3	-1	35	Superior Healing Potion
I	4086	2	26	2	3	-1	0	Flash Rifle
I	4107	2	10	4	2	-1	0	Tiger Hunter Gloves
I	4108	2	7	4	2	-1	0	Panther Hunter Leggings
I	4109	2	8	4	2	-1	0	Excelsior Boots
I	4112	2	2	4	0	-1	0	Choker of the High Shaman
I	4113	2	16	4	1	-1	0	Medicine Blanket
I	4114	2	16	4	1	-1	0	Darktide Cape
I	4115	2	14	4	6	-1	0	Grom'gol Buckler
I	4117	2	6	4	1	-1	0	Scorching Sash
I	4118	2	9	4	3	-1	0	Poobah's Nose Ring
I	4119	2	5	4	2	-1	0	Raptor Hunter Tunic
I	4120	2	20	4	1	-1	0	Robe of Crystal Waters
I	4121	2	10	4	1	-1	0	Gemmed Gloves
I	4122	2	21	2	4	-1	0	Bookmaker's Scepter
I	4123	2	3	4	3	-1	0	Frost Metal Pauldrons
I	4124	2	1	4	2	-1	0	Cap of Harmony
I	4125	2	23	4	0	-1	0	Tranquil Orb
I	4126	2	21	2	0	-1	0	Guerrilla Cleaver
I	4127	2	26	2	3	-1	0	Shrapnel Blaster
I	4128	2	17	2	5	-1	0	Silver Spade
I	4129	2	14	4	6	-1	0	Collection Plate
I	4130	2	12	4	0	-1	0	Smotts' Compass
I	4131	2	6	4	2	-1	0	Belt of Corruption
I	4132	2	9	4	3	-1	0	Darkspear Armsplints
I	4133	2	9	4	1	-1	0	Darkspear Cuffs
I	4134	2	17	2	10	-1	0	Nimboya's Mystical Staff
I	4135	2	11	4	0	-1	0	Bloodbone Band
I	4136	2	8	4	3	-1	0	Darkspear Boots
I	4137	2	8	4	1	-1	0	Darkspear Shoes
I	4138	2	5	4	3	-1	0	Blackwater Tunic
I	4139	2	8	4	1	-1	0	Junglewalker Sandals
I	4140	2	3	4	1	-1	0	Palm Frond Mantle
I	4197	3	3	4	1	-1	0	Berylline Pads
I	4238	1	18	1	0	-1	0	Linen Bag
I	4241	1	18	1	0	-1	0	Green Woolen Bag
I	4265	1	0	0	0	-1	20	Heavy Armor Kit
I	4304	1	0	7	0	-1	0	Thick Leather
I	4338	1	0	7	0	32767	0	Mageweave Cloth
I	4430	2	2	4	0	-1	0	Ethereal Talisman
I	4443	2	3	4	3	-1	0	Grim Pauldrons
I	4457	1	0	0	0	-1	25	Barbecued Buzzard Wing
I	4504	2	16	4	1	-1	0	Dwarven Guard Cloak
I	4505	2	7	4	1	-1	0	Swampland Trousers
I	4507	2	14	4	6	-1	0	Pit Fighter's Shield
I	4508	2	5	4	3	-1	0	Blood-tinged Armor
I	4509	2	10	4	2	-1	0	Seawolf Gloves
I	4511	2	21	2	4	-1	0	Black Water Hammer
I	4534	2	9	4	3	-1	0	Steel-clasped Bracers
I	4535	2	11	4	0	-1	0	Ironforge Memorial Ring
I	4536	1	0	0	0	-1	1	Shiny Red Apple
I	4540	1	0	0	0	-1	1	Tough Hunk of Bread
I	4541	1	0	0	0	-1	5	Freshly Baked Bread
I	4542	1	0	0	0	-1	15	Moist Cornbread
I	4543	2	1	4	2	-1	0	White Drakeskin Cap
I	4545	2	9	4	1	-1	0	Radiant Silver Bracers
I	4546	1	0	0	0	-1	0	Call of the Raptor
I	4547	2	26	2	19	-1	0	Gnomish Zapper
I	4548	2	17	2	5	-1	0	Servomechanic Sledgehammer
I	4549	2	11	4	0	-1	0	Seafire Band
I	4550	2	11	4	0	-1	0	Coldwater Ring
I	4596	1	0	0	3	-1	5	Discolored Healing Potion
I	4597	2	0	9	6	-1	0	Recipe: Discolored Healing Potion
I	4598	1	0	0	0	-1	0	Goblin Fishing Pole
I	4600	1	0	0	0	-1	25	Cherry Grog
I	4604	1	0	0	0	-1	1	Forest Mushroom Cap
I	4605	1	0	0	0	-1	5	Red-speckled Mushroom
I	4606	1	0	0	0	-1	15	Spongy Morel
I	4609	1	0	9	5	-1	0	Recipe: Barbecued Buzzard Wing
I	4623	1	0	0	3	-1	33	Lesser Stoneshield Potion
I	4624	1	0	9	6	-1	0	Recipe: Lesser Stoneshield Potion
I	4643	2	16	4	1	-1	0	Grimsteel Cape
I	4652	2	14	4	6	-1	0	Salbac Shield
I	4653	2	8	4	3	-1	0	Ironheel Boots
I	4656	1	0	0	0	-1	1	Small Pumpkin
I	4741	2	7	4	3	-1	0	Stromgarde Cavalry Leggings
I	4743	2	2	4	0	-1	0	Pulsating Crystalline Shard
I	4744	2	9	4	1	-1	0	Arcane Runed Bracers
I	4745	2	9	4	3	-1	0	War Rider Bracers
I	4746	2	20	4	1	-1	0	Doomsayer's Robe
I	4840	1	13	2	15	-1	0	Long Bayonet
I	4852	1	0	7	2	-1	27	Flash Bomb
I	4904	1	0	12	0	2047	0	Venomtail Antidote
I	4906	1	8	4	2	-1	0	Rainwalker Boots
I	4907	1	5	4	2	-1	0	Woodland Tunic
I	4908	1	9	4	2	-1	0	Nomadic Bracers
I	4909	2	7	4	2	-1	0	Kodo Hunter's Leggings
I	4910	1	10	4	3	-1	0	Painted Chain Gloves
I	4911	1	14	4	6	-1	0	Thick Bark Buckler
I	4913	1	6	4	3	-1	0	Painted Chain Belt
I	4914	1	10	4	2	-1	0	Battleworn Leather Gloves
I	4915	1	8	4	1	-1	0	Soft Wool Boots
I	4916	1	5	4	1	-1	0	Soft Wool Vest
I	4917	1	7	4	3	-1	0	Battleworn Chain Leggings
I	4919	1	6	4	1	-1	0	Soft Wool Belt
I	4920	1	16	4	1	-1	0	Battleworn Cape
I	4921	1	7	4	2	-1	0	Dust-covered Leggings
I	4922	1	5	4	3	-1	0	Jagged Chain Vest
I	4923	1	21	2	0	-1	0	Primitive Hatchet
I	4924	1	21	2	4	-1	0	Primitive Club
I	4925	1	13	2	15	-1	0	Primitive Hand Blade
I	4928	1	9	4	2	-1	0	Sandrunner Wristguards
I	4929	1	5	4	2	-1	0	Light Scorpid Armor
I	4931	1	15	2	2	-1	0	Hickory Shortbow
I	4932	1	21	2	7	-1	0	Harpy Wing Clipper
I	4933	1	16	4	1	-1	0	Seasoned Fighter's Cloak
I	4935	1	6	4	3	-1	0	Wide Metal Girdle
I	4936	1	8	4	1	-1	0	Dirt-trodden Boots
I	4937	1	14	4	6	-1	0	Charging Buckler
I	4938	1	17	2	10	-1	0	Blemished Wooden Staff
I	4939	2	17	2	8	-1	0	Steady Bastard Sword
I	4940	1	10	4	2	-1	0	Veiled Grips
I	4941	1	0	0	0	-1	0	Really Sticky Glue
I	4942	1	8	4	2	-1	0	Tiger Hide Boots
I	4944	1	16	4	1	-1	0	Handsewn Cloak
I	4945	1	0	0	0	-1	0	Faintly Glowing Skull
I	4946	1	8	4	3	-1	0	Lightweight Boots
I	4947	2	13	2	15	-1	0	Jagged Dagger
I	4948	2	21	2	4	-1	0	Stinging Mace
I	4950	1	14	4	6	-1	0	Deprecated Orc Protector
I	4952	1	0	0	0	-1	0	Stormstout
I	4953	1	0	0	3	-1	0	Trogg Ale
I	4954	1	6	4	2	-1	0	Nomadic Belt
I	4958	1	16	4	1	-1	0	Sun-beaten Cloak
I	4960	1	24	6	3	-1	0	Flash Pellet
I	4961	1	17	2	10	-1	0	Dreamwatcher Staff
I	4962	1	10	4	2	-1	0	Double-layered Gloves
I	4963	1	16	4	1	-1	0	Thunderhorn Cloak
I	4964	2	17	2	5	-1	0	Goblin Smasher
I	4967	1	14	4	6	-1	0	Tribal Warrior's Shield
I	4968	1	5	4	2	-1	0	Bound Harness
I	4969	1	9	4	3	-1	0	Fortified Bindings
I	4970	1	7	4	2	-1	0	Rough-hewn Kodo Leggings
I	4971	2	21	2	4	-1	0	Skorn's Hammer
I	4972	1	8	4	3	-1	0	Cliff Runner Boots
I	4973	1	9	4	2	-1	0	Plains Hunter Wristguards
I	4974	2	13	2	15	-1	0	Compact Fighting Knife
I	4975	2	14	4	6	-1	0	Vigilant Buckler
I	4976	2	7	4	2	-1	0	Mistspray Kilt
I	4977	2	21	2	7	-1	0	Sword of Hammerfall
I	4978	2	21	2	4	-1	0	Ryedol's Hammer
I	4979	2	9	4	1	-1	0	Enchanted Stonecloth Bracers
I	4980	2	10	4	2	-1	0	Prospector Gloves
I	4982	0	6	4	2	-1	0	Ripped Prospector Belt
I	4983	2	17	2	5	-1	0	Rock Pulverizer
I	4984	2	23	4	0	-1	0	Skull of Impending Doom
I	4986	1	0	12	0	2047	0	Flawed Power Stone
I	4987	2	13	2	7	-1	0	Dwarf Captain's Sword
I	5016	2	7	4	1	-1	0	Artisan's Trousers
I	5057	1	0	0	0	-1	1	Ripe Watermelon
I	5081	1	18	1	0	-1	0	Kodo Hide Bag
I	5083	2	0	9	1	2047	0	Pattern: Kodo Hide Bag
I	5175	1	0	5	0	-1	0	Earth Totem
I	5176	1	0	5	0	-1	0	Fire Totem
I	5177	1	0	5	0	-1	0	Water Totem
I	5178	1	0	5	0	-1	0	Air Totem
I	5205	1	0	0	0	-1	5	Sprouted Frond
I	5218	1	0	12	0	2047	0	Cleansed Timberling Heart
I	5240	2	26	2	19	-1	0	Torchlight Wand
I	5241	2	26	2	19	-1	0	Dwarven Flamestick
I	5242	2	26	2	19	-1	0	Cinder Wand
I	5244	2	26	2	19	-1	0	Consecrated Wand
I	5246	2	26	2	19	-1	0	Excavation Rod
I	5247	2	26	2	19	-1	0	Rod of Sorrow
I	5248	2	26	2	19	-1	0	Flash Wand
I	5249	2	26	2	19	-1	0	Burning Sliver
I	5250	2	26	2	19	-1	0	Charred Wand
I	5251	1	0	12	0	-1	0	Phial of Scrying
I	5252	2	26	2	19	-1	0	Wand of Decay
I	5253	2	26	2	19	-1	0	Goblin Igniter
I	5274	2	3	4	1	-1	0	Rose Mantle
I	5275	2	6	4	2	-1	0	Binding Girdle
I	5279	2	13	2	15	-1	0	Harpy Skinner
I	5299	2	10	4	2	-1	0	Gloves of the Moon
I	5302	2	14	4	6	-1	0	Cobalt Buckler
I	5306	2	17	2	10	-1	0	Wind Rider Staff
I	5309	2	26	2	3	-1	0	Privateer Musket
I	5310	2	7	4	1	-1	0	Sea Dog Britches
I	5311	2	8	4	2	-1	0	Buckled Boots
I	5312	2	10	4	3	-1	0	Riveted Gauntlets
I	5313	2	11	4	0	-1	0	Totemic Clan Ring
I	5314	2	16	4	1	-1	0	Boar Hunter's Cape
I	5315	2	9	4	1	-1	0	Timberland Armguards
I	5316	2	5	4	2	-1	0	Barkshell Tunic
I	5317	2	5	4	2	-1	0	Dry Moss Tunic
I	5318	2	17	2	1	-1	0	Zhovur Axe
I	5320	2	8	4	3	-1	0	Padded Lamellar Boots
I	5321	2	13	2	7	-1	0	Elegant Shortsword
I	5322	2	17	2	5	-1	0	Demolition Hammer
I	5323	2	23	4	0	-1	0	Everglow Lantern
I	5324	2	21	2	4	-1	0	Engineer's Hammer
I	5325	2	14	4	6	-1	0	Welding Shield
I	5326	2	26	2	19	-1	0	Flaring Baton
I	5327	2	7	4	2	-1	0	Greasy Tinker's Pants
I	5328	2	6	4	3	-1	0	Cinched Belt
I	5335	1	0	15	0	-1	0	A Sack of Coins
I	5337	2	10	4	1	-1	0	Wayfaring Gloves
I	5340	2	17	2	10	-1	0	Cauldron Stirrer
I	5341	2	5	4	2	-1	0	Spore-covered Tunic
I	5342	1	0	0	0	-1	0	Raptor Punch
I	5343	2	16	4	1	-1	0	Barkeeper's Cloak
I	5344	2	21	2	0	-1	0	Pointed Axe
I	5345	2	17	2	5	-1	0	Stonewood Hammer
I	5346	2	15	2	2	-1	0	Orcish Battle Bow
I	5351	2	11	4	0	-1	0	Bounty Hunter's Ring
I	5355	2	6	4	2	-1	0	Beastmaster's Girdle
I	5356	2	26	2	19	-1	0	Branding Rod
I	5357	2	14	4	6	-1	0	Ward of the Vale
I	5392	1	13	2	15	-1	0	Thistlewood Dagger
I	5393	1	17	2	10	-1	0	Thistlewood Staff
I	5394	1	10	4	2	-1	0	Archery Training Gloves
I	5395	1	14	4	6	-1	0	Woodland Shield
I	5396	1	0	13	0	-1	0	Key to Searing Gorge
I	5398	1	7	4	2	-1	0	Canopy Leggings
I	5399	1	8	4	3	-1	0	Tracking Boots
I	5405	1	16	4	1	-1	0	Draped Cloak
I	5419	1	9	4	2	-1	0	Feral Bracers
I	5420	2	5	4	1	-1	0	Banshee Armor
I	5421	1	0	0	0	-1	0	Fiery Blaze Enchantment
I	5457	1	0	0	0	-1	0	Severed Voodoo Claw
I	5458	1	6	4	1	-1	0	Dirtwood Belt
I	5459	2	21	2	0	-1	0	Defender Axe
I	5462	1	0	12	0	-1	0	Dartol's Rod of Transformation
I	5472	1	0	0	0	-1	1	Kaldorei Spider Kabob
I	5477	1	0	0	0	-1	5	Strider Stew
I	5478	1	0	0	0	2047	10	Dig Rat Stew
I	5482	1	0	9	5	-1	0	Recipe: Kaldorei Spider Kabob
I	5486	1	0	9	5	-1	0	Recipe: Strider Stew
I	5487	1	0	9	5	2047	0	Recipe: Dig Rat Stew
I	5579	1	17	2	5	-1	0	Militia Warhammer
I	5580	1	21	2	4	-1	0	Militia Hammer
I	5581	1	17	2	10	-1	0	Smooth Walking Staff
I	5586	1	21	2	7	-1	0	Thistlewood Blade
I	5587	2	21	2	4	-1	0	Thornroot Club
I	5589	1	10	4	3	-1	0	Moss-covered Gauntlets
I	5590	1	9	4	1	-1	0	Cord Bracers
I	5591	1	16	4	1	-1	0	Rain-spotted Cape
I	5592	1	6	4	3	-1	0	Shackled Girdle
I	5593	1	14	4	6	-1	0	Crag Buckler
I	5595	1	17	2	5	-1	0	Thicket Hammer
I	5596	1	15	2	2	-1	0	Ashwood Bow
I	5604	2	26	2	19	-1	0	Elven Wand
I	5605	1	13	2	15	-1	0	Pruning Knife
I	5606	1	10	4	1	-1	0	Gardening Gloves
I	5609	2	6	4	2	-1	0	Steadfast Cinch
I	5610	2	16	4	1	-1	0	Gustweald Cloak
I	5611	2	23	4	0	-1	0	Tear of Grief
I	5612	1	9	4	2	-1	0	Ivy Cuffs
I	5613	2	17	2	10	-1	0	Staff of the Purifier
I	5614	2	17	2	8	-1	0	Seraph's Strike
I	5615	2	17	2	8	-1	0	Woodsman Sword
I	5617	2	7	4	2	-1	0	Vagabond Leggings
I	5618	1	16	4	1	-1	0	Scout's Cloak
I	5622	2	11	4	0	-1	0	Clergy Ring
I	5626	2	17	2	1	-1	0	Skullchipper
I	5627	2	13	2	15	-1	0	Relic Blade
I	5629	2	10	4	2	-1	0	Hammerfist Gloves
I	5630	2	10	4	2	-1	0	Windfelt Gloves
I	5757	2	21	2	4	-1	0	Hardwood Cudgel
I	5761	1	17	2	5	-1	0	Anvilmar Sledge
I	5776	1	17	2	10	-1	0	Elder's Cane
I	5777	1	17	2	1	-1	0	Brave's Axe
I	5778	1	17	2	10	-1	0	Primitive Walking Stick
I	5779	1	17	2	8	-1	0	Forsaken Bastard Sword
I	5806	1	0	12	0	-1	0	Fool's Stout
I	5812	2	20	4	1	-1	0	Robes of Antiquity
I	5813	2	17	2	8	-1	0	Emil's Brand
I	5814	2	5	4	2	-1	0	Snapbrook Armor
I	5815	2	17	2	5	-1	0	Glacial Stone
I	5816	1	0	0	0	-1	0	Light of Elune
I	5817	2	15	2	2	-1	0	Lunaris Bow
I	5818	2	26	2	19	-1	0	Moonbeam Wand
I	5820	2	3	4	1	-1	0	Faerie Mantle
I	5936	1	6	4	2	-1	0	Animal Skin Belt
I	5939	1	10	4	2	-1	0	Sewing Gloves
I	5940	1	14	4	6	-1	0	Bone Buckler
I	5941	1	7	4	3	-1	0	Brass Scale Pants
I	5944	2	8	4	3	-1	0	Greaves of the People's Militia
I	5951	1	0	0	0	-1	0	Moist Towelette
I	5996	1	0	0	3	-1	8	Elixir of Water Breathing
I	6048	1	0	0	3	-1	17	Shadow Protection Potion
I	6049	1	0	0	3	-1	23	Fire Protection Potion
I	6058	1	6	4	2	-1	0	Blackened Leather Belt
I	6059	1	5	4	2	-1	0	Nomadic Vest
I	6060	1	9	4	1	-1	0	Flax Bracers
I	6061	1	9	4	3	-1	0	Graystone Bracers
I	6062	1	9	4	1	-1	0	Heavy Cord Bracers
I	6063	1	10	4	3	-1	0	Cold Steel Gauntlets
I	6070	1	9	4	2	-1	0	Wolfskin Bracers
I	6076	1	7	4	1	-1	0	Tapered Pants
I	6078	1	14	4	6	-1	0	Pikeman Shield
I	6084	2	7	4	3	-1	0	Stormwind Guard Leggings
I	6085	2	5	4	2	-1	0	Footman Tunic
I	6087	3	7	4	3	-1	0	Chausses of Westfall
I	6092	2	8	4	2	-1	0	Black Whelp Boots
I	6093	2	17	2	5	-1	0	Orc Crusher
I	6094	2	17	2	1	-1	0	Piercing Axe
I	6095	2	8	4	1	-1	0	Wandering Boots
I	6149	1	0	0	3	-1	31	Greater Mana Potion
I	6171	1	10	4	2	-1	0	Wolf Handler Gloves
I	6173	1	8	4	1	-1	0	Snow Boots
I	6176	1	14	4	6	-1	0	Dwarven Kite Shield
I	6177	1	9	4	3	-1	0	Ironwrought Bracers
I	6183	1	0	0	0	32767	0	Unlit Poor Torch
I	6185	1	16	4	1	-1	0	Bear Shawl
I	6186	2	17	2	8	-1	0	Trogg Slicer
I	6187	2	14	4	6	-1	0	Dwarven Defender
I	6188	2	8	4	3	-1	0	Mud Stompers
I	6189	1	3	4	3	-1	0	Durable Chain Shoulders
I	6191	2	8	4	1	-1	0	Kimbra Boots
I	6194	2	21	2	0	-1	0	Barreling Reaper
I	6215	2	17	2	10	-1	0	Balanced Fighting Stick
I	6223	2	14	4	6	-1	0	Crest of Darkshire
I	6256	1	17	2	20	-1	0	Fishing Pole
I	6282	2	7	4	1	-1	0	Sacred Burial Trousers
I	6335	2	8	4	2	-1	0	Grizzled Boots
I	6372	1	0	0	3	-1	10	Swim Speed Potion
I	6414	3	11	4	0	-1	0	Seal of Sylvanas
I	6452	1	0	5	0	-1	0	Anti-Venom
I	6476	2	0	9	1	-1	0	Pattern: Deviate Scale Belt
I	6477	2	6	4	1	-1	0	Grassland Sash
I	6480	2	7	4	2	-1	0	Slick Deviate Leggings
I	6481	2	10	4	3	-1	0	Dagmire Gauntlets
I	6482	2	8	4	1	-1	0	Firewalker Boots
I	6502	2	5	4	3	-1	0	Violet Scale Armor
I	6503	2	20	4	1	-1	0	Harlequin Robes
I	6504	3	21	2	7	-1	0	Wingblade
I	6505	3	17	2	10	-1	0	Crescent Staff
I	6533	1	0	7	3	-1	0	Aquadynamic Fish Attractor
I	6635	1	0	0	0	-1	0	Earth Sapta
I	6636	1	0	0	0	-1	0	Fire Sapta
I	6637	1	0	0	0	2047	0	Water Sapta
I	6654	1	23	12	0	-1	0	Torch of the Eternal Flame
I	6659	2	7	4	1	-1	0	Scarab Trousers
I	6664	2	3	4	1	-1	0	Voodoo Mantle
I	6665	2	9	4	3	-1	0	Hexed Bracers
I	6666	2	8	4	3	-1	0	Dredge Boots
I	6667	2	16	4	1	-1	0	Engineer's Cloak
I	6668	2	8	4	2	-1	0	Draftsman Boots
I	6669	2	11	4	0	-1	0	Sacred Band
I	6670	2	5	4	2	-1	0	Panther Armor
I	6671	2	7	4	3	-1	0	Juggernaut Leggings
I	6672	2	0	9	3	-1	0	Schematic: Flash Bomb
I	6675	2	9	4	3	-1	0	Tempered Bracers
I	6676	2	14	4	6	-1	0	Constable Buckler
I	6677	2	26	2	19	-1	0	Spellcrafter Wand
I	6678	2	11	4	0	-1	0	Band of Elven Grace
I	6710	2	0	9	1	-1	0	Pattern: Moonglow Vest
I	6713	1	7	4	1	-1	0	Ripped Pants
I	6714	1	0	7	2	-1	10	Ez-Thro Dynamite
I	6719	2	6	4	2	-1	0	Windborne Belt
I	6720	2	1	4	2	-1	0	Spirit Hunter Headdress
I	6721	2	5	4	3	-1	0	Chestplate of Kor
I	6722	2	9	4	3	-1	0	Beastial Manacles
I	6723	2	2	4	0	-1	0	Medal of Courage
I	6725	3	14	4	6	-1	0	Marbled Buckler
I	6726	2	6	4	1	-1	0	Razzeric's Customized Seatbelt
I	6727	2	10	4	2	-1	0	Razzeric's Racing Grips
I	6729	2	26	2	19	-1	0	Fizzle's Zippy Lighter
I	6732	2	10	4	2	-1	0	Gnomish Mechanic's Gloves
I	6735	2	0	9	4	-1	0	Plans: Ironforge Breastplate
I	6737	2	7	4	1	-1	0	Dryleaf Pants
I	6738	2	21	2	0	-1	0	Bleeding Crescent
I	6739	2	15	2	2	-1	0	Cliffrunner's Aim
I	6740	2	6	4	2	-1	0	Azure Sash
I	6741	1	17	2	8	-1	0	Orcish War Sword
I	6742	3	6	4	3	-1	0	Stonefist Girdle
I	6743	2	11	4	0	-1	0	Sustaining Ring
I	6744	2	10	4	1	-1	0	Gloves of Kapelan
I	6745	2	16	4	1	-1	0	Swiftrunner Cape
I	6746	2	14	4	6	-1	0	Basalt Buckler
I	6747	2	3	4	3	-1	0	Enforcer Pauldrons
I	6748	2	11	4	0	-1	0	Monkey Ring
I	6749	2	11	4	0	-1	0	Tiger Band
I	6750	2	11	4	0	-1	0	Snake Hoop
I	6751	2	16	4	1	-1	0	Mourning Shawl
I	6752	2	8	4	2	-1	0	Lancer Boots
I	6755	1	0	15	0	-1	0	A Small Container of Gems
I	6757	2	11	4	0	-1	0	Jaina's Signet Ring
I	6773	2	5	4	3	-1	0	Gelkis Marauder Chain
I	6774	2	23	4	0	-1	0	Uthek's Finger
I	6775	1	0	12	0	-1	12	Tome of Divinity
I	6776	1	0	12	0	2047	20	Tome of Valor
I	6780	2	6	4	1	-1	0	Lilac Sash
I	6784	2	10	4	2	-1	0	Braced Handguards
I	6788	2	6	4	2	-1	0	Magram Hunter's Belt
I	6789	2	16	4	1	-1	0	Ceremonial Centaur Blanket
I	6790	2	11	4	0	-1	0	Ring of Calm
I	6791	2	8	4	1	-1	0	Hellion Boots
I	6792	2	3	4	3	-1	0	Sanguine Pauldrons
I	6793	2	9	4	3	-1	0	Auric Bracers
I	6794	2	10	4	2	-1	0	Stormfire Gauntlets
I	6797	2	26	2	19	-1	0	Eyepoker
I	6798	2	26	2	3	-1	0	Blasting Hackbut
I	6801	2	20	4	1	-1	0	Baroque Apron
I	6802	3	13	2	7	-1	0	Sword of Omen
I	6803	3	23	4	0	-1	0	Prophetic Cane
I	6804	2	21	2	4	-1	0	Windstorm Hammer
I	6806	2	26	2	19	-1	0	Dancing Flame
I	6807	1	0	0	0	-1	0	Frog Leg Stew
I	6811	1	0	0	0	2047	0	Aquadynamic Fish Lens
I	6827	1	0	15	0	-1	0	Box of Supplies
I	6828	2	14	4	6	-1	0	Visionary Buckler
I	6829	3	13	2	7	-1	0	Sword of Serenity
I	6830	3	17	2	1	-1	0	Bonebiter
I	6831	3	13	2	15	-1	0	Black Menace
I	6832	2	16	4	1	2047	0	Cloak of Blight
I	6851	1	0	0	0	-1	0	Essence of the Exile
I	6866	1	0	12	0	-1	12	Symbol of Life
I	6898	2	23	4	0	31488	0	Orb of Soran'ruk
I	6900	3	20	4	1	256	0	Enchanted Gold Bloodrobe
I	6916	1	0	12	0	2047	12	Tome of Divinity
I	6953	3	17	2	5	2	0	Verigan's Fist
I	6966	2	21	2	0	1	0	Elunite Axe
I	6967	2	21	2	7	1	0	Elunite Sword
I	6968	2	21	2	4	1	0	Elunite Hammer
I	6969	2	13	2	15	1	0	Elunite Dagger
I	6970	2	14	4	6	1	0	Furen's Favor
I	6971	2	1	4	3	1	0	Fire Hardened Coif
I	6972	3	5	4	3	1	0	Fire Hardened Hauberk
I	6973	2	7	4	3	1	0	Fire Hardened Leggings
I	6974	2	10	4	3	1	0	Fire Hardened Gauntlets
I	6975	3	17	2	1	1	0	Whirlwind Axe
I	6976	3	17	2	5	1	0	Whirlwind Warhammer
I	6977	3	17	2	8	1	0	Whirlwind Sword
I	6978	2	21	2	0	1	0	Umbral Axe
I	6979	2	21	2	0	1	0	Haggard's Axe
I	6980	2	13	2	15	1	0	Haggard's Dagger
I	6981	2	13	2	15	1	0	Umbral Dagger
I	6982	2	21	2	4	1	0	Umbral Mace
I	6983	2	21	2	4	1	0	Haggard's Hammer
I	6984	2	21	2	7	1	0	Umbral Sword
I	6985	2	21	2	7	1	0	Haggard's Sword
I	6993	1	0	12	0	2047	0	Jordan's Refined Ore Shipment
I	6998	2	8	4	1	-1	0	Nimbus Boots
I	7000	2	6	4	2	-1	0	Heartwood Girdle
I	7001	3	26	2	19	-1	0	Gravestone Scepter
I	7002	3	14	4	6	-1	0	Arctic Buckler
I	7003	2	9	4	3	-1	0	Beetle Clasps
I	7004	2	16	4	1	-1	0	Prelacy Cape
I	7083	1	0	12	0	-1	0	Purified Kor Gem
I	7097	1	0	0	0	-1	1	Leg Meat
I	7106	2	10	4	1	-1	0	Zodiac Gloves
I	7107	2	6	4	3	-1	0	Belt of the Stars
I	7115	2	21	2	0	1	0	Heirloom Axe
I	7116	2	13	2	15	1	0	Heirloom Dagger
I	7117	2	21	2	4	1	0	Heirloom Hammer
I	7118	2	21	2	7	1	0	Heirloom Sword
I	7120	2	14	4	6	1	0	Ruga's Bulwark
I	7129	2	10	4	3	1	0	Brutal Gauntlets
I	7130	2	1	4	3	1	0	Brutal Helm
I	7132	2	7	4	3	1	0	Brutal Legguards
I	7133	3	5	4	3	1	0	Brutal Hauberk
I	7229	2	5	4	3	-1	0	Explorer's Vest
I	7298	2	13	2	15	8	0	Blade of Cunning
I	7326	2	21	2	0	1	0	Thun'grim's Axe
I	7327	2	13	2	15	1	0	Thun'grim's Dagger
I	7328	2	21	2	4	1	0	Thun'grim's Mace
I	7329	2	21	2	7	1	0	Thun'grim's Sword
I	7334	2	20	4	1	-1	0	Efflorescent Robe
I	7335	2	5	4	2	-1	0	Grizzly Tunic
I	7336	2	5	4	3	2047	0	Wildwood Chain
I	7344	2	23	4	0	-1	0	Torch of Holy Flame
I	7507	2	23	4	0	128	0	Arcane Orb
I	7508	2	23	4	0	128	0	Ley Orb
I	7509	2	20	4	1	128	0	Manaweave Robe
I	7510	2	20	4	1	128	0	Lesser Spellfire Robes
I	7511	2	20	4	1	128	0	Astral Knot Robe
I	7512	2	20	4	1	128	0	Nether-lace Robe
I	7513	3	26	2	19	128	0	Ragefire Wand
I	7514	3	26	2	19	128	0	Icefury Wand
I	7515	3	23	4	0	31360	0	Celestial Orb
I	7606	2	10	4	3	-1	0	Polar Gauntlets
I	7607	2	26	2	19	-1	0	Sable Wand
I	7667	1	0	12	0	-1	0	Talvash's Phial of Scrying
I	7673	3	2	4	0	-1	0	Talvash's Enhancing Necklace
I	7676	1	0	0	3	8	5	Thistle Tea
I	7738	2	10	4	1	-1	0	Evergreen Gloves
I	7739	2	16	4	1	-1	0	Timberland Cape
I	7746	2	2	4	0	-1	0	Explorers' League Commendation
I	7747	2	14	4	6	-1	0	Vile Protector
I	7749	2	23	4	0	-1	0	Omega Orb
I	7750	2	3	4	1	-1	0	Mantle of Woe
I	7751	2	8	4	2	-1	0	Vorrel's Boots
I	7888	3	2	4	0	-1	0	Jarkal's Enhancing Necklace
I	7907	1	0	15	0	-1	0	Certificate of Thievery
I	7912	1	0	7	0	-1	0	Solid Stone
I	7964	1	0	7	0	-1	25	Solid Sharpening Stone
I	7965	1	0	7	0	-1	25	Solid Weightstone
I	7978	2	0	9	4	-1	0	Plans: Barbaric Iron Shoulders
I	7979	2	0	9	4	-1	0	Plans: Barbaric Iron Breastplate
I	7980	2	0	9	4	-1	0	Plans: Barbaric Iron Helm
I	7981	2	0	9	4	-1	0	Plans: Barbaric Iron Boots
I	7982	2	0	9	4	-1	0	Plans: Barbaric Iron Gloves
I	7983	2	0	9	4	-1	0	Plans: Ornate Mithril Pants
I	7984	2	0	9	4	-1	0	Plans: Ornate Mithril Gloves
I	7985	2	0	9	4	-1	0	Plans: Ornate Mithril Shoulder
I	7994	2	0	9	4	-1	0	Plans: Orcish War Leggings
I	8066	1	0	12	0	2047	1	Fizzule's Whistle
I	8071	2	26	2	19	-1	0	Sizzle Stick
I	8095	1	0	0	0	2047	1	Hinott's Oil
I	8173	1	0	0	0	-1	30	Thick Armor Kit
I	8403	2	0	9	1	2047	0	Pattern: Wild Leather Shoulders
I	8404	2	0	9	1	2047	0	Pattern: Wild Leather Vest
I	8405	2	0	9	1	2047	0	Pattern: Wild Leather Helmet
I	8406	2	0	9	1	2047	0	Pattern: Wild Leather Boots
I	8407	2	0	9	1	2047	0	Pattern: Wild Leather Leggings
I	8408	2	0	9	1	2047	0	Pattern: Wild Leather Cloak
I	8410	1	0	0	0	-1	0	R.O.I.D.S.
I	8411	1	0	0	0	-1	0	Lung Juice Cocktail
I	8412	1	0	0	0	-1	0	Ground Scorpok Assay
I	8423	1	0	0	0	-1	0	Cerebral Cortex Compound
I	8424	1	0	0	0	-1	0	Gizzard Gum
I	8432	1	0	0	0	-1	1	Eau de Mixilpixil
I	8484	1	0	15	0	-1	0	Gadgetzan Water Co. Care Package
I	8524	2	0	12	0	-1	0	Model 4711-FTZ Power Source
I	8529	1	0	0	3	-1	35	Noggenfogger Elixir
I	8647	1	0	12	0	2047	0	Egg Crate
I	8703	2	12	12	0	-1	0	Signet of Expertise
I	8766	1	0	0	0	-1	45	Morning Glory Dew
I	8952	1	0	0	0	-1	45	Roasted Quail
I	9030	1	0	0	3	-1	32	Restorative Potion
I	9036	1	0	0	3	-1	32	Magic Resistance Potion
I	9173	1	0	12	0	-1	1	Goblin Transponder
I	9197	1	0	0	3	-1	38	Elixir of Dream Vision
I	9224	1	0	0	3	-1	40	Elixir of Demonslaying
I	9260	1	0	0	3	32767	0	Volatile Rum
I	9265	1	0	12	0	-1	0	Cuergo's Hidden Treasure
I	9307	1	0	12	0	-1	0	A Sparkling Stone
I	9363	1	0	15	0	-1	0	Sparklematic-Wrapped Box
I	9367	2	0	9	4	-1	0	Plans: Golden Scale Gauntlets
I	9513	2	17	2	10	128	0	Ley Staff
I	9514	2	17	2	10	128	0	Arcane Staff
I	9515	2	5	4	1	128	0	Nether-lace Tunic
I	9516	2	5	4	1	128	0	Astral Knot Blouse
I	9517	3	17	2	10	128	0	Celestial Stave
I	9518	2	10	4	2	-1	0	Mud's Crushers
I	9519	2	8	4	1	2047	0	Durtfeet Stompers
I	9520	2	13	2	15	-1	0	Silent Hunter
I	9521	2	17	2	1	-1	0	Skullsplitter
I	9522	2	14	4	6	-1	0	Energized Stone Circle
I	9527	2	17	2	10	-1	0	Spellshifter Rod
I	9531	2	3	4	4	-1	0	Gemshale Pauldrons
I	9533	3	11	4	0	-1	0	Masons Fraternity Ring
I	9534	3	1	4	2	-1	0	Engineer's Guild Headpiece
I	9535	2	9	4	3	-1	0	Fire-welded Bracers
I	9536	2	3	4	1	-1	0	Fairywing Mantle
I	9538	3	11	4	0	-1	0	Talvash's Gold Ring
I	9539	1	0	15	0	2047	0	Box of Rations
I	9540	1	0	15	0	2047	0	Box of Spells
I	9541	1	0	15	0	2047	0	Box of Goodies
I	9550	1	0	12	0	2047	0	Encrypted Rune
I	9587	1	18	1	0	-1	0	Thawpelt Sack
I	9588	3	11	4	0	-1	0	Nogg's Gold Ring
I	9598	2	20	4	1	-1	0	Sleeping Robes
I	9599	2	7	4	3	-1	0	Barkmail Leggings
I	9600	1	7	4	1	-1	0	Lace Pants
I	9601	1	8	4	2	-1	0	Cushioned Boots
I	9603	2	17	2	10	-1	0	Gritroot Staff
I	9604	2	17	2	5	-1	0	Mechanic's Pipehammer
I	9605	2	16	4	1	-1	0	Repairman's Cape
I	9607	2	14	4	6	2	0	Bastion of Stormwind
I	9608	2	22	2	0	-1	0	Shoni's Disarming Tool
I	9609	2	10	4	1	-1	0	Shilly Mitts
I	9622	2	11	4	0	-1	0	Reedknot Ring
I	9623	3	20	4	1	-1	0	Civinad Robes
I	9624	3	7	4	2	-1	0	Triprunner Dungarees
I	9625	3	7	4	3	-1	0	Dual Reinforced Leggings
I	9626	2	17	2	1	-1	0	Dwarven Charge
I	9627	2	23	4	0	-1	0	Explorer's League Lodestar
I	9630	2	8	4	2	-1	0	Pratt's Handcrafted Boots
I	9631	2	10	4	2	-1	0	Pratt's Handcrafted Gloves
I	9632	2	10	4	2	-1	0	Jangdor's Handcrafted Gloves
I	9633	2	8	4	2	-1	0	Jangdor's Handcrafted Boots
I	9634	2	10	4	1	-1	0	Skilled Handling Gloves
I	9635	2	16	4	1	-1	0	Master Apothecary Cape
I	9636	2	6	4	1	-1	0	Swashbuckler Sash
I	9637	2	8	4	4	-1	0	Shinkicker Boots
I	9638	2	9	4	3	-1	0	Chelonian Cuffs
I	9642	2	11	4	0	-1	0	Band of the Great Tortoise
I	9643	2	14	4	6	-1	0	Optomatic Deflector
I	9644	2	23	4	0	-1	0	Thermotastic Egg Timer
I	9645	2	8	4	1	-1	0	Gnomish Inventor Boots
I	9646	2	8	4	4	-1	0	Gnomish Water Sinking Device
I	9647	2	3	4	2	-1	0	Failed Flying Experiment
I	9648	2	16	4	1	-1	0	Chainlink Towel
I	9649	2	20	4	1	-1	0	Royal Highmark Vestments
I	9650	2	5	4	3	-1	0	Honorguard Chestpiece
I	9651	2	21	2	4	-1	0	Gryphon Rider's Stormhammer
I	9652	2	7	4	2	-1	0	Gryphon Rider's Leggings
I	9654	2	26	2	19	-1	0	Cairnstone Sliver
I	9655	2	11	4	0	-1	0	Seedtime Hoop
I	9656	2	10	4	4	-1	0	Granite Grips
I	9657	2	6	4	2	-1	0	Vinehedge Cinch
I	9658	2	8	4	1	-1	0	Boots of the Maharishi
I	9660	2	16	4	1	-1	0	Stargazer Cloak
I	9661	2	14	4	6	-1	0	Earthclasp Barrier
I	9662	2	8	4	4	-1	0	Rushridge Boots
I	9663	2	5	4	3	-1	0	Dawnrider's Chestpiece
I	9664	2	1	4	4	-1	0	Sentinel's Guard
I	9665	2	10	4	1	-1	0	Wingcrest Gloves
I	9666	2	6	4	3	-1	0	Stronghorn Girdle
I	9678	2	17	2	5	-1	0	Tok'kar's Murloc Basher
I	9679	2	17	2	1	-1	0	Tok'kar's Murloc Chopper
I	9680	2	13	2	15	-1	0	Tok'kar's Murloc Shanker
I	9681	1	0	0	0	-1	35	Grilled King Crawler Legs
I	9682	2	6	4	2	-1	0	Leather Chef's Belt
I	9683	2	17	2	10	-1	0	Strength of the Treant
I	9684	2	21	2	0	-1	0	Force of the Hippogryph
I	9686	2	21	2	4	-1	0	Spirit of the Faerie Dragon
I	9687	2	6	4	2	-1	0	Grappler's Belt
I	9698	2	10	4	2	-1	0	Gloves of Insight
I	9699	2	16	4	1	-1	0	Garrison Cloak
I	9703	2	16	4	1	-1	0	Scorched Cape
I	9704	2	10	4	2	-1	0	Rustler Gloves
I	9705	2	6	4	2	-1	0	Tharg's Shoelace
I	9706	2	14	4	6	-1	0	Tharg's Disk
I	10043	2	7	4	1	-1	0	Pious Legwraps
I	10050	1	18	1	0	-1	0	Mageweave Bag
I	10358	2	9	4	3	-1	0	Duracin Bracers
I	10359	2	8	4	1	-1	0	Everlast Boots
I	10398	1	0	15	0	-1	0	Mechanical Chicken
I	10418	2	12	12	0	-1	0	Glimmering Mithril Insignia
I	10444	1	0	12	0	-1	1	Standard Issue Flare Gun
I	10455	2	12	4	0	-1	0	Chained Essence of Eranikus
I	10456	1	0	15	0	-1	0	A Bulging Coin Purse
I	10461	2	9	4	1	-1	0	Shadowy Bracers
I	10462	2	6	4	1	-1	0	Shadowy Belt
I	10463	2	0	9	2	2047	0	Pattern: Shadoweave Mask
I	10479	2	0	15	0	2047	0	Kovic's Trading Satchel
I	10515	1	17	4	0	-1	0	Torch of Retribution
I	10544	1	21	2	4	-1	0	Thistlewood Maul
I	10547	1	13	2	15	-1	0	Camping Knife
I	10549	2	7	4	1	-1	0	Rancher's Trousers
I	10550	1	10	4	1	-1	0	Wooly Mittens
I	10569	1	0	15	0	-1	0	Hoard of the Black Dragonflight
I	10635	1	7	4	3	-1	0	Painted Chain Leggings
I	10636	1	10	4	2	-1	0	Nomadic Gloves
I	10637	2	10	4	1	-1	0	Brewer's Gloves
I	10638	2	16	4	1	-1	0	Long Draping Cape
I	10652	2	17	2	1	-1	0	Will of the Mountain Giant
I	10653	2	8	4	2	-1	0	Trailblazer Boots
I	10654	2	10	4	1	-1	0	Jutebraid Gloves
I	10655	1	7	4	1	-1	0	Sedgeweed Britches
I	10656	1	5	4	3	-1	0	Barkmail Vest
I	10657	2	3	4	1	-1	0	Talbar Mantle
I	10658	2	8	4	3	-1	0	Quagmire Galoshes
I	10659	2	12	4	0	-1	0	Shard of Afrasa
I	10686	2	14	4	6	-1	0	Aegis of Battle
I	10696	2	21	2	7	-1	0	Enchanted Azsharite Felbane Sword
I	10697	2	13	2	15	-1	0	Enchanted Azsharite Felbane Dagger
I	10698	2	17	2	10	-1	0	Enchanted Azsharite Felbane Staff
I	10700	2	8	4	1	-1	0	Encarmine Boots
I	10701	2	8	4	3	-1	0	Boots of Zua'tec
I	10702	2	8	4	2	-1	0	Enormous Ogre Boots
I	10703	2	13	2	15	-1	0	Fiendish Skiv
I	10704	2	26	2	19	-1	0	Chillnail Splinter
I	10705	2	9	4	1	-1	0	Firwillow Wristbands
I	10706	2	6	4	3	-1	0	Nightscale Girdle
I	10707	2	8	4	4	-1	0	Steelsmith Greaves
I	10708	2	23	4	0	-1	0	Skullspell Orb
I	10709	2	23	4	0	-1	0	Pyrestone Orb
I	10710	3	11	4	0	-1	0	Dragonclaw Ring
I	10711	3	2	4	0	-1	0	Dragon's Blood Necklace
I	10739	2	11	4	0	-1	0	Ring of Fortitude
I	10740	2	7	4	4	-1	0	Centurion Legplates
I	10741	2	1	4	2	-1	0	Lordrec Helmet
I	10742	2	7	4	1	-1	0	Dragonflight Leggings
I	10743	2	1	4	3	-1	0	Drakefire Headguard
I	10744	2	21	2	0	-1	0	Axe of the Ebon Drake
I	10745	2	3	4	2	-1	0	Kaylari Shoulders
I	10746	2	9	4	4	-1	0	Runesteel Vambraces
I	10747	2	6	4	1	-1	0	Teacher's Sash
I	10748	2	8	4	2	-1	0	Wanderlust Boots
I	10749	3	1	4	4	-1	0	Avenguard Helm
I	10750	3	13	2	15	-1	0	Lifeforce Dirk
I	10751	3	1	4	1	-1	0	Gemburst Circlet
I	10752	2	0	15	0	-1	0	Emerald Encrusted Chest
I	10773	2	0	15	0	-1	0	Hakkari Urn
I	10778	2	2	4	0	-1	0	Necklace of Sanctuary
I	10779	2	12	4	0	-1	0	Demon's Blood
I	10790	1	0	12	0	-1	0	Gnome Engineer Membership Card
I	10791	1	0	12	0	2047	0	Goblin Engineer Membership Card
I	10820	2	6	4	1	-1	0	Jackseed Belt
I	10821	2	16	4	1	-1	0	Sower's Cloak
I	10823	3	13	2	7	-1	0	Vanquisher's Sword
I	10824	3	2	4	0	-1	0	Amberglow Talisman
I	10826	2	17	2	10	-1	0	Staff of Lore
I	10827	2	5	4	2	-1	0	Surveyor's Tunic
I	10830	1	0	0	0	2047	0	M73 Frag Grenade
I	10919	2	10	4	1	-1	0	Apothecary Gloves
I	10959	2	18	1	0	-1	0	Demon Hide Sack
I	11000	1	0	13	0	-1	0	Shadowforge Key
I	11018	1	0	15	0	-1	0	Un'Goro Soil
I	11022	1	0	12	0	-1	0	Packet of Tharlendris Seeds
I	11120	2	21	2	4	-1	0	Belgrom's Hammer
I	11122	2	12	4	0	-1	0	Carrot on a Stick
I	11123	3	7	4	1	-1	0	Rainstrider Leggings
I	11124	3	1	4	3	-1	0	Helm of Exile
I	11187	1	9	4	1	-1	0	Stemleaf Bracers
I	11189	1	20	4	1	-1	0	Woodland Robes
I	11190	1	10	4	1	-1	0	Viny Gloves
I	11191	1	8	4	1	-1	0	Farmer's Boots
I	11192	1	10	4	1	-1	0	Outfitter Gloves
I	11193	2	5	4	2	-1	0	Blazewind Breastplate
I	11194	2	5	4	3	-1	0	Prismscale Hauberk
I	11195	2	5	4	4	-1	0	Warforged Chestplate
I	11196	2	2	4	0	-1	0	Mindburst Medallion
I	11229	2	6	4	3	-1	0	Brightscale Girdle
I	11243	1	0	12	0	-1	0	Videre Elixir
I	11262	3	23	4	0	-1	0	Orb of Lorica
I	11263	3	26	2	19	128	0	Nether Force Wand
I	11265	2	17	2	5	2047	0	Cragwood Maul
I	11320	1	0	12	0	-1	0	Bloodpetal Zapper
I	11324	1	18	1	0	-1	0	Explorer's Knapsack
I	11445	1	0	12	0	-1	0	Flute of the Ancients
I	11469	2	9	4	1	-1	0	Bloodband Bracers
I	11474	1	0	15	0	-1	0	Sprite Darter Egg
I	11475	1	16	4	1	-1	0	Wine-stained Cloak
I	11482	1	0	12	0	-1	0	Crystal Pylon User's Manual
I	11502	2	3	4	2	-1	0	Loreskin Shoulders
I	11516	1	0	12	0	-1	0	Cenarion Plant Salve
I	11562	1	0	12	0	-1	0	Crystal Restore
I	11563	1	0	12	0	-1	0	Crystal Force
I	11564	1	0	12	0	-1	0	Crystal Ward
I	11565	1	0	12	0	-1	0	Crystal Yield
I	11566	1	0	12	0	-1	0	Crystal Charge
I	11567	1	0	12	0	-1	0	Crystal Spire
I	11584	1	0	0	0	-1	0	Cactus Apple Surprise
I	11622	2	0	12	0	-1	0	Lesser Arcanum of Rumination
I	11642	2	0	12	0	-1	0	Lesser Arcanum of Constitution
I	11643	2	0	12	0	2047	0	Lesser Arcanum of Tenacity
I	11644	2	0	12	0	-1	0	Lesser Arcanum of Resilience
I	11645	2	0	12	0	-1	0	Lesser Arcanum of Voracity
I	11646	2	0	12	0	2047	0	Lesser Arcanum of Voracity
I	11647	2	0	12	0	-1	0	Lesser Arcanum of Voracity
I	11648	2	0	12	0	2047	0	Lesser Arcanum of Voracity
I	11649	2	0	12	0	2047	0	Lesser Arcanum of Voracity
I	11845	1	18	1	0	2047	0	Handmade Leather Bag
I	11846	1	0	0	0	-1	0	Wizbang's Special Brew
I	11847	1	16	4	1	-1	0	Battered Cloak
I	11848	1	6	4	1	-1	0	Flax Belt
I	11849	1	9	4	3	-1	0	Rustmetal Bracers
I	11850	1	16	4	1	-1	0	Short Duskbat Cape
I	11851	1	5	4	2	-1	0	Scavenger Tunic
I	11852	1	7	4	3	-1	0	Roamer's Leggings
I	11853	2	8	4	2	-1	0	Rambling Boots
I	11854	2	17	2	8	-1	0	Samophlange Screwdriver
I	11855	2	23	4	0	-1	0	Tork Wrench
I	11856	2	13	2	15	-1	0	Ceremonial Elven Blade
I	11857	2	17	2	10	-1	0	Sanctimonial Rod
I	11858	2	16	4	1	-1	0	Battlehard Cape
I	11859	2	23	4	0	-1	0	Jademoon Orb
I	11860	2	26	2	19	-1	0	Charged Lightning Rod
I	11861	2	6	4	3	-1	0	Girdle of Reprisal
I	11862	2	11	4	0	-1	0	White Bone Band
I	11863	2	22	2	13	-1	0	White Bone Shredder
I	11864	2	17	2	6	-1	0	White Bone Spear
I	11865	2	8	4	1	-1	0	Rancor Boots
I	11866	3	6	4	2	-1	0	Nagmara's Whipping Belt
I	11867	2	10	4	3	-1	0	Maddening Gauntlets
I	11868	2	11	4	0	-1	0	Choking Band
I	11869	2	11	4	0	-1	0	Sha'ni's Ring
I	11870	2	23	4	0	-1	0	Oblivion Orb
I	11871	2	3	4	2	-1	0	Snarkshaw Spaulders
I	11872	2	8	4	4	-1	0	Eschewal Greaves
I	11873	2	16	4	1	-1	0	Ethereal Mist Cape
I	11874	2	3	4	2	-1	0	Clouddrift Mantle
I	11875	2	9	4	1	-1	0	Breezecloud Bracers
I	11876	2	5	4	2	-1	0	Plainstalker Tunic
I	11882	2	7	4	3	-1	0	Outrider Leggings
I	11883	1	0	15	0	-1	0	A Dingy Fanny Pack
I	11884	2	3	4	1	-1	0	Moonlit Amice
I	11887	1	0	15	0	-1	0	Cenarion Circle Cache
I	11888	2	10	4	1	-1	0	Quintis' Research Gloves
I	11889	2	3	4	4	-1	0	Bark Iron Pauldrons
I	11902	2	21	2	7	-1	0	Linken's Sword of Mastery
I	11904	2	23	4	0	-1	0	Spirit of Aquementas
I	11905	2	12	4	0	-1	0	Linken's Boomerang
I	11906	2	21	2	4	-1	0	Beastsmasher
I	11907	2	17	2	1	-1	0	Beastslayer
I	11908	2	8	4	1	-1	0	Archaeologist's Quarry Boots
I	11909	2	6	4	2	-1	0	Excavator's Utility Belt
I	11910	2	7	4	4	-1	0	Bejeweled Legguards
I	11911	2	7	4	1	-1	0	Treetop Leggings
I	11913	2	1	4	3	-1	0	Clayridge Helm
I	11915	2	14	4	6	-1	0	Shizzle's Drizzle Blocker
I	11916	2	3	4	2	-1	0	Shizzle's Muzzle
I	11917	2	9	4	1	-1	0	Shizzle's Nozzle Wiper
I	11918	2	10	4	3	-1	0	Grotslab Gloves
I	11919	2	8	4	4	-1	0	Cragplate Greaves
I	11936	2	6	4	1	-1	0	Relic Hunter Belt
I	11962	3	9	4	1	-1	0	Manacle Cuffs
I	11963	2	3	4	2	-1	0	Penance Spaulders
I	11964	2	21	2	4	-1	0	Swiftstrike Cudgel
I	12000	2	17	2	1	-1	0	Limb Cleaver
I	12003	1	0	0	0	-1	0	Dark Dwarven Lager
I	12018	2	1	4	3	-1	0	Conservator Helm
I	12021	2	8	4	4	-1	0	Shieldplate Sabatons
I	12038	2	11	4	0	-1	0	Lagrave's Seal
I	12041	2	7	4	2	-1	0	Windshear Leggings
I	12049	2	5	4	3	-1	0	Splintsteel Armor
I	12050	2	8	4	1	-1	0	Hazecover Boots
I	12051	2	10	4	3	-1	0	Brazen Gauntlets
I	12059	3	2	4	0	-1	0	Conqueror's Medallion
I	12061	2	13	2	7	-1	0	Blade of Reckoning
I	12062	2	13	2	15	-1	0	Skilled Fighting Blade
I	12065	2	12	4	0	-1	0	Ward of the Elements
I	12066	2	16	4	1	-1	0	Shaleskin Cape
I	12082	2	3	4	2	-1	0	Wyrmhide Spaulders
I	12083	2	6	4	1	-1	0	Valconian Sash
I	12102	2	11	4	0	-1	0	Ring of the Aristocrat
I	12108	2	5	4	3	-1	0	Basaltscale Armor
I	12109	2	3	4	1	-1	0	Azure Moon Amice
I	12110	2	16	4	1	-1	0	Raincaster Drape
I	12111	2	10	4	4	-1	0	Lavaplate Gauntlets
I	12112	2	9	4	3	-1	0	Crypt Demon Bracers
I	12113	2	16	4	1	-1	0	Sunborne Cape
I	12114	2	10	4	2	-1	0	Nightfall Gloves
I	12115	2	6	4	4	-1	0	Stalwart Clutch
I	12122	2	0	15	0	-1	0	Kum'isha's Junk
I	12144	1	0	13	0	-1	0	Eggscilloscope
I	12185	2	1	4	1	-1	0	Bloodsail Admiral's Hat
I	12225	1	17	2	20	-1	0	Blump Family Fishing Pole
I	12264	1	0	15	0	-1	0	Worg Carrier
I	12293	1	0	12	0	2047	0	Fine Gold Thread
I	12295	2	7	4	1	-1	0	Leggings of the People's Militia
I	12296	2	26	2	19	-1	0	Spark of the People's Militia
I	12299	1	10	4	1	-1	0	Netted Gloves
I	12344	3	11	4	0	-1	0	Seal of Ascension
I	12384	1	0	12	0	-1	0	Cache of Mau'ari
I	12450	1	0	12	0	-1	0	Juju Flurry
I	12451	1	0	12	0	-1	0	Juju Power
I	12455	1	0	12	0	-1	0	Juju Ember
I	12457	1	0	12	0	2047	0	Juju Chill
I	12458	1	0	12	0	-1	0	Juju Guile
I	12459	1	0	12	0	2047	0	Juju Escape
I	12460	1	0	12	0	2047	0	Juju Might
I	12522	2	10	4	2	-1	0	Bingles' Flying Gloves
I	12529	1	0	15	0	-1	0	Smolderweb Carrier
I	12543	3	11	4	0	-1	0	Songstone of Ironforge
I	12544	3	11	4	0	-1	0	Thrall's Resolve
I	12545	3	11	4	0	-1	0	Eye of Orgrimmar
I	12548	3	11	4	0	-1	0	Magni's Will
I	12631	3	10	4	4	-1	53	Fiery Plate Gauntlets
I	12642	1	0	12	0	2047	0	Cleansed Infernal Orb
I	12650	1	0	0	0	-1	0	Attuned Dampener
I	12687	2	0	9	4	-1	0	Plans: Imperial Plate Shoulders
I	12688	2	0	9	4	-1	0	Plans: Imperial Plate Belt
I	12690	2	0	9	4	-1	0	Plans: Imperial Plate Bracers
I	12696	3	0	9	4	2047	0	Plans: Demon Forged Breastplate
I	12699	3	0	9	4	2047	0	Plans: Fiery Plate Gauntlets
I	12700	2	0	9	4	-1	0	Plans: Imperial Plate Boots
I	12701	2	0	9	4	2047	0	Plans: Imperial Plate Helm
I	12705	2	0	9	4	-1	0	Plans: Imperial Plate Chest
I	12715	2	0	9	4	2047	0	Plans: Imperial Plate Leggings
I	12725	3	0	9	4	2047	0	Plans: Enchanted Thorium Helm
I	12726	3	0	9	4	-1	0	Plans: Enchanted Thorium Leggings
I	12727	3	0	9	4	2047	0	Plans: Enchanted Thorium Breastplate
I	12752	4	1	4	1	1488	0	Cap of the Scarlet Savant
I	12756	4	7	4	2	-1	0	Leggings of Arcana
I	12757	4	5	4	2	-1	0	Breastplate of Bloodthirst
I	12821	3	0	9	4	2047	0	Plans: Dawn's Edge
I	12824	2	0	9	4	2047	0	Plans: Enchanted Battlehammer
I	12825	2	0	9	4	2047	0	Plans: Blazing Rapier
I	12844	2	0	12	0	-1	0	Argent Dawn Valor Token
I	12846	1	12	4	0	-1	0	Argent Dawn Commission
I	12849	2	0	12	0	2047	0	Demon Kissed Sack
I	12895	4	5	4	4	-1	0	Breastplate of the Chromatic Flight
I	12903	4	7	4	3	-1	0	Legguards of the Chromatic Defier
I	12945	4	7	4	3	-1	0	Legplates of the Chromatic Defier
I	13171	2	12	4	0	-1	0	Smokey's Lighter
I	13209	3	12	4	0	-1	0	Seal of the Dawn
I	13216	2	1	4	1	-1	0	Crown of the Penitent
I	13217	2	11	4	0	-1	0	Band of the Penitent
I	13243	3	14	4	6	-1	0	Argent Defender
I	13246	3	13	2	7	-1	0	Argent Avenger
I	13249	3	17	2	10	-1	0	Argent Crusader
I	13315	2	23	4	0	-1	0	Testament of Hope
I	13444	1	0	0	3	-1	49	Major Mana Potion
I	13446	1	0	0	3	-1	45	Major Healing Potion
I	13447	1	0	0	3	-1	44	Elixir of the Sages
I	13452	1	0	0	3	-1	46	Elixir of the Mongoose
I	13473	2	2	4	0	-1	0	Felstone Good Luck Charm
I	13474	2	26	2	3	-1	0	Farmer Dalson's Shotgun
I	13475	2	11	4	0	-1	0	Dalson Family Wedding Ring
I	13544	2	12	4	0	-1	0	Spectral Essence
I	13546	1	0	0	0	-1	25	Bloodbelly Fish
I	13562	1	0	0	0	-1	0	Remains of Trey Lightforge
I	13582	1	0	15	0	2047	0	Zergling Leash
I	13583	1	0	15	0	2047	0	Panda Collar
I	13584	1	0	15	0	2047	0	Diablo Stone
I	13704	1	0	13	0	-1	0	Skeleton Key
I	13958	3	9	4	1	-1	0	Wyrmthalak's Shackles
I	13959	3	6	4	4	-1	0	Omokk's Girth Restrainer
I	13961	3	3	4	2	-1	0	Halycon's Muzzle
I	13962	3	6	4	2	-1	0	Vosh'gajin's Strand
I	13963	3	10	4	3	-1	0	Voone's Vice Grips
I	13965	3	12	4	0	-1	0	Blackhand's Breadth
I	13966	3	12	4	0	-1	0	Mark of Tyranny
I	13968	3	12	4	0	1488	0	Eye of the Beast
I	13982	3	17	2	8	-1	0	Warblade of Caer Darrow
I	13984	3	13	2	15	-1	0	Darrowspike
I	13986	3	1	4	1	-1	0	Crown of Caer Darrow
I	14002	3	14	4	6	-1	0	Darrowshire Strongguard
I	14022	3	12	4	0	-1	0	Barov Peasant Caller
I	14023	3	12	4	0	-1	0	Barov Peasant Caller
I	15102	1	0	15	0	-1	0	Un'Goro Tested Sample
I	15103	1	0	15	0	-1	0	Corrupt Tested Sample
I	15104	2	8	4	1	-1	0	Wingborne Boots
I	15105	2	17	2	10	256	0	Staff of Noh'Orahil
I	15106	2	17	2	10	256	0	Staff of Dar'Orahil
I	15107	3	23	4	0	31488	0	Orb of Noh'Orahil
I	15108	3	23	4	0	31488	0	Orb of Dar'Orahil
I	15109	2	17	2	10	256	0	Staff of Soran'ruk
I	15202	2	7	4	2	-1	0	Wildkeeper Leggings
I	15203	2	7	4	3	-1	0	Guststorm Legguards
I	15204	2	26	2	19	-1	0	Moonstone Wand
I	15205	2	26	2	3	-1	0	Owlsight Rifle
I	15206	2	23	4	0	-1	0	Jadefinger Baton
I	15207	2	14	4	6	-1	0	Steelcap Shield
I	15335	2	13	2	7	-1	0	Briarsteel Shortsword
I	15396	2	13	2	15	-1	0	Curvewood Dagger
I	15397	2	17	2	10	-1	0	Oakthrush Staff
I	15398	1	8	4	1	-1	0	Sandcomber Boots
I	15399	2	6	4	2	-1	0	Dryweed Belt
I	15400	1	9	4	3	-1	0	Clamshell Bracers
I	15401	1	10	4	1	-1	0	Welldrip Gloves
I	15402	1	10	4	3	-1	0	Noosegrip Gauntlets
I	15403	2	9	4	2	-1	0	Ridgeback Bracers
I	15404	2	6	4	3	-1	0	Breakwater Girdle
I	15405	2	10	4	2	-1	0	Shucking Gloves
I	15406	2	8	4	3	-1	0	Crustacean Boots
I	15411	3	2	4	0	-1	0	Mark of Fordring
I	15413	3	5	4	4	-1	0	Ornate Adamantium Breastplate
I	15418	3	17	2	5	-1	0	Shimmering Platinum Warhammer
I	15421	3	16	4	1	-1	0	Shroud of the Exile
I	15424	2	17	2	1	-1	0	Axe of Orgrimmar
I	15443	2	13	2	15	-1	0	Kris of Orgrimmar
I	15444	2	17	2	10	-1	0	Staff of Orgrimmar
I	15445	2	21	2	4	-1	0	Hammer of Orgrimmar
I	15449	2	7	4	1	-1	0	Ghastly Trousers
I	15450	2	7	4	2	-1	0	Dredgemire Leggings
I	15451	2	7	4	3	-1	0	Gargoyle Leggings
I	15452	2	9	4	1	-1	0	Featherbead Bracers
I	15453	2	9	4	2	-1	0	Savannah Bracers
I	15455	2	20	4	1	-1	0	Dustfall Robes
I	15456	2	7	4	2	-1	0	Lightstep Leggings
I	15457	2	3	4	1	-1	0	Desert Shoulders
I	15458	2	8	4	2	-1	0	Tundra Boots
I	15459	2	9	4	3	-1	0	Grimtoll Wristguards
I	15461	2	8	4	1	-1	0	Lightheel Boots
I	15462	2	9	4	2	-1	0	Loamflake Bracers
I	15463	2	10	4	3	-1	0	Palestrider Gloves
I	15464	2	17	2	5	-1	0	Brute Hammer
I	15465	2	26	2	19	-1	0	Stingshot Wand
I	15466	2	14	4	6	-1	0	Clink Shield
I	15467	2	11	4	0	-1	0	Inventor's League Ring
I	15468	2	16	4	1	-1	0	Windsong Drape
I	15469	2	6	4	2	-1	0	Windsong Cinch
I	15470	2	7	4	3	-1	0	Plainsguard Leggings
I	15471	2	5	4	2	-1	0	Brawnhide Armor
I	15585	2	10	4	1	-1	0	Pardoc Grips
I	15587	2	6	4	2	-1	0	Ringtail Girdle
I	15588	2	6	4	3	-1	0	Bracesteel Belt
I	15689	2	11	4	0	-1	0	Trader's Ring
I	15690	2	2	4	0	-1	0	Kodobone Necklace
I	15691	2	26	2	3	-1	0	Sidegunner Shottie
I	15692	2	26	2	19	-1	0	Kodo Brander
I	15695	2	14	4	6	-1	0	Studded Ring Shield
I	15697	2	8	4	1	-1	0	Kodo Rustler Boots
I	15698	2	3	4	3	-1	0	Wrangling Spaulders
I	15699	1	0	15	0	-1	0	Small Brown-wrapped Package
I	15702	2	11	4	0	-1	0	Chemist's Ring
I	15703	2	16	4	1	-1	0	Chemist's Smock
I	15704	2	2	4	0	-1	0	Hunter's Insignia Medal
I	15705	2	13	2	7	-1	0	Tidecrest Blade
I	15706	2	13	2	15	-1	0	Hunt Tracker Blade
I	15707	2	6	4	1	-1	0	Brantwood Sash
I	15708	2	10	4	2	-1	0	Blight Leather Gloves
I	15709	2	6	4	4	-1	0	Gearforge Girdle
I	15723	2	0	0	0	-1	50	Tea with Sugar
I	15778	2	0	0	0	32767	0	Mechanical Yeti
I	15782	2	13	2	7	-1	0	Beaststalker Blade
I	15783	2	13	2	15	-1	0	Beasthunter Dagger
I	15784	2	3	4	1	-1	0	Crystal Breeze Mantle
I	15786	2	5	4	2	-1	0	Fernpulse Jerkin
I	15787	2	5	4	3	-1	0	Willow Band Hauberk
I	15789	2	16	4	1	-1	0	Deep River Cloak
I	15791	2	6	4	1	-1	0	Turquoise Sash
I	15792	2	3	4	2	-1	0	Plow Wood Spaulders
I	15795	2	10	4	4	-1	0	Emerald Mist Gauntlets
I	15796	2	9	4	3	-1	0	Seaspray Bracers
I	15797	2	9	4	4	-1	0	Shining Armplates
I	15799	2	2	4	0	-1	0	Heroic Commendation Medal
I	15800	2	13	2	7	-1	0	Intrepid Shortsword
I	15801	2	13	2	7	-1	0	Valiant Shortsword
I	15804	2	16	4	1	-1	0	Cerise Drape
I	15805	3	23	4	0	-1	0	Penelope's Rose
I	15806	3	13	2	7	-1	0	Mirah's Song
I	15812	2	3	4	1	-1	0	Orchid Amice
I	15813	2	6	4	3	-1	0	Gold Link Belt
I	15814	2	13	2	7	-1	0	Hameya's Slayer
I	15815	2	16	4	1	-1	0	Hameya's Cloak
I	15822	2	3	4	2	-1	0	Shadowskin Spaulders
I	15823	2	10	4	3	-1	0	Bricksteel Gauntlets
I	15824	2	20	4	1	-1	0	Astoria Robes
I	15825	2	5	4	2	-1	0	Traphook Jerkin
I	15827	2	5	4	3	-1	0	Jadescale Breastplate
I	15853	3	13	2	0	-1	0	Windreaper
I	15854	3	17	2	10	-1	0	Dancing Sliver
I	15855	3	11	4	0	-1	0	Ring of Protection
I	15856	3	2	4	0	-1	0	Archlight Talisman
I	15857	3	23	4	0	-1	0	Magebane Scion
I	15858	2	10	4	1	-1	0	Freewind Gloves
I	15859	2	6	4	3	2047	0	Seapost Girdle
I	15860	2	9	4	4	-1	0	Blinkstrike Armguards
I	15861	2	8	4	2	-1	0	Swiftfoot Treads
I	15862	2	13	2	0	-1	0	Blitzcleaver
I	15863	2	21	2	4	-1	0	Grave Scepter
I	15864	2	9	4	1	-1	0	Condor Bracers
I	15865	2	14	4	6	-1	0	Anchorhold Buckler
I	15866	2	23	4	0	1024	0	Veildust Medicine Bag
I	15867	2	12	4	0	-1	0	Prismcharm
I	15873	3	12	4	0	-1	0	Ragged John's Neverending Cup
I	16058	3	11	4	0	-1	0	Fordring's Seal
I	16309	3	2	4	0	-1	50	Drakefire Amulet
I	16604	2	20	4	1	16	0	Moon Robes of Elune
I	16605	2	20	4	1	16	0	Friar's Robes of the Light
I	16606	2	20	4	1	16	0	Juju Hex Robes
I	16607	2	20	4	1	16	0	Acolyte's Sacrificial Robes
I	16608	2	6	4	2	1024	0	Aquarius Belt
I	16622	2	15	2	2	-1	0	Thornflinger
I	16623	2	2	4	0	-1	0	Opaline Medallion
I	16658	2	16	4	1	-1	0	Wildhunter Cloak
I	16659	2	6	4	2	-1	0	Deftkin Belt
I	16660	2	14	4	6	-1	0	Driftmire Shield
I	16661	2	16	4	1	-1	0	Soft Willow Cape
I	16738	2	10	4	1	-1	0	Witherseed Gloves
I	16739	2	3	4	2	-1	0	Rugwood Mantle
I	16740	2	10	4	1	-1	0	Shredder Operating Gloves
I	16741	2	10	4	2	-1	0	Oilrag Handwraps
I	16742	1	0	12	0	-1	0	Warsong Saw Blades
I	16763	1	0	12	0	-1	0	Warsong Runner Update
I	16764	1	0	12	0	-1	0	Warsong Scout Update
I	16765	1	0	12	0	-1	0	Warsong Outrider Update
I	16788	2	14	4	6	-1	0	Captain Rackmore's Wheel
I	16789	2	26	2	19	-1	0	Captain Rackmore's Tiller
I	16791	2	9	4	1	-1	0	Silkstream Cuffs
I	16793	2	3	4	3	-1	0	Arcmetal Shoulders
I	16794	2	9	4	3	-1	0	Gripsteel Wristguards
I	16873	2	10	4	2	-1	0	Braidfur Gloves
I	16886	3	13	2	7	-1	0	Outlaw Sabre
I	16887	3	23	4	0	-1	0	Witch's Finger
I	16889	2	17	2	10	-1	0	Polished Walking Staff
I	16890	2	13	2	7	-1	0	Slatemetal Cutlass
I	16891	2	13	2	7	-1	0	Claystone Shortsword
I	16894	2	17	2	10	-1	0	Clear Crystal Rod
I	16971	1	0	0	0	-1	40	Clamlette Surprise
I	16975	3	6	4	1	-1	0	Warsong Sash
I	16977	3	8	4	2	-1	0	Warsong Boots
I	16978	3	10	4	3	-1	0	Warsong Gauntlets
I	16981	2	9	4	1	-1	0	Owlbeard Bracers
I	16985	2	8	4	1	-1	0	Windseeker Boots
I	16986	2	10	4	3	-1	0	Sandspire Gloves
I	16987	2	6	4	2	-1	0	Screecher Belt
I	16990	2	16	4	1	-1	0	Spritekin Cloak
I	16992	2	26	2	3	-1	0	Smokey's Explosive Launcher
I	16993	2	26	2	19	-1	0	Smokey's Fireshooter
I	16994	2	10	4	2	-1	0	Duskwing Gloves
I	16995	2	3	4	2	-1	0	Duskwing Mantle
I	16996	3	15	2	2	-1	0	Gorewood Bow
I	16997	3	26	2	19	-1	0	Stormrager
I	16998	3	14	4	6	-1	0	Sacred Protector
I	17001	2	11	4	0	-1	0	Elemental Circle
I	17002	2	13	2	0	-1	0	Ichor Spitter
I	17003	2	21	2	4	-1	0	Skullstone Hammer
I	17004	2	17	2	10	-1	0	Sarah's Guide
I	17005	2	5	4	2	-1	0	Boorguard Tunic
I	17006	2	7	4	3	-1	0	Cobalt Legguards
I	17039	2	21	2	4	-1	0	Skullbreaker
I	17042	2	26	2	3	-1	0	Nail Spitter
I	17043	2	20	4	1	-1	0	Zealot's Robe
I	17044	3	2	4	0	-1	0	Will of the Martyr
I	17045	3	11	4	0	-1	0	Blood of the Martyr
I	17046	2	13	2	0	-1	0	Gutterblade
I	17047	2	3	4	1	-1	0	Luminescent Amice
I	17048	1	0	0	3	-1	0	Rumsey Rum
I	17119	1	0	0	0	-1	5	Deeprun Rat Kabob
I	17191	3	0	12	0	-1	0	Scepter of Celebras
I	17222	1	0	0	0	-1	35	Spider Sausage
I	17384	3	0	12	0	2047	0	Zinfizzlex's Portable Shredder Unit
I	17402	1	0	0	3	2047	0	Greatfather's Winter Ale
I	17410	3	0	12	0	2047	0	Zinfizzlex's Portable Shredder Unit
I	17508	2	14	4	6	-1	0	Forcestone Buckler
I	17523	2	16	4	1	-1	0	Smokey's Drape
I	17686	2	15	2	2	-1	0	Master Hunter's Bow
I	17687	2	26	2	3	-1	0	Master Hunter's Rifle
I	17688	2	8	4	4	-1	0	Jungle Boots
I	17690	2	12	4	0	-1	0	Frostwolf Insignia Rank 1
I	17691	2	12	4	0	-1	0	Stormpike Insignia Rank 1
I	17692	2	11	4	0	-1	0	Horn Ring
I	17694	2	11	4	0	-1	0	Band of the Fist
I	17695	2	3	4	1	-1	0	Chestnut Mantle
I	17705	3	13	2	7	-1	0	Thrash Blade
I	17712	1	0	15	0	-1	0	Winter Veil Disguise Kit
I	17726	1	0	15	0	32767	0	Smokywood Pastures Special Gift
I	17727	1	0	15	0	32767	0	Smokywood Pastures Gift Pack
I	17743	3	17	2	10	-1	0	Resurgence Rod
I	17753	3	15	2	2	-1	0	Verdant Keeper's Aim
I	17759	2	12	4	0	-1	0	Mark of Resolution
I	17768	2	11	4	0	-1	0	Woodseed Hoop
I	17770	2	10	4	4	-1	0	Branchclaw Gauntlets
I	17772	2	2	4	0	-1	0	Zealous Shadowshard Pendant
I	17773	2	2	4	0	-1	0	Prodigious Shadowshard Pendant
I	17774	2	12	4	0	-1	0	Mark of the Chosen
I	17775	2	20	4	1	-1	0	Acumen Robes
I	17776	2	1	4	2	-1	0	Sprightring Helm
I	17777	2	5	4	3	-1	0	Relentless Chain
I	17778	2	6	4	2	-1	0	Sagebrush Girdle
I	17779	2	3	4	4	-1	0	Hulkstone Pauldrons
I	17900	2	12	4	0	-1	0	Stormpike Insignia Rank 2
I	17901	2	12	4	0	-1	0	Stormpike Insignia Rank 3
I	17902	3	12	4	0	-1	0	Stormpike Insignia Rank 4
I	17903	3	12	4	0	-1	0	Stormpike Insignia Rank 5
I	17904	4	12	4	0	-1	0	Stormpike Insignia Rank 6
I	17905	2	12	4	0	-1	0	Frostwolf Insignia Rank 2
I	17906	2	12	4	0	-1	0	Frostwolf Insignia Rank 3
I	17907	3	12	4	0	-1	0	Frostwolf Insignia Rank 4
I	17908	3	12	4	0	-1	0	Frostwolf Insignia Rank 5
I	17909	4	12	4	0	-1	0	Frostwolf Insignia Rank 6
I	18022	3	11	4	0	-1	0	Royal Seal of Alexis
I	18042	2	24	6	2	-1	52	Thorium Headed Arrow
I	18149	2	0	12	0	-1	0	Rune of Recall
I	18150	2	0	12	0	2047	0	Rune of Recall
I	18160	2	0	9	5	-1	0	Recipe: Thistle Tea
I	18182	2	0	12	0	2047	0	Chromatic Mantle of the Dawn
I	18253	1	0	0	3	-1	50	Major Rejuvenation Potion
I	18258	2	0	0	0	-1	55	Gordok Ogre Suit
I	18269	2	0	0	0	-1	0	Gordok Green Grog
I	18284	2	0	0	0	-1	0	Kreeg's Stout Beatdown
I	18329	2	0	12	0	-1	0	Arcanum of Rapidity
I	18330	2	0	12	0	-1	0	Arcanum of Focus
I	18331	2	0	12	0	-1	0	Arcanum of Protection
I	18348	4	21	2	7	3	60	Quel'Serrar
I	18366	3	10	4	4	-1	0	Gordok's Handguards
I	18367	3	10	4	3	-1	0	Gordok's Gauntlets
I	18368	3	10	4	2	-1	0	Gordok's Gloves
I	18369	3	10	4	1	-1	0	Gordok's Handwraps
I	18398	3	11	4	0	-1	0	Tidal Loop
I	18399	3	11	4	0	-1	0	Ocean's Breeze
I	18400	2	11	4	0	-1	0	Ring of Living Stone
I	18402	2	11	4	0	-1	0	Glowing Crystal Ring
I	18403	4	11	4	0	-1	0	Dragonslayer's Signet
I	18404	4	2	4	0	-1	0	Onyxia Tooth Pendant
I	18406	4	12	4	0	-1	0	Onyxia Blood Talisman
I	18410	2	17	2	8	-1	0	Sprinter's Sword
I	18411	2	8	4	2	-1	0	Spry Boots
I	18420	3	17	2	5	-1	0	Bonecrusher
I	18421	3	1	4	3	-1	0	Backwood Helm
I	18424	3	8	4	2	-1	0	Sedge Boots
I	18465	3	12	4	0	8	0	Royal Seal of Eldre'Thalas
I	18466	3	12	4	0	1	0	Royal Seal of Eldre'Thalas
I	18467	3	12	4	0	256	0	Royal Seal of Eldre'Thalas
I	18468	3	12	4	0	128	0	Royal Seal of Eldre'Thalas
I	18469	3	12	4	0	16	0	Royal Seal of Eldre'Thalas
I	18470	3	12	4	0	1024	0	Royal Seal of Eldre'Thalas
I	18471	3	12	4	0	64	0	Royal Seal of Eldre'Thalas
I	18472	3	12	4	0	2	0	Royal Seal of Eldre'Thalas
I	18473	3	12	4	0	4	0	Royal Seal of Eldre'Thalas
I	18491	3	21	2	15	-1	0	Lorespinner
I	18535	3	14	4	6	-1	0	Milli's Shield
I	18536	3	23	4	0	-1	0	Milli's Lexicon
I	18585	3	11	4	0	-1	0	Band of Allegiance
I	18586	3	11	4	0	-1	0	Lonetree's Circle
I	18592	4	0	9	4	2047	0	Plans: Sulfuron Hammer
I	18602	3	23	4	0	256	0	Tome of Sacrifice
I	18659	4	0	12	0	-1	60	Splinter of Nordrassil
I	18707	4	0	12	0	-1	60	Ancient Rune Etched Stave
I	18714	4	18	11	2	4	60	Ancient Sinew Wrapped Lamina
I	18724	4	0	12	0	4	60	Enchanted Black Dragon Sinew
I	18746	1	0	12	0	-1	0	Divination Scryer
I	18762	3	23	4	0	-1	0	Shard of the Green Flame
I	18766	4	0	15	0	-1	60	Reins of the Swift Frostsaber
I	18767	4	0	15	0	-1	60	Reins of the Swift Mistsaber
I	18772	4	0	15	0	2047	60	Swift Green Mechanostrider
I	18773	4	0	15	0	2047	60	Swift White Mechanostrider
I	18774	4	0	15	0	2047	60	Swift Yellow Mechanostrider
I	18775	1	0	12	0	2047	0	Manna-Enriched Horse Feed
I	18776	4	0	15	0	-1	60	Swift Palomino
I	18777	4	0	15	0	-1	60	Swift Brown Steed
I	18778	4	0	15	0	-1	60	Swift White Steed
I	18785	4	0	15	0	-1	60	Swift White Ram
I	18786	4	0	15	0	2047	60	Swift Brown Ram
I	18787	4	0	15	0	-1	60	Swift Gray Ram
I	18788	4	0	15	0	-1	60	Swift Blue Raptor
I	18789	4	0	15	0	-1	60	Swift Olive Raptor
I	18790	4	0	15	0	-1	60	Swift Orange Raptor
I	18793	4	0	15	0	-1	60	Great White Kodo
I	18794	4	0	15	0	-1	60	Great Brown Kodo
I	18795	4	0	15	0	-1	60	Great Gray Kodo
I	18796	4	0	15	0	2047	60	Horn of the Swift Brown Wolf
I	18797	4	0	15	0	-1	60	Horn of the Swift Timber Wolf
I	18798	4	0	15	0	-1	60	Horn of the Swift Gray Wolf
I	18807	3	1	4	3	2047	0	Helm of Latent Power
I	18902	4	0	15	0	-1	60	Reins of the Swift Stormsaber
I	18951	2	12	4	0	-1	0	Evonice's Landin' Pilla
I	18957	2	13	2	7	-1	0	Brushwood Blade
I	19019	5	13	2	7	-1	60	Thunderfury, Blessed Blade of the Windseeker
I	19022	2	17	2	20	-1	0	Nat Pagle's Extreme Angler FC-5000
I	19024	3	12	4	0	-1	0	Arena Grand Master
I	19035	2	0	15	0	-1	0	Lard's Special Picnic Basket
I	19037	2	3	4	4	-1	0	Emerald Peak Spaulders
I	19038	2	11	4	0	-1	0	Ring of Subtlety
I	19039	2	1	4	2	-1	0	Zorbin's Water Resistant Hat
I	19040	2	13	2	7	-1	0	Zorbin's Mega-Slicer
I	19041	2	5	4	2	-1	0	Pratt's Handcrafted Tunic
I	19042	2	5	4	2	-1	0	Jangdor's Handcrafted Tunic
I	19106	3	17	2	6	-1	0	Ice Barbed Spear
I	19107	3	26	2	18	-1	0	Bloodseeker
I	19108	3	26	2	19	-1	0	Wand of Biting Cold
I	19114	2	15	2	2	-1	0	Highland Bow
I	19115	2	23	4	0	-1	0	Flask of Forest Mojo
I	19116	2	10	4	1	-1	0	Greenleaf Handwraps
I	19117	2	7	4	4	-1	0	Laquered Wooden Plate Legplates
I	19118	2	26	2	19	-1	0	Nature's Breath
I	19119	2	10	4	2	-1	0	Owlbeast Hide Gloves
I	19120	2	12	4	0	-1	0	Rune of the Guard Captain
I	19121	3	16	4	1	-1	0	Deep Woodlands Cloak
I	19123	2	10	4	1	-1	0	Everwarm Handwraps
I	19124	2	7	4	4	-1	0	Slagplate Leggings
I	19125	2	6	4	3	-1	0	Seared Mail Girdle
I	19126	2	10	4	4	-1	0	Slagplate Gauntlets
I	19127	2	5	4	2	-1	0	Charred Leather Tunic
I	19128	2	5	4	3	-1	0	Seared Mail Vest
I	19141	2	12	4	0	-1	0	Luffa
I	19150	1	0	0	0	2047	0	Sentinel Basic Care Package
I	19151	1	0	0	0	2047	0	Sentinel Standard Care Package
I	19152	1	0	0	0	-1	0	Sentinel Advanced Care Package
I	19153	1	0	0	0	2047	0	Outrider Advanced Care Package
I	19154	1	0	0	0	2047	0	Outrider Basic Care Package
I	19155	1	0	0	0	-1	0	Outrider Standard Care Package
I	19159	3	2	4	0	-1	0	Woven Ivy Necklace
I	19182	1	0	0	0	-1	0	Darkmoon Faire Prize Ticket
I	19222	1	0	0	0	-1	0	Cheap Beer
I	19287	4	12	4	0	-1	60	Darkmoon Card: Heroism
I	19288	4	12	4	0	-1	60	Darkmoon Card: Blue Dragon
I	19289	4	12	4	0	-1	60	Darkmoon Card: Maelstrom
I	19290	4	12	4	0	-1	60	Darkmoon Card: Twisting Nether
I	19291	1	18	1	0	-1	0	Darkmoon Storage Box
I	19292	1	13	2	4	-1	29	Last Month's Mutton
I	19293	1	13	2	4	2047	50	Last Year's Mutton
I	19295	1	23	4	0	-1	0	Darkmoon Flower
I	19296	2	0	15	0	-1	45	Greater Darkmoon Prize
I	19297	2	0	15	0	2047	30	Lesser Darkmoon Prize
I	19298	2	0	15	0	-1	15	Minor Darkmoon Prize
I	19366	4	23	4	0	-1	60	Master Dragonslayer's Orb
I	19383	4	2	4	0	-1	60	Master Dragonslayer's Medallion
I	19384	4	11	4	0	-1	60	Master Dragonslayer's Ring
I	19425	2	0	0	0	2047	0	Mysterious Lockbox
I	19426	4	2	4	0	-1	60	Orb of the Darkmoon
I	19462	1	0	15	0	-1	0	Unhatched Jubling Egg
I	19483	1	0	15	0	-1	0	Peeling the Onion
I	19484	1	0	15	0	-1	0	The Frostwolf Artichoke
I	19491	4	2	4	0	-1	60	Amulet of the Darkmoon
I	19574	2	2	4	0	1	0	Strength of Mugamba
I	19575	3	2	4	0	1	0	Strength of Mugamba
I	19576	3	2	4	0	1	0	Strength of Mugamba
I	19577	4	2	4	0	1	0	Rage of Mugamba
I	19579	2	2	4	0	2	0	Heathen's Brand
I	19585	3	2	4	0	2	0	Heathen's Brand
I	19586	3	2	4	0	2	0	Heathen's Brand
I	19588	4	2	4	0	2	0	Hero's Brand
I	19591	2	2	4	0	16	0	The Eye of Zuldazar
I	19592	3	2	4	0	16	0	The Eye of Zuldazar
I	19593	3	2	4	0	16	0	The Eye of Zuldazar
I	19594	4	2	4	0	16	0	The All-Seeing Eye of Zuldazar
I	19598	2	2	4	0	128	0	Pebble of Kajaro
I	19599	3	2	4	0	128	0	Pebble of Kajaro
I	19600	3	2	4	0	128	0	Pebble of Kajaro
I	19601	4	2	4	0	128	0	Jewel of Kajaro
I	19602	2	2	4	0	256	0	Kezan's Taint
I	19603	3	2	4	0	256	0	Kezan's Taint
I	19604	3	2	4	0	256	0	Kezan's Taint
I	19605	4	2	4	0	256	0	Kezan's Unstoppable Taint
I	19606	2	2	4	0	64	0	Vision of Voodress
I	19607	3	2	4	0	64	0	Vision of Voodress
I	19608	3	2	4	0	64	0	Vision of Voodress
I	19609	4	2	4	0	64	0	Unmarred Vision of Voodress
I	19610	2	2	4	0	1024	0	Enchanted South Seas Kelp
I	19611	3	2	4	0	1024	0	Enchanted South Seas Kelp
I	19612	3	2	4	0	1024	0	Enchanted South Seas Kelp
I	19613	4	2	4	0	1024	0	Pristine Enchanted South Seas Kelp
I	19614	2	2	4	0	8	0	Zandalarian Shadow Talisman
I	19615	3	2	4	0	8	0	Zandalarian Shadow Talisman
I	19616	3	2	4	0	8	0	Zandalarian Shadow Talisman
I	19617	4	2	4	0	8	0	Zandalarian Shadow Mastery Talisman
I	19618	2	2	4	0	4	0	Maelstrom's Tendril
I	19619	3	2	4	0	4	0	Maelstrom's Tendril
I	19620	3	2	4	0	4	0	Maelstrom's Tendril
I	19621	4	2	4	0	4	0	Maelstrom's Wrath
I	19782	3	0	15	0	1	60	Presence of Might
I	19783	3	0	15	0	2	60	Syncretist's Sigil
I	19784	3	0	15	0	8	60	Death's Embrace
I	19785	3	0	15	0	4	60	Falcon's Call
I	19786	3	0	15	0	64	60	Vodouisant's Vigilant Embrace
I	19787	3	0	15	0	128	60	Presence of Sight
I	19788	3	0	15	0	256	60	Hoodoo Hex
I	19789	3	0	15	0	16	60	Prophetic Aura
I	19790	3	0	15	0	1024	60	Animist's Caress
I	19812	3	12	4	0	-1	0	Rune of the Dawn
I	19822	4	5	4	4	1	0	Zandalar Vindicator's Breastplate
I	19823	4	6	4	4	1	0	Zandalar Vindicator's Belt
I	19824	4	9	4	4	1	0	Zandalar Vindicator's Armguards
I	19825	4	5	4	4	2	0	Zandalar Freethinker's Breastplate
I	19826	4	6	4	4	2	0	Zandalar Freethinker's Belt
I	19827	4	9	4	4	2	0	Zandalar Freethinker's Armguards
I	19828	4	5	4	3	64	0	Zandalar Augur's Hauberk
I	19829	4	6	4	3	64	0	Zandalar Augur's Belt
I	19830	4	9	4	3	64	0	Zandalar Augur's Bracers
I	19831	4	3	4	3	4	0	Zandalar Predator's Mantle
I	19832	4	6	4	3	4	0	Zandalar Predator's Belt
I	19833	4	9	4	3	4	0	Zandalar Predator's Bracers
I	19834	4	5	4	2	8	0	Zandalar Madcap's Tunic
I	19835	4	3	4	2	8	0	Zandalar Madcap's Mantle
I	19836	4	9	4	2	8	0	Zandalar Madcap's Bracers
I	19838	4	5	4	2	1024	0	Zandalar Haruspex's Tunic
I	19839	4	6	4	2	1024	0	Zandalar Haruspex's Belt
I	19840	4	9	4	2	1024	0	Zandalar Haruspex's Bracers
I	19841	4	3	4	1	16	0	Zandalar Confessor's Mantle
I	19842	4	6	4	1	16	0	Zandalar Confessor's Bindings
I	19843	4	9	4	1	16	0	Zandalar Confessor's Wraps
I	19845	4	3	4	1	128	0	Zandalar Illusionist's Mantle
I	19846	4	9	4	1	128	0	Zandalar Illusionist's Wraps
I	19848	4	9	4	1	256	0	Zandalar Demoniac's Wraps
I	19849	4	3	4	1	256	0	Zandalar Demoniac's Mantle
I	19858	2	0	12	0	-1	0	Zandalar Honor Token
I	19948	4	12	4	0	-1	0	Zandalarian Hero Badge
I	19949	4	12	4	0	-1	0	Zandalarian Hero Medallion
I	19950	4	12	4	0	-1	0	Zandalarian Hero Charm
I	19969	2	8	4	1	-1	0	Nat Pagle's Extreme Anglin' Boots
I	19970	3	17	2	20	-1	0	Arcanite Fishing Pole
I	19971	2	0	7	0	2047	0	High Test Eternium Fishing Line
I	19972	2	1	4	1	-1	0	Lucky Fishing Hat
I	19978	1	0	15	0	-1	0	Fishing Tournament!
I	19979	3	12	4	0	-1	0	Hook of the Master Angler
I	19982	3	16	4	1	1535	0	Duskbat Drape
I	19984	3	1	4	2	-1	0	Ebon Mask
I	19990	3	12	4	0	-1	0	Blessed Prayer Beads
I	19991	3	12	4	0	-1	0	Devilsaur Eye
I	19992	3	12	4	0	-1	0	Devilsaur Tooth
I	20006	3	11	4	0	-1	0	Circle of Hope
I	20009	1	0	15	0	2047	0	For the Light!
I	20010	1	0	15	0	-1	0	The Horde's Hellscream
I	20031	1	0	0	0	-1	55	Essence Mango
I	20033	4	20	4	1	256	0	Zandalar Demoniac's Robe
I	20034	4	20	4	1	128	0	Zandalar Illusionist's Robe
I	20035	3	13	2	15	-1	0	Glacial Spike
I	20036	3	12	4	0	-1	0	Fire Ruby
I	20037	3	2	4	0	-1	0	Arcane Crystal Pendant
I	20076	3	0	12	0	2047	0	Zandalar Signet of Mojo
I	20077	3	0	12	0	2047	0	Zandalar Signet of Might
I	20078	3	0	12	0	2047	0	Zandalar Signet of Serenity
I	20079	2	0	0	0	-1	55	Spirit of Zanza
I	20080	2	0	0	0	2047	55	Sheen of Zanza
I	20081	2	0	0	0	2047	55	Swiftness of Zanza
I	20082	3	26	2	19	-1	0	Woestave
I	20083	3	17	2	6	-1	0	Hunting Spear
I	20086	2	25	2	16	-1	0	Dusksteel Throwing Knife
I	20130	3	12	4	0	-1	0	Diamond Flask
I	20131	1	19	4	0	-1	0	Battle Tabard of the Defilers
I	20132	1	19	4	0	-1	0	Arathor Battle Tabard
I	20134	4	1	4	3	-1	0	Skyfury Helm
I	20213	3	6	4	4	-1	0	Belt of Shrunken Heads
I	20215	3	6	4	3	-1	0	Belt of Shriveled Heads
I	20216	3	6	4	2	-1	0	Belt of Preserved Heads
I	20217	3	6	4	1	-1	0	Belt of Tiny Heads
I	20218	3	16	4	1	-1	0	Faded Hakkari Cloak
I	20219	3	16	4	1	-1	0	Tattered Hakkari Cape
I	20228	1	0	0	0	-1	0	Defiler's Advanced Care Package
I	20229	1	0	0	0	-1	0	Defiler's Basic Care Package
I	20230	1	0	0	0	-1	0	Defiler's Standard Care Package
I	20231	1	0	0	0	2047	0	Arathor Advanced Care Package
I	20233	1	0	0	0	2047	0	Arathor Basic Care Package
I	20236	1	0	0	0	2047	0	Arathor Standard Care Package
I	20255	3	8	4	2	-1	0	Whisperwalk Boots
I	20369	3	10	4	3	-1	0	Azurite Fists
I	20403	2	0	15	0	-1	0	Proxy of Nozdormu
I	20422	1	2	15	0	-1	0	Twilight Cultist Medallion of Station
I	20451	1	11	15	0	-1	60	Twilight Cultist Ring of Lordship
I	20490	1	0	12	0	2047	0	Ironforge Mint
I	20491	1	0	12	0	2047	0	Undercity Mint
I	20492	1	0	12	0	2047	0	Stormwind Nougat
I	20493	1	0	12	0	2047	0	Orgrimmar Nougat
I	20494	1	0	12	0	2047	0	Gnomeregan Gumdrop
I	20495	1	0	12	0	2047	0	Darkspear Gumdrop
I	20496	1	0	12	0	2047	0	Darnassus Marzipan
I	20497	1	0	12	0	2047	0	Thunder Bluff Marzipan
I	20503	3	12	4	0	-1	0	Enamored Water Spirit
I	20504	3	17	2	8	-1	47	Lightforged Blade
I	20505	3	11	4	0	-1	0	Chivalrous Signet
I	20512	3	12	4	0	-1	0	Sanctified Orb
I	20517	3	3	4	4	-1	0	Razorsteel Shoulders
I	20521	3	1	4	4	-1	0	Fury Visor
I	20530	3	20	4	1	-1	0	Robes of Servitude
I	20534	3	12	4	0	-1	0	Abyss Shard
I	20536	3	17	2	10	-1	0	Soul Harvester
I	20556	3	17	2	10	-1	0	Wildstaff
I	20557	1	0	0	0	2047	0	Hallow's End Pumpkin Treat
I	20558	2	0	12	0	32767	0	Warsong Gulch Mark of Honor
I	20559	2	0	12	0	32767	0	Arathi Basin Mark of Honor
I	20600	4	11	4	0	-1	60	Malfurion's Signet Ring
I	20601	1	0	15	0	32767	0	Sack of Spoils
I	20602	1	0	15	0	32767	0	Chest of Spoils
I	20603	1	0	15	0	32767	0	Bag of Spoils
I	20620	1	0	15	0	-1	0	Holy Mightstone
I	20640	2	1	4	4	-1	0	Southsea Head Bucket
I	20641	2	8	4	1	-1	0	Southsea Mojo Boots
I	20642	2	5	4	1	-1	0	Antiquated Nobleman's Tunic
I	20643	2	1	4	2	-1	0	Undercity Reservist's Cap
I	20646	2	15	2	2	-1	0	Sandstrider's Mark
I	20647	2	21	2	15	-1	0	Black Crystal Dagger
I	20648	3	21	2	4	-1	0	Cold Forged Hammer
I	20649	2	2	4	0	-1	0	Sunprism Pendant
I	20650	2	10	4	4	-1	0	Desert Wind Gauntlets
I	20699	3	7	4	4	-1	0	Cenarion Reservist's Legplates
I	20700	3	7	4	4	-1	0	Cenarion Reservist's Legplates
I	20701	3	7	4	3	-1	0	Cenarion Reservist's Legguards
I	20702	3	7	4	3	-1	0	Cenarion Reservist's Legguards
I	20703	3	7	4	2	-1	0	Cenarion Reservist's Leggings
I	20704	3	7	4	2	-1	0	Cenarion Reservist's Leggings
I	20705	3	7	4	1	-1	0	Cenarion Reservist's Pants
I	20707	3	7	4	1	-1	0	Cenarion Reservist's Pants
I	20710	3	8	4	4	-1	0	Crystal Encrusted Greaves
I	20711	3	8	4	4	-1	0	Crystal Lined Greaves
I	20712	3	10	4	3	-1	0	Wastewalker's Gauntlets
I	20713	3	10	4	3	-1	0	Desertstalkers's Gauntlets
I	20714	3	8	4	2	-1	0	Sandstorm Boots
I	20715	3	8	4	2	-1	0	Dunestalker's Boots
I	20716	3	10	4	1	-1	0	Sandworm Skin Gloves
I	20717	3	10	4	1	-1	0	Desert Bloom Gloves
I	20723	2	21	2	0	-1	0	Brann's Trusty Pick
I	20724	2	17	2	10	-1	0	Corrupted Blackwood Staff
I	20800	2	0	12	0	-1	0	Cenarion Logistics Badge
I	20801	2	0	12	0	-1	0	Cenarion Tactical Badge
I	20802	2	0	12	0	-1	0	Cenarion Combat Badge
I	20805	1	0	15	0	2047	0	Followup Logistics Assignment
I	20808	1	0	15	0	-1	0	Combat Assignment
I	20809	1	0	15	0	-1	0	Tactical Assignment
I	20810	1	0	12	0	-1	58	Signed Field Duty Papers
I	21023	1	0	0	0	-1	55	Dirge's Kickin' Chimaerok Chops
I	21025	4	0	9	5	32767	0	Recipe: Dirge's Kickin' Chimaerok Chops
I	21044	3	0	15	0	-1	1	Reindeer Reins
I	21100	1	0	12	0	-1	0	Coin of Ancestry
I	21114	1	0	0	3	-1	0	Rumsey Rum Dark
I	21132	1	0	15	0	-1	0	Logistics Assignment
I	21133	1	0	15	0	-1	0	Followup Tactical Assignment
I	21151	1	0	0	3	-1	0	Rumsey Rum Black Label
I	21157	1	20	4	0	32767	0	Festive Green Dress
I	21168	1	0	15	0	-1	0	Baby Shark
I	21175	1	0	15	0	32767	0	The Scepter of the Shifting Sands
I	21176	5	0	15	0	-1	60	Black Qiraji Resonating Crystal
I	21178	3	10	4	2	-1	0	Gloves of Earthen Power
I	21179	3	11	4	0	-1	0	Band of Earthen Wrath
I	21180	4	12	4	0	-1	0	Earthstrike
I	21181	3	12	4	0	-1	0	Grace of Earth
I	21182	3	11	4	0	-1	0	Band of Earthen Might
I	21183	3	5	4	1	-1	0	Earthpower Vest
I	21184	4	9	4	4	-1	0	Deeprock Bracers
I	21185	4	23	4	0	-1	0	Earthcalm Orb
I	21186	4	9	4	1	1535	0	Rockfury Bracers
I	21187	3	16	4	1	-1	0	Earthweave Cloak
I	21188	4	17	2	5	-1	60	Fist of Cenarius
I	21189	4	11	4	0	-1	0	Might of Cenarius
I	21190	4	11	4	0	-1	0	Wrath of Cenarius
I	21191	1	0	15	0	32767	1	Carefully Wrapped Present
I	21196	4	11	4	0	32767	60	Signet Ring of the Bronze Dragonflight
I	21197	4	11	4	0	32767	60	Signet Ring of the Bronze Dragonflight
I	21198	4	11	4	0	32767	60	Signet Ring of the Bronze Dragonflight
I	21199	4	11	4	0	32767	60	Signet Ring of the Bronze Dragonflight
I	21200	4	11	4	0	32767	60	Signet Ring of the Bronze Dragonflight
I	21201	4	11	4	0	32767	60	Signet Ring of the Bronze Dragonflight
I	21202	4	11	4	0	32767	60	Signet Ring of the Bronze Dragonflight
I	21203	4	11	4	0	32767	60	Signet Ring of the Bronze Dragonflight
I	21204	4	11	4	0	32767	60	Signet Ring of the Bronze Dragonflight
I	21205	4	11	4	0	32767	60	Signet Ring of the Bronze Dragonflight
I	21206	4	11	4	0	32767	60	Signet Ring of the Bronze Dragonflight
I	21207	4	11	4	0	32767	60	Signet Ring of the Bronze Dragonflight
I	21208	4	11	4	0	32767	60	Signet Ring of the Bronze Dragonflight
I	21209	4	11	4	0	32767	60	Signet Ring of the Bronze Dragonflight
I	21210	4	11	4	0	32767	60	Signet Ring of the Bronze Dragonflight
I	21213	2	0	0	0	32767	40	Preserved Holly
I	21241	1	0	0	0	32767	0	Winter Veil Eggnog
I	21242	4	13	2	0	32767	60	Blessed Qiraji War Axe
I	21244	4	13	2	15	32767	60	Blessed Qiraji Pugio
I	21254	1	0	0	0	32767	0	Winter Veil Cookie
I	21266	1	0	15	0	-1	0	Logistics Assignment
I	21268	4	13	2	4	32767	60	Blessed Qiraji War Hammer
I	21269	4	14	4	6	32767	60	Blessed Qiraji Bulwark
I	21270	1	0	15	0	32767	1	Gently Shaken Gift
I	21271	1	0	15	0	32767	1	Gently Shaken Gift
I	21272	4	26	2	3	32767	60	Blessed Qiraji Musket
I	21273	4	17	2	10	32767	60	Blessed Qiraji Acolyte Staff
I	21275	4	17	2	10	32767	60	Blessed Qiraji Augur Staff
I	21310	1	0	15	0	32767	1	Gaily Wrapped Present
I	21311	2	5	4	1	-1	0	Earth Warder's Vest
I	21312	2	6	4	3	-1	0	Belt of the Den Watcher
I	21316	2	7	4	4	-1	0	Leggings of the Ursa
I	21317	2	1	4	2	-1	0	Helm of the Pathfinder
I	21318	2	10	4	1	-1	0	Earth Warder's Gloves
I	21319	2	10	4	2	-1	0	Gloves of the Pathfinder
I	21320	2	5	4	3	-1	0	Vest of the Den Watcher
I	21322	2	5	4	4	-1	0	Ursa's Embrace
I	21326	4	12	4	0	-1	0	Defender of the Timbermaw
I	21327	1	0	15	0	32767	1	Ticking Present
I	21329	4	1	4	4	1	60	Conqueror's Crown
I	21330	4	3	4	4	1	60	Conqueror's Spaulders
I	21331	4	5	4	4	1	60	Conqueror's Breastplate
I	21332	4	7	4	4	1	60	Conqueror's Legguards
I	21333	4	8	4	4	1	60	Conqueror's Greaves
I	21334	4	20	4	1	256	60	Doomcaller's Robes
I	21335	4	3	4	1	256	60	Doomcaller's Mantle
I	21336	4	7	4	1	256	60	Doomcaller's Trousers
I	21337	4	1	4	1	256	60	Doomcaller's Circlet
I	21338	4	8	4	1	256	60	Doomcaller's Footwraps
I	21343	4	20	4	1	128	60	Enigma Robes
I	21344	4	8	4	1	128	60	Enigma Boots
I	21345	4	3	4	1	128	60	Enigma Shoulderpads
I	21346	4	7	4	1	128	60	Enigma Leggings
I	21347	4	1	4	1	128	60	Enigma Circlet
I	21348	4	1	4	1	16	60	Tiara of the Oracle
I	21349	4	8	4	1	16	60	Footwraps of the Oracle
I	21350	4	3	4	1	16	60	Mantle of the Oracle
I	21351	4	20	4	1	16	60	Vestments of the Oracle
I	21352	4	7	4	1	16	60	Trousers of the Oracle
I	21353	4	1	4	2	1024	60	Genesis Helm
I	21354	4	3	4	2	1024	60	Genesis Shoulderpads
I	21355	4	8	4	2	1024	60	Genesis Boots
I	21356	4	7	4	2	1024	60	Genesis Trousers
I	21357	4	5	4	2	1024	60	Genesis Vest
I	21359	4	8	4	2	8	60	Deathdealer's Boots
I	21360	4	1	4	2	8	60	Deathdealer's Helm
I	21361	4	3	4	2	8	60	Deathdealer's Spaulders
I	21362	4	7	4	2	8	60	Deathdealer's Leggings
I	21363	1	0	15	0	32767	1	Festive Gift
I	21364	4	5	4	2	8	60	Deathdealer's Vest
I	21365	4	8	4	3	4	60	Striker's Footguards
I	21366	4	1	4	3	4	60	Striker's Diadem
I	21367	4	3	4	3	4	60	Striker's Pauldrons
I	21368	4	7	4	3	4	60	Striker's Leggings
I	21370	4	5	4	3	4	60	Striker's Hauberk
I	21372	4	1	4	3	64	60	Stormcaller's Diadem
I	21373	4	8	4	3	64	60	Stormcaller's Footguards
I	21374	4	5	4	3	64	60	Stormcaller's Hauberk
I	21375	4	7	4	3	64	60	Stormcaller's Leggings
I	21376	4	3	4	3	64	60	Stormcaller's Pauldrons
I	21386	1	0	15	0	-1	0	Followup Logistics Assignment
I	21387	4	1	4	4	2	60	Avenger's Crown
I	21388	4	8	4	4	2	60	Avenger's Greaves
I	21389	4	5	4	4	2	60	Avenger's Breastplate
I	21390	4	7	4	4	2	60	Avenger's Legguards
I	21391	4	3	4	4	2	60	Avenger's Pauldrons
I	21392	4	13	2	0	1	60	Sickle of Unyielding Strength
I	21393	4	11	4	0	1	60	Signet of Unyielding Strength
I	21394	4	16	4	1	1	60	Drape of Unyielding Strength
I	21395	4	21	2	7	2	60	Blade of Eternal Justice
I	21396	4	11	4	0	2	60	Ring of Eternal Justice
I	21397	4	16	4	1	2	60	Cape of Eternal Justice
I	21398	4	21	2	4	64	60	Hammer of the Gathering Storm
I	21399	4	11	4	0	64	60	Ring of the Gathering Storm
I	21400	4	16	4	1	64	60	Cloak of the Gathering Storm
I	21401	4	13	2	0	4	60	Scythe of the Unseen Path
I	21402	4	11	4	0	4	60	Signet of the Unseen Path
I	21403	4	16	4	1	4	60	Cloak of the Unseen Path
I	21404	4	13	2	15	8	60	Dagger of Veiled Shadows
I	21405	4	11	4	0	8	60	Band of Veiled Shadows
I	21406	4	16	4	1	8	60	Cloak of Veiled Shadows
I	21407	4	21	2	4	1024	60	Mace of Unending Life
I	21408	4	11	4	0	1024	60	Band of Unending Life
I	21409	4	16	4	1	1024	60	Cloak of Unending Life
I	21410	4	21	2	4	16	60	Gavel of Infinite Wisdom
I	21411	4	11	4	0	16	60	Ring of Infinite Wisdom
I	21412	4	16	4	1	16	60	Shroud of Infinite Wisdom
I	21413	4	21	2	7	128	60	Blade of Vaulted Secrets
I	21414	4	11	4	0	128	60	Band of Vaulted Secrets
I	21415	4	16	4	1	128	60	Drape of Vaulted Secrets
I	21416	4	13	2	15	256	60	Kris of Unspoken Names
I	21417	4	11	4	0	256	60	Ring of Unspoken Names
I	21418	4	16	4	1	256	60	Shroud of Unspoken Names
I	21436	1	0	15	0	32767	0	Alliance Commendation Signet
I	21438	1	0	15	0	32767	0	Horde Commendation Signet
I	21504	4	2	4	0	32767	60	Charm of the Shifting Sands
I	21505	4	2	4	0	32767	60	Choker of the Shifting Sands
I	21506	4	2	4	0	32767	60	Pendant of the Shifting Sands
I	21507	4	2	4	0	32767	60	Amulet of the Shifting Sands
I	21508	2	0	12	0	-1	0	Mark of Cenarius
I	21509	1	0	15	0	-1	0	Ahn'Qiraj War Effort Supplies
I	21510	1	0	15	0	-1	0	Ahn'Qiraj War Effort Supplies
I	21511	1	0	15	0	-1	0	Ahn'Qiraj War Effort Supplies
I	21512	1	0	15	0	-1	0	Ahn'Qiraj War Effort Supplies
I	21513	1	0	15	0	-1	0	Ahn'Qiraj War Effort Supplies
I	21515	2	0	12	0	2047	0	Mark of Remulos
I	21517	4	1	4	1	32767	60	Gnomish Turban of Psychic Might
I	21519	1	0	15	0	32767	0	Mistletoe
I	21520	4	13	2	7	32767	60	Ravencrest's Legacy
I	21521	4	21	2	7	32767	60	Runesword of the Red
I	21522	4	13	2	15	32767	60	Shadowsong's Sorrow
I	21523	4	21	2	15	32767	60	Fang of Korialstrasz
I	21526	4	11	4	0	32767	60	Band of Icy Depths
I	21527	4	20	4	1	32767	60	Darkwater Robes
I	21528	2	0	15	0	32767	0	Colossal Bag of Loot
I	21529	4	2	4	0	32767	60	Amulet of Shadow Shielding
I	21530	4	7	4	3	32767	60	Onyx Embedded Leggings
I	21531	4	2	4	0	32767	60	Drake Tooth Necklace
I	21532	4	8	4	2	32767	60	Drudge Boots
I	21537	1	0	0	0	-1	0	Festival Dumplings
I	21538	1	20	4	0	32767	0	Festive Pink Dress
I	21539	1	20	4	0	32767	0	Festive Purple Dress
I	21540	2	0	15	0	32767	40	Elune's Lantern
I	21541	1	20	4	0	32767	0	Festive Black Pant Suit
I	21543	1	20	4	0	32767	0	Festive Teal Pant Suit
I	21544	1	20	4	0	32767	0	Festive Blue Pant Suit
I	21640	1	0	15	0	32767	0	Lunar Festival Fireworks Pack
I	21709	4	11	4	0	32767	60	Ring of the Fallen God
I	21710	4	16	4	1	32767	60	Cloak of the Fallen God
I	21711	1	0	15	3	-1	1	Lunar Festival Invitation
I	21712	4	2	4	0	32767	60	Amulet of the Fallen God
I	21713	1	0	2	14	32767	0	Elune's Candle
I	21721	1	0	0	0	-1	0	Moonglow
I	21722	2	0	9	2	2047	0	Pattern: Festival Dress
I	21723	2	0	9	2	-1	0	Pattern: Festive Red Pant Suit
I	21737	2	0	9	3	-1	0	Schematic: Cluster Launcher
I	21738	2	0	9	3	-1	0	Schematic: Firework Launcher
I	21740	1	0	0	0	32767	0	Small Rocket Recipes
I	21741	1	0	0	0	32767	0	Cluster Rocket Recipes
I	21742	1	0	0	0	32767	0	Large Rocket Recipes
I	21743	1	0	0	0	32767	0	Large Cluster Rocket Recipes
I	21812	1	0	15	0	32767	1	Box of Chocolates
I	21994	3	6	4	4	-1	0	Belt of Heroism
I	21995	4	8	4	4	-1	0	Boots of Heroism
I	21996	3	9	4	4	-1	0	Bracers of Heroism
I	21997	4	5	4	4	-1	0	Breastplate of Heroism
I	21998	4	10	4	4	-1	0	Gauntlets of Heroism
I	21999	4	1	4	4	-1	0	Helm of Heroism
I	22000	3	7	4	4	-1	0	Legplates of Heroism
I	22001	3	3	4	4	-1	0	Spaulders of Heroism
I	22002	3	6	4	2	-1	0	Darkmantle Belt
I	22003	4	8	4	2	-1	0	Darkmantle Boots
I	22004	3	9	4	2	-1	0	Darkmantle Bracers
I	22005	4	1	4	2	-1	0	Darkmantle Cap
I	22006	4	10	4	2	-1	0	Darkmantle Gloves
I	22007	3	7	4	2	-1	0	Darkmantle Pants
I	22008	3	3	4	2	-1	0	Darkmantle Spaulders
I	22009	4	5	4	2	-1	0	Darkmantle Tunic
I	22010	3	6	4	3	-1	0	Beastmaster's Belt
I	22011	3	9	4	3	-1	0	Beastmaster's Bindings
I	22013	4	1	4	3	-1	0	Beastmaster's Cap
I	22015	4	10	4	3	-1	0	Beastmaster's Gloves
I	22016	3	3	4	3	-1	0	Beastmaster's Mantle
I	22017	3	7	4	3	-1	0	Beastmaster's Pants
I	22057	1	0	12	0	32767	0	Brazier of Invocation
I	22060	4	5	4	3	-1	0	Beastmaster's Tunic
I	22061	4	8	4	3	-1	0	Beastmaster's Boots
I	22062	3	6	4	1	-1	0	Sorcerer's Belt
I	22063	3	9	4	1	-1	0	Sorcerer's Bindings
I	22064	4	8	4	1	-1	0	Sorcerer's Boots
I	22065	4	1	4	1	-1	0	Sorcerer's Crown
I	22066	4	10	4	1	-1	0	Sorcerer's Gloves
I	22067	3	7	4	1	-1	0	Sorcerer's Leggings
I	22068	3	3	4	1	-1	0	Sorcerer's Mantle
I	22069	4	20	4	1	-1	0	Sorcerer's Robes
I	22070	3	6	4	1	-1	0	Deathmist Belt
I	22071	3	9	4	1	-1	0	Deathmist Bracers
I	22072	3	7	4	1	-1	0	Deathmist Leggings
I	22073	3	3	4	1	-1	0	Deathmist Mantle
I	22074	4	1	4	1	-1	0	Deathmist Mask
I	22075	4	20	4	1	-1	0	Deathmist Robe
I	22076	4	8	4	1	-1	0	Deathmist Sandals
I	22077	4	10	4	1	-1	0	Deathmist Wraps
I	22078	3	6	4	1	-1	0	Virtuous Belt
I	22079	3	9	4	1	-1	0	Virtuous Bracers
I	22080	4	1	4	1	-1	0	Virtuous Crown
I	22081	4	10	4	1	-1	0	Virtuous Gloves
I	22082	3	3	4	1	-1	0	Virtuous Mantle
I	22083	4	20	4	1	-1	0	Virtuous Robe
I	22084	4	8	4	1	-1	0	Virtuous Sandals
I	22085	3	7	4	1	-1	0	Virtuous Skirt
I	22086	3	6	4	4	-1	0	Soulforge Belt
I	22087	4	8	4	4	-1	0	Soulforge Boots
I	22088	3	9	4	4	-1	0	Soulforge Bracers
I	22089	4	5	4	4	-1	0	Soulforge Breastplate
I	22090	4	10	4	4	-1	0	Soulforge Gauntlets
I	22091	4	1	4	4	-1	0	Soulforge Helm
I	22092	3	7	4	4	-1	0	Soulforge Legplates
I	22093	3	3	4	4	-1	0	Soulforge Spaulders
I	22095	3	9	4	3	32767	0	Bindings of The Five Thunders
I	22096	4	8	4	3	32767	0	Boots of The Five Thunders
I	22097	4	1	4	3	32767	0	Coif of The Five Thunders
I	22098	3	6	4	3	32767	0	Cord of The Five Thunders
I	22099	4	10	4	3	32767	0	Gauntlets of The Five Thunders
I	22100	3	7	4	3	32767	0	Kilt of The Five Thunders
I	22101	3	3	4	3	32767	0	Pauldrons of The Five Thunders
I	22102	4	5	4	3	32767	0	Vest of The Five Thunders
I	22106	3	6	4	2	-1	0	Feralheart Belt
I	22107	4	8	4	2	-1	0	Feralheart Boots
I	22108	3	9	4	2	-1	0	Feralheart Bracers
I	22109	4	1	4	2	-1	0	Feralheart Cowl
I	22110	4	10	4	2	-1	0	Feralheart Gloves
I	22111	3	7	4	2	-1	0	Feralheart Kilt
I	22112	3	3	4	2	-1	0	Feralheart Spaulders
I	22113	4	5	4	2	-1	0	Feralheart Vest
I	22114	1	0	15	0	-1	0	Pink Murloc Egg
I	22137	1	0	15	0	-1	0	Ysida's Satchel
I	22149	3	2	4	0	32767	0	Beads of Ogre Mojo
I	22150	3	2	4	0	32767	0	Beads of Ogre Might
I	22192	1	0	0	3	2047	0	Bloodkelp Elixir of Dodging
I	22193	1	0	0	3	2047	0	Bloodkelp Elixir of Resistance
I	22200	1	0	15	0	32767	0	Silver Shafted Arrow
I	22218	1	0	0	0	32767	0	Handful of Rose Petals
I	22243	2	18	1	1	256	0	Small Soul Pouch
I	22244	2	18	1	1	256	0	Box of Souls
I	22272	3	5	4	2	-1	0	Forest's Embrace
I	22274	3	5	4	2	-1	0	Grizzled Pelt
I	22276	1	20	4	0	32767	0	Lovely Red Dress
I	22277	1	20	4	0	32767	0	Red Dinner Suit
I	22278	1	20	4	0	32767	0	Lovely Blue Dress
I	22280	1	20	4	0	32767	0	Lovely Purple Dress
I	22281	1	20	4	0	32767	0	Blue Dinner Suit
I	22282	1	20	4	0	32767	0	Purple Dinner Suit
I	22320	1	0	15	0	-1	0	Mux's Quality Goods
I	22344	1	0	15	0	32767	0	Brazier of Invocation: User's Manual
I	22347	3	26	2	18	-1	0	Fahrad's Reloading Repeater
I	22348	3	17	2	5	-1	0	Doomulus Prime
I	22377	3	13	2	15	-1	0	The Thunderwood Poker
I	22378	3	13	2	7	-1	0	Ravenholdt Slicer
I	22379	3	21	2	15	32767	0	Shivsprocket's Shiv
I	22380	3	21	2	4	32767	0	Simone's Cultivating Hammer
I	22416	4	5	4	4	1	60	Dreadnaught Breastplate
I	22417	4	7	4	4	1	60	Dreadnaught Legplates
I	22418	4	1	4	4	1	60	Dreadnaught Helmet
I	22419	4	3	4	4	1	60	Dreadnaught Pauldrons
I	22420	4	8	4	4	1	60	Dreadnaught Sabatons
I	22421	4	10	4	4	1	60	Dreadnaught Gauntlets
I	22422	4	6	4	4	1	60	Dreadnaught Waistguard
I	22423	4	9	4	4	1	60	Dreadnaught Bracers
I	22424	4	9	4	4	2	60	Redemption Wristguards
I	22425	4	5	4	4	2	60	Redemption Tunic
I	22426	4	10	4	4	2	60	Redemption Handguards
I	22427	4	7	4	4	2	60	Redemption Legguards
I	22428	4	1	4	4	2	60	Redemption Headpiece
I	22429	4	3	4	4	2	60	Redemption Spaulders
I	22430	4	8	4	4	2	60	Redemption Boots
I	22431	4	6	4	4	2	60	Redemption Girdle
I	22436	4	5	4	3	4	60	Cryptstalker Tunic
I	22437	4	7	4	3	4	60	Cryptstalker Legguards
I	22438	4	1	4	3	4	60	Cryptstalker Headpiece
I	22439	4	3	4	3	4	60	Cryptstalker Spaulders
I	22440	4	8	4	3	4	60	Cryptstalker Boots
I	22441	4	10	4	3	4	60	Cryptstalker Handguards
I	22442	4	6	4	3	4	60	Cryptstalker Girdle
I	22443	4	9	4	3	4	60	Cryptstalker Wristguards
I	22458	3	17	2	10	-1	0	Moonshadow Stave
I	22464	4	5	4	3	64	60	Earthshatter Tunic
I	22465	4	7	4	3	64	60	Earthshatter Legguards
I	22466	4	1	4	3	64	60	Earthshatter Headpiece
I	22467	4	3	4	3	64	60	Earthshatter Spaulders
I	22468	4	8	4	3	64	60	Earthshatter Boots
I	22469	4	10	4	3	64	60	Earthshatter Handguards
I	22470	4	6	4	3	64	60	Earthshatter Girdle
I	22471	4	9	4	3	64	60	Earthshatter Wristguards
I	22476	4	5	4	2	8	60	Bonescythe Breastplate
I	22477	4	7	4	2	8	60	Bonescythe Legplates
I	22478	4	1	4	2	8	60	Bonescythe Helmet
I	22479	4	3	4	2	8	60	Bonescythe Pauldrons
I	22480	4	8	4	2	8	60	Bonescythe Sabatons
I	22481	4	10	4	2	8	60	Bonescythe Gauntlets
I	22482	4	6	4	2	8	60	Bonescythe Waistguard
I	22483	4	9	4	2	8	60	Bonescythe Bracers
I	22488	4	5	4	2	1024	60	Dreamwalker Tunic
I	22489	4	7	4	2	1024	60	Dreamwalker Legguards
I	22490	4	1	4	2	1024	60	Dreamwalker Headpiece
I	22491	4	3	4	2	1024	60	Dreamwalker Spaulders
I	22492	4	8	4	2	1024	60	Dreamwalker Boots
I	22493	4	10	4	2	1024	60	Dreamwalker Handguards
I	22494	4	6	4	2	1024	60	Dreamwalker Girdle
I	22495	4	9	4	2	1024	60	Dreamwalker Wristguards
I	22496	4	20	4	1	128	60	Frostfire Robe
I	22497	4	7	4	1	128	60	Frostfire Leggings
I	22498	4	1	4	1	128	60	Frostfire Circlet
I	22499	4	3	4	1	128	60	Frostfire Shoulderpads
I	22500	4	8	4	1	128	60	Frostfire Sandals
I	22501	4	10	4	1	128	60	Frostfire Gloves
I	22502	4	6	4	1	128	60	Frostfire Belt
I	22503	4	9	4	1	128	60	Frostfire Bindings
I	22504	4	20	4	1	256	60	Plagueheart Robe
I	22505	4	7	4	1	256	60	Plagueheart Leggings
I	22506	4	1	4	1	256	60	Plagueheart Circlet
I	22507	4	3	4	1	256	60	Plagueheart Shoulderpads
I	22508	4	8	4	1	256	60	Plagueheart Sandals
I	22509	4	10	4	1	256	60	Plagueheart Gloves
I	22510	4	6	4	1	256	60	Plagueheart Belt
I	22511	4	9	4	1	256	60	Plagueheart Bindings
I	22512	4	20	4	1	16	60	Robe of Faith
I	22513	4	7	4	1	16	60	Leggings of Faith
I	22514	4	1	4	1	16	60	Circlet of Faith
I	22515	4	3	4	1	16	60	Shoulderpads of Faith
I	22516	4	8	4	1	16	60	Sandals of Faith
I	22517	4	10	4	1	16	60	Gloves of Faith
I	22518	4	6	4	1	16	60	Belt of Faith
I	22519	4	9	4	1	16	60	Bindings of Faith
I	22523	2	0	15	0	32767	0	Insignia of the Dawn
I	22524	2	0	15	0	32767	0	Insignia of the Crusade
I	22568	1	0	15	0	32767	0	Sealed Craftsman's Writ
I	22589	5	17	2	10	1503	60	Atiesh, Greatstaff of the Guardian
I	22630	5	17	2	10	1503	60	Atiesh, Greatstaff of the Guardian
I	22631	5	17	2	10	1503	60	Atiesh, Greatstaff of the Guardian
I	22632	5	17	2	10	1503	60	Atiesh, Greatstaff of the Guardian
I	22635	3	0	15	0	32767	55	Savage Guard
I	22636	3	0	15	0	32767	55	Ice Guard
I	22638	3	0	15	0	32767	55	Shadow Guard
I	22652	4	5	4	1	32767	60	Glacial Vest
I	22654	4	10	4	1	2047	60	Glacial Gloves
I	22655	4	9	4	1	2047	60	Glacial Wrists
I	22656	4	26	2	3	-1	0	The Purifier
I	22657	4	2	4	0	-1	0	Amulet of the Dawn
I	22658	4	16	4	1	32767	60	Glacial Cloak
I	22659	4	2	4	0	-1	0	Medallion of the Dawn
I	22661	4	5	4	2	32767	60	Polar Tunic
I	22662	4	10	4	2	2047	60	Polar Gloves
I	22663	4	9	4	2	1535	60	Polar Bracers
I	22664	4	5	4	3	32767	60	Icy Scale Breastplate
I	22665	4	9	4	3	2047	60	Icy Scale Bracers
I	22666	4	10	4	3	1535	60	Icy Scale Gauntlets
I	22667	4	9	4	1	1535	0	Bracers of Hope
I	22668	4	9	4	2	1535	0	Bracers of Subterfuge
I	22669	4	5	4	4	32767	60	Icebane Breastplate
I	22670	4	10	4	4	2047	60	Icebane Gauntlets
I	22671	4	9	4	4	2047	60	Icebane Bracers
I	22678	4	12	4	0	-1	0	Talisman of Ascendance
I	22679	3	18	1	0	-1	0	Supply Bag
I	22680	3	11	4	0	-1	0	Band of Resolution
I	22681	3	11	4	0	-1	0	Band of Piety
I	22688	3	21	2	15	-1	0	Verimonde's Last Resort
I	22689	3	1	4	2	-1	0	Sanctified Leather Helm
I	22690	3	7	4	3	-1	0	Leggings of the Plague Hunter
I	22699	4	7	4	4	2047	0	Icebane Leggings
I	22700	4	7	4	1	2047	0	Glacial Leggings
I	22701	4	7	4	2	2047	0	Polar Leggings
I	22702	4	7	4	3	2047	0	Icy Scale Leggings
I	22707	4	11	4	0	2047	0	Ramaladni's Icy Grasp
I	22725	3	11	4	0	-1	0	Band of Cenarius
I	22746	1	0	15	0	2047	0	Buccaneer's Uniform
I	22999	1	19	4	0	-1	0	Tabard of the Argent Dawn
I	23002	1	0	15	0	-1	0	Turtle Box
I	23007	1	0	15	0	-1	0	Piglet's Collar
I	23015	1	0	15	0	-1	0	Rat Cage
I	23022	1	0	15	0	32767	0	Curmudgeon's Payoff
I	23078	3	10	4	4	1535	0	Gauntlets of Undead Slaying
I	23081	3	10	4	2	1535	0	Handwraps of Undead Slaying
I	23082	3	10	4	3	32767	0	Handguards of Undead Slaying
I	23083	1	0	15	0	32767	0	Captured Flame
I	23084	3	10	4	1	32767	0	Gloves of Undead Cleansing
I	23122	2	0	7	0	-1	50	Consecrated Sharpening Stone
I	23123	2	0	7	0	-1	50	Blessed Wizard Oil
I	23206	4	12	4	0	-1	0	Mark of the Champion
I	23207	4	12	4	0	-1	0	Mark of the Champion
I	23211	1	0	0	0	32767	1	Toasted Smorc
I	23246	1	0	0	0	32767	0	Fiery Festival Brew
I	23247	1	0	15	0	32767	0	Burning Blossom
I	23323	1	1	4	1	32767	0	Crown of the Fire Festival
I	23324	1	3	4	1	32767	0	Mantle of the Fire Festival
I	23326	1	0	0	0	32767	1	Midsummer Sausage
I	23327	1	0	0	0	32767	1	Fire-toasted Bun
I	23379	2	0	0	0	32767	0	Cinder Bracers
I	23435	1	0	0	0	32767	1	Elderberry Pie
I	23713	1	0	15	0	-1	0	Hippogryph Hatchling
I	23720	1	0	15	0	-1	20	Riding Turtle
