# Generated by tools/build-creature-react.js from CMaNGOS classic-db (GPL-3.0, github.com/cmangos/classic-db) creature_template and the game's FactionTemplate data. Only facts are kept. Do not edit by hand.
# id <TAB> name <TAB> lowest level <TAB> highest level <TAB> creature type <TAB> noAggro (1: does not attack on sight) <TAB> Alliance <TAB> Horde
# codes: y neutral (yellow, will not attack you first), r hostile (red), f friendly. The rule is the engine's: the creature's faction template against the player race templates.
1	Waypoint (Only GM can see it)	1	1	8	1	f	f
2	Spawn Point (Only GM can see it)	1	1	1	0	f	f
3	Flesh Eater	24	25	6	0	r	r
6	Kobold Vermin	1	2	7	1	y	y
19	Benny Questgiver	20	20	7	0	f	f
29	Dragon Spawn	1	1	2	0	r	r
30	Forest Spider	5	6	1	0	r	r
31	Furbolg	1	2	0	0	f	f
36	Harvest Golem	11	12	9	0	r	r
38	Defias Thug	3	4	7	0	r	r
40	Kobold Miner	6	7	7	0	r	r
43	Mine Spider	8	9	1	0	r	r
46	Murloc Forager	9	10	7	0	r	r
48	Skeletal Warrior	21	22	6	0	r	r
49	Lesser Succubus	20	20	3	0	r	r
54	Corina Steele	10	10	7	1	f	r
55	Mean Ed the Blacksmith	20	20	7	0	f	r
60	Ruklar the Trapper	8	8	7	0	r	r
61	Thuros Lightfingers	11	11	7	0	r	r
62	Gug Fatcandle	4	4	7	0	r	r
65	Peasant Woman	1	2	7	0	f	r
66	Tharynn Bouden	10	10	7	1	f	r
67	[UNUSED] Marlon Darnik	5	5	7	0	f	r
68	Stormwind City Guard	55	55	7	0	f	r
69	Timber Wolf	2	2	1	0	y	y
70	[UNUSED] Lower Class Citizen	1	2	7	0	f	r
71	Rankist	5	7	0	0	r	r
72	[UNUSED] Antaris the Trader	20	20	7	0	f	f
73	Veraina the Apothecary	40	40	7	0	f	f
74	Kurran Steele	10	10	7	1	f	r
75	[UNUSED] Vashaum Nightwither	12	12	7	0	r	r
78	Janos Hammerknuckle	5	5	7	1	f	r
79	Narg the Taskmaster	10	10	7	0	r	r
80	Kobold Laborer	3	4	7	0	r	r
81	[UNUSED] Luglar the Clogger	5	5	7	0	r	r
82	Crazy Leonetti	7	7	7	0	f	f
87	Forest Troll Berserker	2	4	7	0	r	r
89	Infernal	50	60	3	0	r	r
90	Sea Giant	40	40	5	0	r	r
92	Rock Elemental	39	40	4	0	r	r
93	Centaur	1	2	0	0	f	f
94	Defias Cutpurse	5	6	7	0	r	r
95	Defias Smuggler	11	12	7	0	r	r
97	Riverpaw Runt	8	9	7	0	r	r
98	Riverpaw Taskmaster	17	18	7	0	r	r
99	Morgaine the Sly	10	10	7	0	r	r
100	Gruff Swiftbite	12	12	7	0	r	r
102	Bronze Dragonspawn	1	2	0	0	f	f
103	Garrick Padfoot	5	5	7	0	r	r
105	Tall Strider	1	2	0	0	f	f
106	Kodo Beast	1	2	1	0	f	f
107	Raptor	1	2	1	0	f	f
108	Green Dragonspawn	1	2	0	0	f	f
109	White Dragonspawn	1	2	0	0	f	f
111	Priest	3	4	7	0	f	r
112	Priestess	3	4	7	0	f	r
113	Stonetusk Boar	5	6	1	0	y	y
114	Harvest Watcher	14	15	9	0	r	r
115	Harvest Reaper	17	18	9	0	r	r
116	Defias Bandit	8	9	7	0	r	r
117	Riverpaw Gnoll	11	12	7	0	r	r
118	Prowler	9	10	1	0	r	r
119	Longsnout	10	11	1	0	y	y
120	Forest Stalker	9	10	1	0	r	r
121	Defias Pathstalker	15	16	7	0	r	r
122	Defias Highwayman	17	18	7	0	r	r
123	Riverpaw Mongrel	13	14	7	0	r	r
124	Riverpaw Brute	15	16	7	0	r	r
125	Riverpaw Overseer	19	20	7	0	r	r
126	Murloc Coastrunner	12	13	7	0	r	r
127	Murloc Tidehunter	18	19	7	0	r	r
128	Angry Programmer Tweedle Dee	59	59	10	0	r	r
129	Angry Programmer Tweedle Dum	50	63	10	0	r	r
130	Programmer Vendor	62	62	7	0	f	f
149	[UNUSED] Small Black Dragon Whelp	6	7	2	0	r	r
150	[UNUSED] Brother Milius	5	5	7	0	f	r
151	Brog Hamfist	10	10	7	1	f	r
152	Brother Danil	5	5	7	1	f	r
153	Bethina	35	35	7	0	f	r
154	Greater Fleshripper	16	17	1	0	r	r
157	Goretusk	14	15	1	1	y	y
161	[UNUSED] Ander the Monk	10	10	7	0	f	r
163	[UNUSED] Destitute Farmer	4	4	7	0	f	r
165	[UNUSED] Small Child	1	1	7	0	f	r
167	Morhan Coppertongue	13	13	7	1	f	r
171	Murloc Warrior	15	16	7	0	r	r
190	Dermot Johns	5	5	7	1	f	r
192	Ice Troll	62	62	7	0	r	r
193	Blue Dragonspawn	50	51	2	0	r	r
196	Eagan Peltskinner	3	3	7	1	f	r
197	Marshal McBride	20	20	7	1	f	r
198	Khelden Bremen	5	5	7	1	f	r
199	Young Fleshripper	10	11	1	0	r	r
200	Shambling Skeleton UNUSED	20	21	6	0	f	f
201	Brittlebones Skeleton UNUSED	1	1	6	0	r	r
202	Skeletal Horror	23	24	6	0	r	r
203	Skeletal Mage	22	23	6	0	r	r
204	[UNUSED] Cackle Flamebone	28	28	6	0	r	r
205	Nightbane Dark Runner	28	29	7	0	r	r
206	Nightbane Vile Fang	29	30	7	0	r	r
207	[UNUSED] Riverpaw Hideflayer	25	26	7	0	r	r
208	[UNUSED] Riverpaw Pack Warder	23	24	7	0	r	r
209	[UNUSED] Riverpaw Bone Chanter	24	25	7	0	r	r
210	Bone Chewer	26	27	6	0	r	r
211	Ogre	29	30	7	0	r	r
212	Splinter Fist Warrior	29	30	7	0	r	r
213	Starving Dire Wolf	19	20	1	0	r	r
215	Defias Night Runner	24	25	7	0	r	r
217	Venom Web Spider	19	20	1	0	r	r
218	Grave Robber	24	25	7	0	r	r
219	[UNUSED] Logan Mar	20	20	7	0	f	r
220	[UNUSED] Khebil Steelsmith	17	17	7	0	f	r
221	Dannus	17	17	7	0	f	r
222	Nillen Andemar	19	19	7	1	f	r
223	Dan Golthas	23	23	7	1	r	f
224	Zek Marston	15	15	7	0	f	r
225	Gavin Gnarltree	30	30	7	1	f	r
226	Morg Gnarltree	30	30	7	1	f	r
227	Mabel Solaj	26	26	7	1	f	r
228	Avette Fellwood	24	24	7	1	f	r
229	Vaious	1	1	7	0	r	r
230	Thornton Fellwood	1	1	7	0	f	f
232	Farmer Ray	23	23	7	0	f	r
233	Farmer Saldean	20	20	7	1	f	r
234	Gryan Stoutmantle	35	35	7	1	f	r
235	Salma Saldean	20	20	7	1	f	r
237	Farmer Furlbrow	20	20	7	1	f	r
238	Verna Furlbrow	20	20	7	1	f	r
239	Grimbooze Thunderbrew	20	20	7	1	f	r
240	Marshal Dughan	25	25	7	1	f	r
241	Remy "Two Times"	5	5	7	1	f	r
242	Horras Brackwell	10	10	7	0	f	r
243	[UNUSED] Greeby Mudwhisker TEST	5	5	7	0	f	f
244	Ma Stonefield	3	3	7	1	f	r
246	"Auntie" Bernice Stonefield	6	6	7	1	f	r
247	Billy Maclure	1	1	7	1	f	r
248	Gramma Stonefield	3	3	7	1	f	r
250	Pa Maclure	6	6	7	1	f	r
251	Maybell Maclure	2	2	7	1	f	r
252	Tommy Joe Stonefield	2	2	7	1	f	r
253	William Pestle	6	6	7	1	f	r
255	Gerard Tiller	6	6	7	1	f	r
257	Kobold Worker	3	3	7	1	y	y
258	Joshua Maclure	5	5	7	1	f	r
260	[UNUSED] Elwynn Tower Guard	22	22	7	0	f	r
261	Guard Thomas	30	30	7	1	f	r
262	Half-eaten body	1	1	3	0	f	f
263	Lord Ello Ebonlocke	30	30	7	1	f	r
264	Commander Althea Ebonlocke	45	45	7	1	f	r
265	Madame Eva	25	25	7	1	f	r
266	Wiley the Black	26	26	7	1	f	r
267	Clerk Daltry	31	31	7	1	f	r
268	Sirra Von'Indi	24	24	7	1	f	r
269	Role Dreuger	40	40	7	1	f	r
270	Councilman Millstipe	28	28	7	1	f	r
271	Ambassador Berrybuck	30	30	7	1	f	r
272	Chef Grual	30	30	7	1	f	r
273	Tavernkeep Smitts	22	22	7	1	f	r
274	Barkeep Hann	26	26	7	1	f	r
275	Whit Wantmal	27	27	7	1	f	r
276	Viktori Prism'Antras	28	28	7	1	f	r
277	Roberto Pupellyverbos	30	30	7	1	f	r
278	Sara Timberlain	5	5	7	1	f	r
279	Morgan Pestle	30	30	7	1	f	r
280	Placeholder - Jasperlode Mine	62	62	3	0	f	r
281	Kobold Tank	7	8	7	0	r	r
282	Kobold Spellcaster	7	8	7	0	r	r
283	Kobold Healer	7	8	7	0	r	r
284	Riding Horse (Brown)	1	1	1	1	f	f
285	Murloc	6	7	7	0	r	r
286	Old Rotten Gill	11	11	7	0	r	r
287	Placeholder - Darkhollow Mine	62	62	3	0	f	r
288	Jitters	25	25	7	1	f	r
289	Abercrombie	35	35	7	1	f	r
290	Placeholder - Fargodeep Mine	62	62	3	0	f	r
291	Placeholder Chest of Drawers	62	62	3	0	f	r
294	Marshal Haggard	20	20	7	1	f	r
295	Innkeeper Farley	30	30	7	1	f	r
296	[UNUSED] Goodmother Jans	20	21	7	0	f	r
297	Caretaker Folsom	30	30	7	1	f	r
298	[UNUSED] Aunt Bethda	62	62	7	0	f	r
299	Young Wolf	1	1	1	1	y	y
300	Zzarc' Vul	30	30	7	0	r	r
301	[UNUSED] Brog'Mud	31	31	7	0	r	r
302	Blind Mary	40	40	6	1	f	r
303	Placeholder Interactive Doodad - jk	62	62	1	0	f	r
304	Riding Horse (Felsteed)	1	1	3	1	f	f
305	Riding Horse (White Stallion)	1	1	1	1	f	f
306	Riding Horse (Palomino)	1	1	1	1	f	f
307	Riding Horse (Pinto)	1	1	1	1	f	f
308	Riding Horse (Black Stallion)	1	1	1	1	f	f
309	Rolf's corpse	1	1	3	0	f	f
311	Sven Yorgen	20	20	7	1	f	r
313	Theocritus	24	24	7	1	f	r
314	Eliza	31	31	6	0	r	r
315	Stalvan Mistmantle	32	32	6	0	r	r
318	[UNUSED] Brother Akil	5	5	7	0	f	r
319	[UNUSED] Brother Benthas	5	5	7	0	f	r
320	[UNUSED] Brother Cryus	5	5	7	0	f	r
321	[UNUSED] Brother Deros	5	5	7	0	f	r
322	[UNUSED] Brother Enoch	5	5	7	0	f	r
323	[UNUSED] Brother Farthing	10	10	7	0	f	r
324	[UNUSED] Brother Greishan	10	10	7	0	f	r
325	Hogan Ference	20	20	7	1	f	r
326	[UNUSED] Brother Ictharin	10	10	7	0	f	r
327	Goldtooth	8	8	7	0	r	r
328	Zaldimar Wefhellt	13	13	7	1	f	r
329	Earth Elemental	54	55	4	0	y	y
330	Princess	9	9	1	0	y	y
331	Maginor Dumas	60	60	7	1	f	r
332	Master Mathias Shaw	62	62	7	1	f	r
333	[UNUSED] Edwardo the Jester	44	44	7	0	f	r
334	Gath'Ilzogg	26	26	7	0	r	r
335	Singe	24	24	2	0	r	r
336	[UNUSED] Rin Tal'Vara	62	62	7	0	f	r
338	Mazen Mac'Nadir	44	44	7	1	f	r
339	[UNUSED] Helgor the Pugilist	30	30	7	0	f	r
340	Kendor Kabonka	50	50	7	1	f	r
341	Foreman Oslow	20	20	7	1	f	r
342	Martie Jainrose	20	20	7	1	f	r
343	Chef Breanna	19	19	7	1	f	r
344	Magistrate Solomon	36	36	7	1	f	r
345	Bellygrub	24	24	1	0	r	r
346	Barkeep Daniels	21	21	7	1	f	r
347	Grizzle Halfmane	61	61	7	0	r	f
348	Zem Leeward	25	25	7	1	f	r
349	Corporal Keeshan	25	25	7	0	f	r
351	Peasant	1	2	7	0	f	r
352	Dungar Longdrink	55	55	7	1	f	r
353	Antonia Dart	35	35	7	0	f	r
354	[UNUSED] Grall Twomoons	10	10	7	0	f	r
356	Riding Wolf (Black)	1	1	1	1	f	f
358	Riding Wolf (Brown)	1	1	1	1	f	f
359	Riding Wolf (Winter)	1	1	1	1	f	f
361	Saytr	1	1	0	0	r	r
364	Slime	1	1	10	0	r	r
365	Scott's Flying Mount	1	1	10	0	r	r
370	Boy	1	2	7	0	f	r
371	Girl	1	1	7	0	f	r
372	Karm Ironquill	16	16	7	1	f	r
373	Murak Winterborn	62	62	7	0	f	r
374	Cog Glitzspinner	30	30	7	1	f	r
375	Priestess Anetta	5	5	7	1	f	r
376	High Priestess Laurena	60	60	7	1	f	r
377	Priestess Josetta	13	13	7	1	f	r
379	Darcy	15	15	7	1	f	r
380	[UNUSED] Waldin Thorbatt	25	25	7	0	f	r
381	Dockmaster Baren	20	20	7	1	f	r
382	Marshal Marris	35	35	7	1	f	r
383	Jason Mathers	7	7	7	1	f	r
384	Katie Hunter	10	10	7	1	f	r
385	Horse	5	5	8	1	f	f
386	[UNUSED] Ulric the Grim	20	20	7	0	f	r
387	Lord Sammuel	62	62	7	0	f	r
388	Bromos Murphy	62	62	7	0	f	r
389	Lord Lantinga	62	62	7	0	f	r
390	Porcine Entourage	7	7	1	0	y	y
391	Old Murk-Eye	20	20	7	0	r	r
392	Captain Grayson	30	30	6	1	f	f
393	Tame Wolf	10	10	1	0	f	r
395	Markus	1	1	7	1	f	r
397	Morganth	27	27	7	0	r	r
399	Boy - placeholder 05	1	2	0	0	f	r
400	Boy - placeholder 06	1	2	0	0	f	r
401	Boy - placeholder 07	1	2	0	0	f	r
402	Boy - placeholder 08	1	2	0	0	f	r
403	Boy - placeholder 09	1	2	0	0	f	r
404	Girl - placeholder 01	1	2	0	0	f	r
405	Girl - placeholder 02	1	2	0	0	f	r
406	Girl - placeholder 03	1	2	0	0	f	r
407	Girl - placeholder 04	1	2	0	0	f	r
408	Girl - placeholder 05	1	2	0	0	f	r
409	Girl - placeholder 06	1	2	0	0	f	r
410	Girl - placeholder 07	1	2	0	0	f	r
411	Girl - placeholder 08	1	2	0	0	f	r
412	Stitches	35	35	6	0	y	y
415	Verner Osgood	25	25	7	1	f	r
416	Imp	5	5	3	0	r	r
417	Felhunter	60	60	3	0	f	r
418	Lesser Voidwalker	20	20	3	0	r	r
421	Murphestos	1	1	0	0	r	r
422	Murloc Flesheater	18	19	7	0	r	r
423	Redridge Mongrel	15	16	7	0	r	r
424	Redridge Poacher	16	17	7	0	r	r
426	Redridge Brute	17	18	7	0	r	r
428	Dire Condor	18	19	1	0	r	r
429	Shadowhide Darkweaver	25	26	7	0	r	r
430	Redridge Mystic	18	19	7	0	r	r
431	Shadowhide Slayer	25	26	7	0	r	r
432	Shadowhide Brute	23	24	7	0	r	r
433	Shadowhide Gnoll	22	23	7	0	r	r
434	Rabid Shadowhide Gnoll	21	22	7	0	r	r
435	Blackrock Champion	24	25	7	0	r	r
436	Blackrock Shadowcaster	22	23	7	0	r	r
437	Blackrock Renegade	21	22	7	0	r	r
440	Blackrock Grunt	19	20	7	0	r	r
441	Black Dragon Whelp	17	18	2	0	r	r
442	Tarantula	15	16	1	0	r	r
444	[UNUSED] Goreripper	25	25	1	0	y	y
445	Redridge Alpha	21	22	7	0	r	r
446	Redridge Basher	19	20	7	0	r	r
448	Hogger	11	11	7	0	r	r
449	Defias Knuckleduster	16	17	7	0	r	r
450	Defias Renegade Mage	18	19	7	0	r	r
452	Riverpaw Bandit	16	17	7	0	r	r
453	Riverpaw Mystic	18	19	7	0	r	r
454	Young Goretusk	12	13	1	0	y	y
456	Murloc Minor Oracle	13	14	7	0	r	r
458	Murloc Hunter	16	17	7	0	r	r
459	Drusilla La Salle	5	5	7	1	f	r
460	Alamar Grimm	5	5	7	1	f	r
461	Demisette Cloyce	60	60	7	1	f	r
462	Vultros	26	26	1	0	r	r
464	Guard Parker	30	30	7	1	f	r
465	Barkeep Dobbins	10	10	7	1	f	r
466	General Marcus Jonathan	62	62	7	1	f	r
467	The Defias Traitor	15	15	7	0	f	y
468	Town Crier	35	35	7	0	f	r
469	Lieutenant Doren	60	60	7	0	f	r
470	[UNUSED] Scribe Colburg	35	35	7	0	f	r
471	Mother Fang	10	10	1	0	r	r
472	Fedfennel	12	12	7	0	r	r
473	Morgan the Collector	10	10	7	0	r	r
474	Defias Rogue Wizard	9	10	7	0	r	r
475	Kobold Tunneler	5	6	7	0	r	r
476	Kobold Geomancer	7	8	7	0	r	r
478	Riverpaw Outrunner	9	10	7	0	r	r
480	Rusty Harvest Golem	9	10	9	0	r	r
481	Defias Footpad	10	11	7	0	r	r
482	Elling Trias	30	30	7	1	f	r
483	Elaine Trias	30	30	7	1	f	r
485	Blackrock Outrunner	20	21	7	0	r	r
486	Tharil'zun	24	24	7	0	r	r
487	Protector Bialon	30	30	7	0	f	r
488	Protector Weaver	30	30	7	0	f	r
489	Protector Dutfield	30	30	7	0	f	r
490	Protector Gariel	30	30	7	0	f	r
491	Quartermaster Lewis	20	20	7	1	f	r
494	Watcher Bukouris	37	37	7	0	f	r
495	Watcher Keefer	40	40	7	0	f	r
496	[UNUSED] Watcher Kleeman	30	30	7	0	f	r
497	[UNUSED] Watcher Benjamin	30	30	7	0	f	r
498	[UNUSED] Watcher Larsen	20	20	7	0	f	r
499	Watcher Paige	29	29	7	0	f	r
500	Riverpaw Scout	12	13	7	0	r	r
501	Riverpaw Herbalist	14	15	7	0	r	r
502	Benny Blaanco	15	15	7	0	r	r
503	Lord Malathrom	31	31	6	0	r	r
504	Defias Trapper	12	13	7	0	r	r
505	Greater Tarantula	19	20	1	0	r	r
506	Sergeant Brashclaw	18	18	7	0	r	r
507	Fenros	32	32	7	0	r	r
509	[UNUSED] Long Fang	33	33	7	0	r	r
510	Water Elemental	60	60	4	0	f	r
511	Insane Ghoul	26	26	6	0	r	r
513	Murloc Netter	14	15	7	0	r	r
514	Smith Argus	24	24	7	1	f	r
515	Murloc Raider	11	12	7	0	r	r
516	[UNUSED] Riverpaw Hunter	22	23	7	0	r	r
517	Murloc Oracle	17	18	7	0	r	r
518	Yowler	25	25	7	0	r	r
519	Slark	15	15	7	0	r	r
520	Brack	19	19	7	0	r	r
521	Lupos	23	23	1	0	r	r
522	Mor'Ladim	35	35	6	0	r	r
523	Thor	55	55	7	1	f	r
524	Rockhide Boar	7	8	1	0	y	y
525	Mangy Wolf	5	6	1	0	r	r
531	Skeletal Fiend	24	25	6	0	r	r
533	Nightbane Shadow Weaver	27	28	7	0	r	r
534	Nefaru	34	34	7	0	r	r
535	[UNUSED] Savar	30	30	7	0	r	r
536	[UNUSED] Rhal'Del	32	32	7	0	r	r
538	[UNUSED] Buk'Cha	31	31	7	0	r	r
539	Pygmy Venom Web Spider	18	19	1	0	r	r
541	Riding Gryphon	29	29	1	1	f	f
542	Califex of the Deep Wood	62	62	7	0	f	r
543	Nalesette Wildbringer	40	40	7	1	f	r
544	Murloc Nightcrawler	21	22	7	0	r	r
545	Murloc Tidecaller	19	20	7	0	r	r
547	Great Goretusk	16	17	1	0	y	y
548	Murloc Minor Tidecaller	17	18	7	0	r	r
550	Defias Messenger	14	15	7	0	y	y
564	Kobold Slave	10	11	7	0	r	r
565	Rabid Dire Wolf	20	21	1	0	r	r
566	V'rex	19	19	7	0	r	r
567	Blacknails	15	15	7	0	r	r
568	Shadowhide Warrior	24	25	7	0	r	r
569	Green Recluse	21	22	1	0	r	r
570	Brain Eater	28	29	6	0	r	r
572	Leprithus	19	19	6	0	r	r
573	Foe Reaper 4000	20	20	9	0	r	r
574	Naraxis	27	27	1	0	r	r
575	Fire Elemental	35	36	4	0	r	r
576	Watcher Ladimore	28	28	7	0	f	r
578	Murloc Scout	19	20	7	0	r	r
579	Shadowhide Assassin	23	24	7	0	r	r
580	Redridge Drudger	20	21	7	0	r	r
582	Old Blanchy	2	2	8	0	f	f
583	Defias Ambusher	8	9	7	0	r	r
584	Kazon	27	27	7	0	r	r
586	[UNUSED] Watcher Kern	30	30	7	0	f	r
587	Bloodscalp Warrior	33	34	7	0	r	r
588	Bloodscalp Scout	34	35	7	0	r	r
589	Defias Pillager	14	15	7	0	r	r
590	Defias Looter	13	14	7	0	r	r
592	[UNUSED] Defias Arsonist	15	15	7	0	r	r
594	Defias Henchman	15	16	7	0	r	r
595	Bloodscalp Hunter	34	35	7	0	r	r
596	Brainwashed Noble	18	18	7	0	r	r
597	Bloodscalp Berserker	36	37	7	0	r	r
598	Defias Miner	17	18	7	0	r	r
599	Marisa du'Paige	18	18	7	0	r	r
601	Capo the Mean	16	16	7	0	r	r
603	Grimtooth	60	60	7	0	r	r
604	Plague Spreader	27	28	6	0	r	r
605	[UNUSED] Mr. Whipple	24	24	7	0	r	r
606	[UNUSED] Mrs. Whipple	24	24	7	0	r	r
607	[UNUSED] Johnny Whipple	23	23	7	0	r	r
609	[UNUSED] Grandpa Whipple	26	26	7	0	r	r
610	[UNUSED] Rabid Gina Whipple	31	31	7	0	r	r
611	[UNUSED] Rabid Mr. Whipple	32	32	7	0	r	r
612	[UNUSED] Rabid Mrs. Whipple	32	32	7	0	r	r
613	[UNUSED] Rabid Johnny Whipple	31	31	7	0	r	r
614	[UNUSED] Rabid Grandpa Whipple	36	36	7	0	r	r
615	Blackrock Tracker	23	24	7	0	r	r
616	Chatter	23	23	1	0	r	r
619	Defias Conjurer	15	16	7	0	r	r
620	Chicken	1	1	8	1	y	y
622	Goblin Engineer	18	19	7	0	r	r
623	Skeletal Miner	17	18	6	0	r	r
624	Undead Excavator	17	18	6	0	r	r
625	Undead Dynamiter	17	18	6	0	r	r
626	Foreman Thistlenettle	20	20	6	0	r	r
628	Black Ravager	24	25	1	0	r	r
631	pnagle's test dude	1	2	7	0	f	f
633	Elaine Carevin	18	18	7	1	f	r
634	Defias Overseer	17	18	7	0	r	r
636	Defias Blackguard	19	20	7	0	r	r
638	Goblin Mercenary	15	16	7	0	r	r
639	Edwin VanCleef	21	21	7	0	r	r
641	Goblin Woodcarver	18	19	7	0	r	r
642	Sneed's Shredder	20	20	9	0	r	r
643	Sneed	20	20	7	0	r	r
644	Rhahk'Zor	19	19	7	0	r	r
645	Cookie	20	20	7	0	r	r
646	Mr. Smite	20	20	7	0	r	r
647	Captain Greenskin	20	20	7	0	r	r
648	Bridge Worker Trent	5	5	7	0	f	r
649	Bridge Worker Dmitri	10	10	7	0	f	r
650	Bridge Worker Jess	6	6	7	0	f	r
651	Bridge Worker Daniel	6	6	7	0	f	r
652	Bridge Worker Matthew	6	6	7	0	f	r
653	Bridge Worker Alex	6	6	7	0	f	r
656	Wilder Thistlenettle	20	20	7	1	f	r
657	Defias Pirate	19	20	7	0	r	r
658	Sten Stoutarm	5	5	7	1	f	r
659	El Pollo Grande	50	50	1	0	r	r
660	Bloodscalp Witch Doctor	37	37	7	0	r	r
661	Jonathan Carevin	25	25	7	1	f	r
663	Calor	20	20	7	1	f	r
664	Benjamin Carevin	2	2	7	1	f	r
667	Skullsplitter Warrior	39	40	7	0	r	r
669	Skullsplitter Hunter	41	42	7	0	r	r
670	Skullsplitter Witch Doctor	41	42	7	0	r	r
671	Bloodscalp Headhunter	36	37	7	0	r	r
672	Skullsplitter Spiritchaser	44	44	7	0	r	r
674	Venture Co. Strip Miner	40	41	7	0	r	r
675	Venture Co. Foreman	42	42	7	0	r	r
676	Venture Co. Surveyor	41	42	7	0	r	r
677	Venture Co. Tinkerer	40	41	7	0	r	r
678	Mosh'Ogg Mauler	43	44	7	0	r	r
679	Mosh'Ogg Shaman	43	44	7	0	r	r
680	Mosh'Ogg Lord	45	45	7	0	r	r
681	Young Stranglethorn Tiger	30	31	1	0	r	r
682	Stranglethorn Tiger	32	33	1	0	r	r
683	Young Panther	30	31	1	0	r	r
684	Shadowmaw Panther	37	38	1	0	r	r
685	Stranglethorn Raptor	33	34	1	0	r	r
686	Lashtail Raptor	35	36	1	0	r	r
687	Jungle Stalker	40	41	1	0	r	r
688	Stone Maw Basilisk	31	32	1	0	r	r
689	Crystal Spine Basilisk	34	35	1	0	r	r
690	Cold Eye Basilisk	39	40	1	0	r	r
691	Lesser Water Elemental	36	37	4	0	r	r
693	Secondary Skill Trainer	62	62	7	0	f	r
694	Bloodscalp Axe Thrower	33	34	7	0	r	r
696	Skullsplitter Axe Thrower	39	40	7	0	r	r
697	Bloodscalp Shaman	33	34	7	0	r	r
698	Bloodscalp Tiger	34	35	1	0	r	r
699	Bloodscalp Beastmaster	34	35	7	0	r	r
700	Bloodscalp Panther	25	26	1	0	r	r
701	Bloodscalp Mystic	34	35	7	0	r	r
702	Bloodscalp Scavenger	33	34	7	0	r	r
703	Lieutenant Fangore	26	26	7	0	r	r
704	Ragged Timber Wolf	2	2	1	1	y	y
705	Ragged Young Wolf	1	1	1	1	y	y
706	Frostmane Troll Whelp	3	4	7	0	r	r
707	Rockjaw Trogg	1	2	7	1	y	y
708	Small Crag Boar	3	3	1	0	y	y
709	Mosh'Ogg Warmonger	41	42	7	0	r	r
710	Mosh'Ogg Spellcrafter	43	44	7	0	r	r
711	Ardo Dirtpaw	24	24	7	0	r	r
712	Redridge Thrasher	14	15	7	0	r	r
713	Balir Frosthammer	5	5	7	1	f	r
714	Talin Keeneye	5	5	7	1	f	r
715	Hemet Nesingwary	40	40	7	1	f	f
716	Barnil Stonepot	40	40	7	1	f	f
717	Ajeck Rouack	40	40	7	1	f	f
718	Sir S. J. Erlgadin	40	40	7	1	f	f
721	Rabbit	1	1	8	1	y	y
723	Mosh'Ogg Butcher	44	44	7	0	r	r
724	Burly Rockjaw Trogg	2	2	7	1	y	y
725	[UNUSED] Skeletal Enforcer	25	26	6	0	r	r
727	Ironforge Mountaineer	30	30	7	0	f	r
728	Bhag'thera	40	40	1	0	r	r
729	Sin'Dall	37	37	1	0	r	r
730	Tethis	43	43	1	0	r	r
731	King Bangalash	43	43	1	0	r	r
732	Murloc Lurker	9	10	7	0	r	r
733	Sergeant Yohwa	40	40	7	1	f	r
734	Corporal Bluth	40	40	7	1	f	r
735	Murloc Streamrunner	6	7	7	0	r	r
736	Panther	32	33	1	0	r	r
737	Kebok	35	35	7	1	y	y
738	Private Thorsen	30	30	7	0	f	r
739	Brother Nimetz	40	40	7	1	f	r
740	Adolescent Whelp	34	35	2	0	r	r
741	Dreaming Whelp	35	36	2	0	r	r
742	Green Wyrmkin	41	42	2	0	r	r
743	Wyrmkin Dreamwalker	42	43	2	0	r	r
744	Green Scalebane	42	43	2	0	r	r
745	Scalebane Captain	43	44	2	0	r	r
746	Elder Dragonkin	45	45	2	0	r	r
747	Marsh Murloc	41	42	7	0	r	r
749	Marsh Murkdweller	41	42	7	0	r	r
750	Marsh Inkspewer	42	43	7	0	r	r
751	Marsh Flesheater	43	44	7	0	r	r
752	Marsh Oracle	44	45	7	0	r	r
753	[UNUSED] Rebel Soldier	30	32	7	0	f	r
754	Rebel Watchman	31	32	7	0	f	r
755	Lost One Mudlurker	34	35	7	0	r	r
756	Skullsplitter Panther	41	42	1	0	r	r
757	Lost One Fisherman	35	36	7	0	r	r
758	Skullsplitter Tiger	28	28	1	0	r	r
759	Lost One Hunter	36	37	7	0	r	r
760	Lost One Muckdweller	36	37	7	0	r	r
761	Lost One Seer	37	38	7	0	r	r
762	Lost One Riftseeker	37	38	7	0	r	r
763	Lost One Chieftain	39	39	7	0	r	r
764	Swampwalker	38	39	4	0	r	r
765	Swampwalker Elder	39	40	4	0	r	r
766	Tangled Horror	40	41	4	0	r	r
767	Swamp Jaguar	36	37	1	0	r	r
768	Shadow Panther	39	40	1	0	r	r
769	Deathstrike Tarantula	40	41	1	0	r	r
770	Corporal Kaleb	40	40	7	1	f	r
771	Commander Felstrom	32	32	6	0	r	r
772	Stranglethorn Tigress	37	38	1	0	r	r
773	Krazek	35	35	7	1	y	y
775	Kurzen's Agent	32	33	7	0	f	f
777	Amy Davenport	20	20	7	1	f	r
780	Skullsplitter Mystic	39	40	7	0	r	r
781	Skullsplitter Headhunter	43	44	7	0	r	r
782	Skullsplitter Scout	41	42	7	0	r	r
783	Skullsplitter Berserker	43	44	7	0	r	r
784	Skullsplitter Beastmaster	41	42	7	0	r	r
785	Skeletal Warder	28	29	6	0	r	r
786	Grelin Whitebeard	5	5	7	1	f	r
787	Skeletal Healer	26	27	6	0	r	r
789	Kimberly Hiett	20	20	7	1	f	r
790	Karen Taylor	22	22	7	1	f	r
791	Lindsay Ashlock	20	20	7	1	f	r
793	Kara Adams	25	25	7	1	f	r
794	Matt	1	1	7	1	f	r
795	Mark	1	1	7	1	f	r
796	Joshua	1	1	7	1	f	r
797	Bo	1	1	7	1	f	r
798	Solomon	1	1	7	1	f	r
799	Kevin	1	1	7	1	f	r
800	Kyle	1	1	7	1	f	r
801	Eric	1	1	7	1	f	r
802	Jay	1	1	7	1	f	r
804	Dana	1	1	7	1	f	r
805	Cameron	1	1	7	1	f	r
806	John	1	1	7	1	f	r
807	Lisa	1	1	7	1	f	r
808	Grik'nir the Cold	5	5	7	0	r	r
809	[UNUSED] Smith Theo	24	24	7	0	f	r
810	Aaron	1	1	7	1	f	r
811	Jose	1	1	7	1	f	r
812	Alma Jainrose	20	20	7	1	f	r
813	Colonel Kurzen	40	40	7	0	r	r
814	Sergeant Malthus	38	38	7	0	r	r
815	Bookie Herod	35	35	7	0	r	r
818	Mai'Zoth	47	47	7	0	r	r
819	Servant of Ilgalar	24	25	3	0	r	r
820	Scout Riell	30	30	7	1	f	r
821	Captain Danuvin	33	33	7	1	f	r
822	Young Forest Bear	8	9	1	0	r	r
823	Deputy Willem	18	18	7	1	f	r
824	Defias Digger	15	16	7	0	r	r
826	Watcher Jan	39	39	7	0	f	r
827	Watcher Mocarski	38	38	7	0	f	r
828	Watcher Petras	38	38	7	0	f	r
829	Adlin Pridedrift	5	5	7	1	f	r
830	Sand Crawler	13	14	1	0	y	y
831	Sea Crawler	15	16	1	0	y	y
832	Dust Devil	18	19	4	0	r	r
833	Coyote Packleader	11	12	1	0	r	r
834	Coyote	10	11	1	0	r	r
836	Durnan Furcutter	5	5	7	1	f	r
837	Branstock Khalder	5	5	7	1	f	r
840	Watcher Backus	42	42	7	0	f	r
841	Harl Cutter	1	1	7	0	f	f
842	Lumberjack	5	5	7	1	f	r
843	Gina MacGregor	15	15	7	1	f	r
844	Antonio Perelli	35	35	7	1	f	r
846	Ghoul	14	15	6	0	r	r
847	Nathan	5	5	7	1	f	f
848	Madison	5	5	7	1	f	f
849	Rachel	3	3	7	1	f	f
850	Erin	5	5	7	1	f	r
851	Hannah	5	5	7	1	f	r
852	Feral Spirit	1	1	10	1	f	f
853	Coldridge Mountaineer	55	55	7	0	f	r
854	Young Jungle Stalker	36	37	1	0	r	r
855	Young Stranglethorn Raptor	30	31	1	0	r	r
856	Young Lashtail Raptor	33	34	1	0	r	r
857	Donal Osgood	61	61	7	0	f	r
858	Sorrow Spinner	36	37	1	0	r	r
859	Guard Berton	33	33	7	0	f	r
860	Pet Wolf	10	10	7	0	f	r
861	Stonard Scout	36	37	7	0	r	f
862	Stonard Explorer	37	38	7	0	r	f
863	Stonard Hunter	50	51	7	0	r	f
864	Stonard Orc	50	50	7	0	r	f
865	Stonard Wayfinder	50	51	7	0	r	f
866	Stonard Grunt	55	55	7	0	r	f
867	Stonard Cartographer	52	52	7	0	r	f
868	Stonard Shaman	53	53	7	0	r	f
869	Protector Dorana	30	30	7	0	f	r
870	Protector Deni	30	30	7	0	f	r
871	Saltscale Warrior	35	36	7	0	r	r
873	Saltscale Oracle	36	37	7	0	r	r
874	Protector Korelor	30	30	7	0	f	r
875	Saltscale Tide Lord	37	37	7	0	r	r
876	Protector Leick	30	30	7	0	f	r
877	Saltscale Forager	35	36	7	0	r	r
878	Scout Galiaan	30	30	7	1	f	r
879	Saltscale Hunter	35	36	7	0	r	r
880	Erlan Drudgemoor	8	8	7	0	r	r
881	Surena Caledon	9	9	7	0	r	r
882	Bone Caster	57	59	6	0	r	r
883	Deer	5	5	8	1	y	y
885	Watcher Keller	39	39	7	0	f	r
886	Watcher Hartin	38	38	7	0	f	r
887	Watcher Jordan	39	39	7	0	f	r
888	Watcher Dodds	29	29	7	0	f	r
889	Splinter Fist Ogre	25	26	7	0	r	r
890	Fawn	1	1	8	1	y	y
891	Splinter Fist Fire Weaver	26	27	7	0	r	r
892	Splinter Fist Taskmaster	27	28	7	0	r	r
893	Lars	18	18	7	1	f	r
894	Homer Stonefield	5	5	7	1	f	r
895	Thorgas Grimson	5	5	7	1	f	r
896	Veldan Lightfoot	10	10	7	1	f	r
897	[UNUSED] Brannon Aybara (TEMP)	62	62	7	0	f	r
898	Nightbane Worgen	26	27	7	0	r	r
900	Bailiff Conacher	30	30	7	1	f	r
903	Guard Howe	30	30	7	0	f	r
904	[UNUSED] Regna Khurn	5	5	7	0	f	r
905	Sharptooth Frenzy	31	32	1	0	r	r
906	Maximillian Crowe	10	10	7	1	f	r
907	Keras Wolfheart	61	61	7	0	f	r
908	Flora Silverwind	44	44	7	1	y	y
909	Defias Night Blade	25	26	7	0	r	r
910	Defias Enchanter	26	27	7	0	r	r
911	Llane Beshere	5	5	7	1	f	r
912	Thran Khorman	5	5	7	1	f	r
913	Lyria Du Lac	12	12	7	1	f	r
914	Ander Germaine	60	60	7	1	f	r
915	Jorik Kerridan	5	5	7	1	f	r
916	Solm Hargrin	5	5	7	1	f	r
917	Keryn Sylvius	11	11	7	1	f	r
918	Osborne the Night Man	60	60	7	1	f	r
919	[UNUSED] [PH] Berail Spiritwhisper	5	5	7	0	f	r
920	Nightbane Tainted One	30	31	7	0	r	r
921	Venture Co. Lumberjack	34	35	7	0	r	r
922	Silt Crawler	40	41	1	0	y	y
923	Young Black Ravager	23	24	1	0	r	r
924	[UNUSED] Lesser Arachnid	23	24	1	0	r	r
925	Brother Sammuel	5	5	7	1	f	r
926	Bromos Grummner	5	5	7	1	f	r
927	Brother Wilhelm	11	11	7	1	f	r
928	Lord Grayson Shadowbreaker	60	60	7	1	f	r
929	Dreadlord Malganis	63	63	3	0	r	r
930	Black Widow Hatchling	24	25	1	0	r	r
931	Ariena Stormfeather	55	55	7	1	f	r
932	Guard Ashlock	35	35	7	0	f	r
933	Guard Hiett	35	35	7	0	f	r
934	Guard Clarke	35	35	7	0	f	r
935	Guard Pearce	35	35	7	0	f	r
936	Guard Adams	35	35	7	0	f	r
937	Kurzen Jungle Fighter	32	33	7	0	r	r
938	Kurzen Commando	34	35	7	0	r	r
939	Kurzen Elite	36	37	7	0	r	r
940	Kurzen Medicine Man	32	33	7	0	r	r
941	Kurzen Headshrinker	34	35	7	0	r	r
942	Kurzen Witch Doctor	36	37	7	0	r	r
943	Kurzen Wrangler	34	34	7	0	r	r
944	Marryk Nurribit	5	5	7	1	f	r
945	Rybrad Coldbank	5	5	7	1	f	r
946	Frostmane Novice	3	4	7	0	r	r
947	Rohh the Silent	26	26	7	0	r	r
948	Rotted One	25	26	6	0	r	r
949	Carrion Recluse	25	26	1	0	r	r
950	Swamp Talker	50	50	7	0	r	r
951	Brother Paxton	27	27	7	1	f	r
952	Brother Neals	50	50	7	1	f	r
953	Spawn Test One	15	15	7	0	y	y
954	Kat Sampson	17	17	7	1	f	r
955	Sergeant De Vries	10	10	7	1	f	r
956	Dorin Songblade	22	22	7	1	f	r
957	Dane Lindgren	30	30	7	1	f	r
958	Dawn Brightstar	35	35	7	1	f	r
959	Morley Eberlein	10	10	7	1	f	r
960	Gunder Thornbush	30	30	7	1	f	r
963	Deputy Rainer	10	10	7	1	f	r
976	Kurzen War Tiger	32	33	1	0	r	r
977	Kurzen War Panther	32	33	1	0	r	r
978	Kurzen Subchief	38	38	7	0	r	r
979	Kurzen Shadow Hunter	38	38	7	0	r	r
980	Grimnal	45	45	7	1	r	f
981	Hartash	45	45	7	1	r	f
982	Thultash	45	45	7	1	r	f
983	Thultazor	45	45	7	1	r	f
984	Thralosh	45	45	7	1	r	f
985	Malosh	50	50	7	1	r	f
986	Haromm	50	50	7	1	r	f
987	Ogromm	50	50	7	1	r	f
988	Kartosh	50	50	7	1	r	f
989	Banalash	50	50	7	1	r	f
994	Nahr'ek da Howler	5	5	7	0	r	r
995	Nahr'ek's Pack	3	4	1	0	r	r
996	Master Tailor	62	62	7	0	f	r
999	Watcher Royce	37	37	7	0	f	r
1000	Watcher Blomberg	20	20	7	0	f	r
1001	Watcher Hutchins	20	20	7	0	f	r
1007	Mosshide Gnoll	20	21	7	0	r	r
1008	Mosshide Mongrel	21	22	7	0	r	r
1009	Mosshide Mistweaver	22	23	7	0	r	r
1010	Mosshide Fenrunner	22	23	7	0	r	r
1011	Mosshide Trapper	23	24	7	0	r	r
1012	Mosshide Brute	24	25	7	0	r	r
1013	Mosshide Mystic	25	26	7	0	r	r
1014	Mosshide Alpha	27	27	7	0	r	r
1015	Highland Raptor	23	24	1	0	r	r
1016	Highland Lashtail	24	25	1	0	r	r
1017	Highland Scytheclaw	25	26	1	0	r	r
1018	Highland Razormaw	27	28	1	0	r	r
1019	Elder Razormaw	29	29	1	0	r	r
1020	Mottled Raptor	22	23	1	0	r	r
1021	Mottled Screecher	24	25	1	0	r	r
1022	Mottled Scytheclaw	25	26	1	0	r	r
1023	Mottled Razormaw	26	27	1	0	r	r
1024	Bluegill Murloc	20	21	7	0	r	r
1025	Bluegill Puddlejumper	21	22	7	0	r	r
1026	Bluegill Forager	22	23	7	0	r	r
1027	Bluegill Warrior	24	25	7	0	r	r
1028	Bluegill Muckdweller	23	24	7	0	r	r
1029	Bluegill Oracle	25	26	7	0	r	r
1030	Black Slime	20	21	10	0	r	r
1031	Crimson Ooze	24	25	10	0	r	r
1032	Black Ooze	23	24	10	0	r	r
1033	Monstrous Ooze	25	26	10	0	r	r
1034	Dragonmaw Raider	26	27	7	0	r	r
1035	Dragonmaw Swamprunner	27	28	7	0	r	r
1036	Dragonmaw Centurion	28	29	7	0	r	r
1037	Dragonmaw Battlemaster	30	30	7	0	r	r
1038	Dragonmaw Shadowwarder	28	29	7	0	r	r
1039	Fen Dweller	20	21	4	0	r	r
1040	Fen Creeper	24	25	4	0	r	r
1041	Fen Lord	25	26	4	0	r	r
1042	Red Whelp	23	24	2	0	r	r
1043	Lost Whelp	24	25	2	0	r	r
1044	Flamesnorting Whelp	26	27	2	0	r	r
1045	Red Dragonspawn	57	58	2	0	r	r
1046	Red Wyrmkin	58	59	2	0	r	r
1047	Red Scalebane	59	60	2	0	r	r
1048	Scalebane Lieutenant	60	61	2	0	r	r
1049	Wyrmkin Firebrand	61	62	2	0	r	r
1050	Scalebane Royal Guard	61	62	2	0	r	r
1051	Dark Iron Dwarf	27	28	7	0	r	r
1052	Dark Iron Saboteur	28	29	7	0	r	r
1053	Dark Iron Tunneler	29	30	7	0	r	r
1054	Dark Iron Demolitionist	30	31	7	0	r	r
1055	Dreamhunter	47	47	2	0	r	r
1056	Emerald Sentinel	45	45	2	0	r	r
1057	Dragonmaw Bonewarder	27	28	7	0	r	r
1058	[UNUSED] Truek	40	40	7	0	r	f
1059	Ana'thek the Cruel	45	45	7	0	r	r
1060	Mogh the Undying	44	44	7	0	r	r
1061	Gan'zulah	41	41	7	0	r	r
1062	Nezzliok the Dire	40	40	7	0	r	r
1063	Jade	47	47	2	0	r	r
1064	Grom'gol Grunt	55	55	7	0	r	f
1065	Riverpaw Shaman	12	13	7	0	r	r
1066	Mottled Riptooth	28	28	1	0	r	r
1067	Riverpaw Scavenger	8	8	7	0	r	r
1068	Gorn	40	40	7	1	r	f
1069	Crimson Whelp	25	26	2	0	r	r
1070	Deputy Feldon	33	33	7	1	f	r
1071	Longbraid the Grim	35	35	7	1	f	r
1072	Roggo Harlbarrow	30	30	7	1	f	r
1073	Ashlan Stonesmirk	27	27	7	1	f	r
1074	Motley Garmason	30	30	7	1	f	r
1075	Rhag Garmason	25	25	7	1	f	r
1076	Merrin Rockweaver	30	30	7	1	f	r
1077	Prospector Whelgar	30	30	7	1	f	r
1078	Ormer Ironbraid	25	25	7	1	f	r
1081	Mire Lord	42	42	4	0	r	r
1082	Sawtooth Crocolisk	38	39	1	0	r	r
1083	Murloc Shorestriker	16	17	7	0	r	r
1084	Young Sawtooth Crocolisk	35	36	1	0	r	r
1085	Elder Stranglethorn Tiger	34	35	1	0	r	r
1087	Sawtooth Snapper	41	42	1	0	r	r
1088	Monstrous Crawler	43	44	1	0	y	y
1089	Mountaineer Cobbleflint	30	30	7	1	f	r
1090	Mountaineer Wallbang	30	30	7	1	f	r
1091	Mountaineer Gravelgaw	30	30	7	1	f	r
1092	Captain Rugelfuss	40	40	7	1	f	r
1093	Chief Engineer Hinderweir VII	40	40	7	1	f	r
1094	Venture Co. Miner	34	35	7	0	r	r
1095	Venture Co. Workboss	36	36	7	0	r	r
1096	Venture Co. Geologist	35	36	7	0	r	r
1097	Venture Co. Mechanic	34	35	7	0	r	r
1098	Watcher Merant	20	20	7	0	f	r
1099	Watcher Gelwin	20	20	7	0	f	r
1100	Watcher Selkin	20	20	7	0	f	r
1101	Watcher Thayer	20	20	7	0	f	r
1103	Eldrin	22	22	7	1	f	r
1104	Grundel Harkin	5	5	7	1	f	r
1105	Jern Hornhelm	15	15	7	1	f	r
1106	Lost One Cook	37	37	7	0	r	r
1108	Mistvale Gorilla	32	33	1	0	r	r
1109	Fleshripper	13	14	1	0	r	r
1110	Skeletal Raider	27	28	6	0	r	r
1111	Leech Stalker	21	22	1	0	r	r
1112	Leech Widow	24	24	1	0	r	r
1114	Jungle Thunderer	37	38	1	0	r	r
1115	Rockjaw Skullthumper	8	9	7	0	r	r
1116	Rockjaw Ambusher	9	10	7	0	r	r
1117	Rockjaw Bonesnapper	9	10	7	0	r	r
1118	Rockjaw Backbreaker	11	12	7	0	r	r
1119	Hammerspine	12	12	7	0	r	r
1120	Frostmane Troll	7	8	7	0	r	r
1121	Frostmane Snowstrider	8	9	7	0	r	r
1122	Frostmane Hideskinner	9	10	7	0	r	r
1123	Frostmane Headhunter	8	9	7	0	r	r
1124	Frostmane Shadowcaster	9	10	7	0	r	r
1125	Crag Boar	5	6	1	0	y	y
1126	Large Crag Boar	6	7	1	0	y	y
1127	Elder Crag Boar	7	8	1	0	y	y
1128	Young Black Bear	5	6	1	0	r	r
1129	Black Bear	6	7	1	0	r	r
1130	Bjarn	12	12	1	0	r	r
1131	Winter Wolf	7	8	1	0	r	r
1132	Timber	10	10	1	0	r	r
1133	Starving Winter Wolf	8	9	1	0	r	r
1134	Young Wendigo	5	6	7	0	r	r
1135	Wendigo	6	7	7	0	r	r
1137	Edan the Howler	9	9	7	0	r	r
1138	Snow Tracker Wolf	6	7	1	0	r	r
1139	Magistrate Bluntnose	20	20	7	1	f	r
1140	Razormaw Matriarch	31	31	1	0	r	r
1141	Angus Stern	60	60	7	1	f	r
1142	Mosh'Ogg Brute	36	37	7	0	r	r
1144	Mosh'Ogg Witch Doctor	36	37	7	0	r	r
1146	Vharr	40	40	7	1	r	f
1147	Hragran	40	40	7	1	r	f
1148	Nerrist	40	40	7	1	r	f
1149	Uthok	40	40	7	1	r	f
1150	River Crocolisk	30	31	1	0	r	r
1151	Saltwater Crocolisk	35	36	1	0	r	r
1152	Snapjaw Crocolisk	35	36	1	0	r	r
1153	Torren Squarejaw	15	15	7	1	f	r
1154	Marek Ironheart	15	15	7	1	f	r
1155	Kelt Thomasin	15	15	7	1	f	r
1156	Vyrin Swiftwind	15	15	7	1	f	r
1157	Cursed Sailor	26	27	6	0	r	r
1158	Cursed Marine	27	28	6	0	r	r
1159	First Mate Snellig	29	29	6	0	r	r
1160	Captain Halyndor	30	30	6	0	r	r
1161	Stonesplinter Trogg	11	12	7	0	r	r
1162	Stonesplinter Scout	11	12	7	0	r	r
1163	Stonesplinter Skullthumper	13	14	7	0	r	r
1164	Stonesplinter Bonesnapper	15	16	7	0	r	r
1165	Stonesplinter Geomancer	17	18	7	0	r	r
1166	Stonesplinter Seer	13	14	7	0	r	r
1167	Stonesplinter Digger	18	19	7	0	r	r
1169	Dark Iron Insurgent	18	19	7	0	r	r
1171	Dark Iron Guerrilla	17	18	7	0	r	r
1172	Tunnel Rat Vermin	10	11	7	0	r	r
1173	Tunnel Rat Scout	10	11	7	0	r	r
1174	Tunnel Rat Geomancer	12	13	7	0	r	r
1175	Tunnel Rat Digger	12	13	7	0	r	r
1176	Tunnel Rat Forager	11	12	7	0	r	r
1177	Tunnel Rat Surveyor	14	14	7	0	r	r
1178	Mo'grosh Ogre	18	19	7	0	r	r
1179	Mo'grosh Enforcer	18	19	7	0	r	r
1180	Mo'grosh Brute	19	20	7	0	r	r
1181	Mo'grosh Shaman	18	19	7	0	r	r
1182	Brother Anton	45	45	7	1	f	r
1183	Mo'grosh Mystic	19	20	7	0	r	r
1184	Cliff Lurker	13	14	1	0	r	r
1185	Wood Lurker	17	18	1	0	r	r
1186	Elder Black Bear	11	12	1	0	r	r
1187	Daryl the Youngling	15	15	7	1	f	r
1188	Grizzled Black Bear	13	14	1	0	r	r
1189	Black Bear Patriarch	16	17	1	0	r	r
1190	Mountain Boar	10	11	1	0	y	y
1191	Mangy Mountain Boar	14	15	1	0	y	y
1192	Elder Mountain Boar	16	17	1	0	y	y
1193	Loch Frenzy	12	13	1	0	r	r
1194	Mountain Buzzard	15	16	1	0	r	r
1195	Forest Lurker	10	11	1	0	r	r
1196	Ice Claw Bear	7	8	1	0	r	r
1197	Stonesplinter Shaman	15	16	7	0	r	r
1198	Rallic Finn	18	18	7	1	f	r
1199	Juvenile Snow Leopard	5	6	1	0	r	r
1200	Morbent Fel	32	32	7	0	r	r
1201	Snow Leopard	7	8	1	0	r	r
1202	Tunnel Rat Kobold	11	12	7	0	r	r
1203	Watcher Sarys	35	35	7	0	f	r
1204	Watcher Corwin	38	38	7	0	f	r
1205	Grawmug	17	17	7	0	r	r
1206	Gnasher	16	16	7	0	r	r
1207	Brawler	16	16	7	0	r	r
1210	Chok'sul	22	22	7	0	r	r
1211	Leper Gnome	8	10	7	0	r	r
1212	Bishop Farthing	40	40	7	1	f	r
1213	Godric Rothgar	5	5	7	1	f	r
1214	Aldren Cordon	18	18	7	1	f	r
1215	Alchemist Mallory	26	26	7	1	f	r
1216	Shore Crawler	17	18	1	0	y	y
1217	Glorin Steelbrow	25	25	7	1	f	r
1218	Herbalist Pomeroy	10	10	7	1	f	r
1222	Dark Iron Sapper	17	17	7	0	r	r
1224	Young Threshadon	19	20	1	0	r	r
1225	Ol' Sooty	20	20	1	0	r	r
1226	Maxan Anvol	10	10	7	1	f	r
1227	Rygal Rocknell	35	35	7	0	r	f
1228	Magis Sparkmantle	10	10	7	1	f	r
1229	Granis Swiftaxe	9	12	7	1	f	r
1230	[UNUSED] Lexin Haze	10	10	7	0	f	r
1231	Grif Wildheart	8	12	7	1	f	r
1232	Azar Stronghammer	12	12	7	1	f	r
1233	[UNUSED] Shaethis Darkoak	55	55	7	0	f	r
1234	Hogral Bakkan	12	12	7	1	f	r
1235	[UNUSED] Maryann Grapefoot	5	5	7	0	f	r
1236	Kobold Digger	12	13	7	0	r	r
1237	Kazan Mogosh	8	8	7	1	f	r
1238	Gamili Frosthide	9	9	7	1	f	r
1239	First Mate Fitzsimmons	30	30	7	1	f	r
1240	Boran Ironclink	8	11	7	1	f	r
1241	Tognus Flintfire	30	30	7	1	f	r
1242	Karl Boran	30	30	7	1	f	r
1243	Hegnar Rumbleshot	8	12	7	1	f	r
1244	Rethiel the Greenwarden	30	30	4	1	f	r
1245	Kogan Forgestone	8	10	7	0	f	r
1246	Vosur Brakthel	30	30	7	1	f	r
1247	Innkeeper Belm	30	30	7	1	f	r
1249	Quartermaster Hudson	10	10	7	1	f	r
1250	Drake Lindgren	10	10	7	1	f	r
1251	Splinter Fist Firemonger	28	29	7	0	r	r
1252	Senir Whitebeard	8	12	7	1	f	r
1253	Father Gavin	15	15	7	1	y	y
1254	Foreman Stonebrow	12	12	7	1	f	r
1255	Prospector Gehn	8	12	7	1	f	r
1256	Quarrymaster Thesten	10	10	7	1	f	r
1257	Keldric Boucher	30	30	7	1	f	r
1258	Black Ravager Mastiff	25	26	1	0	r	r
1259	Gobbler	22	22	7	0	r	r
1260	Great Father Arctikus	11	11	7	0	r	r
1261	Veron Amberstill	10	10	7	1	f	r
1262	White Ram	30	30	8	0	f	f
1263	Yarlyn Amberstill	1	1	7	1	f	r
1265	Rudra Amberstill	10	10	7	1	f	r
1266	Tundra MacGrann	20	20	7	1	f	r
1267	Ragnar Thunderbrew	30	30	7	1	f	r
1268	Ozzie Togglevolt	10	10	7	1	f	r
1269	Razzle Sprysprocket	20	20	7	1	f	r
1270	Fetid Corpse	29	30	6	0	r	r
1271	Old Icebeard	11	11	7	0	r	r
1273	Grawn Thromwyn	10	10	7	1	f	r
1274	Senator Barin Redstone	50	50	7	1	f	r
1275	Kyra Boucher	30	30	7	1	f	r
1276	Mountaineer Brokk	30	30	7	0	f	r
1277	Mountaineer Ganin	30	30	7	0	f	r
1278	Mountaineer Stenn	30	30	7	0	f	r
1279	Mountaineer Flint	30	30	7	0	f	r
1280	Mountaineer Droken	30	30	7	0	f	r
1281	Mountaineer Zaren	30	30	7	0	f	r
1282	Mountaineer Veek	30	30	7	0	f	r
1283	Mountaineer Kalmir	30	30	7	0	f	r
1284	Archbishop Benedictus	63	63	7	1	f	r
1285	Thurman Mullby	30	30	7	1	f	r
1286	Edna Mullby	30	30	7	1	f	r
1287	Marda Weller	30	30	7	1	f	r
1288	[UNUSED] Hevram Bristol	60	60	7	0	f	r
1289	Gunther Weller	30	30	7	1	f	r
1290	[UNUSED] Winston Bagley	45	45	7	0	f	r
1291	Carla Granger	30	30	7	1	f	r
1292	Maris Granger	35	35	7	1	f	r
1293	[UNUSED] Gerard Granger	1	1	7	0	f	f
1294	Aldric Moore	30	30	7	1	f	r
1295	Lara Moore	30	30	7	1	f	r
1296	Felder Stover	54	54	7	1	f	r
1297	Lina Stover	30	30	7	1	f	r
1298	Frederick Stover	30	30	7	1	f	r
1299	Lisbeth Schneider	30	30	7	1	f	r
1300	Lawrence Schneider	25	25	7	1	f	r
1301	Julia Gallina	30	30	7	1	f	r
1302	Bernard Gump	30	30	7	1	f	r
1303	Felicia Gump	30	30	7	1	f	r
1304	Darian Singh	30	30	7	1	f	r
1305	Jarel Moor	30	30	7	1	f	r
1306	[UNUSED] Melechan Damodred	45	45	7	0	f	r
1307	Charys Yserian	50	50	7	1	f	r
1308	Owen Vaughn	30	30	7	1	f	r
1309	Wynne Larson	30	30	7	1	f	r
1310	Evan Larson	30	30	7	1	f	r
1311	Joachim Brenlow	30	30	7	1	f	r
1312	Ardwyn Cailen	30	30	7	1	f	r
1313	Maria Lumere	30	30	7	1	f	r
1314	Duncan Cullen	30	30	7	1	f	r
1315	Allan Hafgan	30	30	7	1	f	r
1316	Adair Gilroy	60	60	7	1	f	r
1317	Lucan Cordell	35	35	7	1	f	r
1318	Jessara Cordell	30	30	7	1	f	r
1319	Bryan Cross	30	30	7	1	f	r
1320	Seoman Griffith	30	30	7	1	f	r
1321	Alyssa Griffith	30	30	7	1	f	r
1322	Maxton Strang	40	40	7	1	f	r
1323	Osric Strang	30	30	7	1	f	r
1324	Heinrich Stone	30	30	7	1	f	r
1325	Jasper Fel	30	30	7	1	f	r
1326	Sloan McCoy	25	25	7	1	f	r
1327	Reese Langston	30	30	7	1	f	r
1328	Elly Langston	60	60	7	1	f	r
1329	Mountaineer Naarh	30	30	7	0	f	r
1330	Mountaineer Tyraw	30	30	7	0	f	r
1331	Mountaineer Luxst	30	30	7	0	f	r
1332	Mountaineer Morran	30	30	7	0	f	r
1333	Gerik Koen	30	30	7	1	f	r
1334	Mountaineer Hammerfall	30	30	7	0	f	r
1335	Mountaineer Yuttha	30	30	7	0	f	r
1336	Mountaineer Zwarn	30	30	7	0	f	r
1337	Mountaineer Gwarth	30	30	7	0	f	r
1338	Mountaineer Dalk	30	30	7	0	f	r
1339	Mayda Thane	30	30	7	1	f	r
1340	Mountaineer Kadrell	30	30	7	1	f	r
1341	Wilhelm Strang	30	30	7	1	f	r
1342	Mountaineer Rockgar	30	30	7	1	f	r
1343	Mountaineer Stormpike	30	30	7	1	f	r
1344	Prospector Ironband	15	15	7	1	f	r
1345	Magmar Fellhew	15	15	7	1	f	r
1346	Georgio Bolero	46	46	7	1	f	r
1347	Alexandra Bolero	30	30	7	1	f	r
1348	Gregory Ardus	30	30	7	1	f	r
1349	Agustus Moulaine	30	30	7	1	f	r
1350	Theresa Moulaine	30	30	7	1	f	r
1351	Brother Cassius	30	30	7	1	f	r
1352	Fluffy	1	1	8	1	f	r
1353	Sarltooth	29	29	1	0	r	r
1354	Apprentice Soren	3	3	7	1	f	r
1355	Cook Ghilm	8	11	7	1	f	r
1356	Prospector Stormpike	30	30	7	1	f	r
1358	Miner Grothor	8	10	7	0	f	r
1360	Miner Grumnal	8	10	7	0	f	r
1361	[UNUSED] Kern the Enforcer	28	28	7	0	r	r
1362	Gothor Brumn	20	20	7	1	f	r
1364	Balgaras the Foul	34	34	7	0	r	r
1365	Goli Krumn	10	10	7	1	f	r
1366	Adam	1	1	7	1	f	r
1367	Billy	1	1	7	1	f	r
1368	Justin	1	1	7	1	f	r
1370	Brandon	1	1	7	1	f	r
1371	Roman	1	1	7	1	f	r
1373	Jarven Thunderbrew	15	15	7	1	f	r
1374	Rejold Barleybrew	10	10	7	1	f	r
1375	Marleth Barleybrew	12	12	7	1	f	r
1376	Beldin Steelgrill	12	12	7	1	f	r
1377	Pilot Stonegear	20	20	7	1	f	r
1378	Pilot Bellowfiz	18	18	7	1	f	r
1379	Miran	15	15	7	0	f	r
1380	Saean	10	10	7	0	f	r
1381	Krakk	40	40	7	1	r	f
1382	Mudduk	40	40	7	1	r	f
1383	Snarl	31	31	7	1	r	f
1384	Z'tark	40	40	7	0	r	f
1385	Brawn	35	35	7	1	r	f
1386	Rogvar	53	53	7	1	r	f
1387	Thysta	55	55	7	1	r	f
1388	Vagash	11	11	7	0	r	r
1392	Xon	24	24	1	0	r	r
1393	Berserk Trogg	19	20	7	0	r	r
1395	Ol' Beasley	10	10	7	1	f	r
1397	Frostmane Seer	8	9	7	0	r	r
1398	Boss Galgosh	22	22	7	0	r	r
1399	Magosh	21	21	7	0	r	r
1400	Wetlands Crocolisk	23	24	1	0	r	r
1401	Test Squirrel	1	1	1	0	f	f
1402	Topper McNabb	1	1	7	1	f	r
1403	Mogwah	40	40	7	0	r	f
1404	Kragg	40	40	7	1	r	f
1405	Morris Lawry	1	1	7	1	f	r
1406	Ghok	40	40	7	0	r	f
1407	Sranda	40	40	7	1	r	f
1408	Thragg	40	40	7	0	r	f
1409	Moorah Stormhoof	40	40	7	0	r	f
1410	Loranna Dawnfyre UNUSED (Reuse me)	63	63	7	0	r	r
1411	Ian Strom	47	47	7	1	y	y
1412	Squirrel	1	1	8	1	y	y
1413	Janey Anship	25	25	7	1	f	r
1414	Lisan Pierce	25	25	7	1	f	r
1415	Suzanne	25	25	7	1	f	r
1416	Grimand Elmore	50	50	7	1	f	r
1417	Young Wetlands Crocolisk	21	22	1	0	r	r
1418	Bluegill Raider	28	29	7	0	r	r
1419	Fizzles	1	1	1	1	f	r
1420	Toad	1	1	8	1	y	y
1421	Private Merle	31	31	7	0	f	r
1422	Corporal Sethman	40	40	7	0	f	r
1423	Stormwind Guard	22	25	7	0	f	r
1424	Master Digger	15	15	7	0	r	r
1425	Grizlak	15	15	7	0	r	r
1426	Riverpaw Miner	14	15	7	0	r	r
1427	Harlan Bagley	12	12	7	1	f	r
1428	Rema Schneider	35	35	7	1	f	r
1429	Thurman Schneider	2	2	7	1	f	r
1430	Tomas	10	10	7	1	f	r
1431	Suzetta Gallina	30	30	7	1	f	r
1432	Renato Gallina	45	45	7	1	f	r
1433	Corbett Schneider	5	5	7	1	f	r
1434	Menethil Sentry	38	42	7	0	f	r
1435	Zardeth of the Black Claw	60	60	7	1	f	r
1436	Watcher Cutford	37	37	7	0	f	r
1437	Thomas Booker	20	20	7	0	f	r
1439	Lord Baurles K. Wishock	10	10	7	1	f	r
1440	Milton Sheaf	15	15	7	1	f	r
1441	Brak Durnad	25	25	7	1	f	r
1442	Helgrum the Swift	60	60	7	1	r	f
1443	Fel'zerul	60	60	7	1	r	f
1444	Brother Kristoff	40	40	7	1	f	r
1445	Jesse Halloran	2	2	7	1	f	r
1446	Regina Halloran	2	2	7	1	f	r
1447	Gimlok Rumdnul	2	2	7	1	f	r
1448	Neal Allen	20	20	7	1	f	r
1449	Witch Doctor Unbagwa	42	42	7	0	f	f
1450	Brahnmar	25	25	7	1	f	r
1451	Camerick Jongleur	25	25	7	1	f	r
1452	Gruham Rumdnul	25	25	7	1	f	r
1453	Dewin Shimmerdawn	25	25	7	1	f	r
1454	Jennabink Powerseam	25	25	7	1	f	r
1455	[UNUSED] Grummar Thunk	1	1	7	0	f	f
1456	Kersok Prond	25	25	7	1	f	r
1457	Samor Festivus	25	25	7	1	f	r
1458	Telurinon Moonshadow	25	25	7	1	f	r
1459	Naela Trance	25	25	7	1	f	r
1460	Unger Statforth	25	25	7	1	f	r
1461	Murndan Derth	25	25	7	1	f	r
1462	Edwina Monzor	25	25	7	1	f	r
1463	Falkan Armonis	25	25	7	1	f	r
1464	Innkeeper Helbrek	30	30	7	1	f	r
1465	Drac Roughcut	15	15	7	1	f	r
1466	Gretta Finespindle	24	24	7	1	f	r
1467	[UNUSED] [PH] Brawl Thunderpunch	15	15	7	0	f	r
1468	Kargh Steelspine	15	15	7	0	f	r
1469	Vrok Blunderblast	15	15	7	1	f	r
1470	Ghak Healtouch	25	25	7	1	f	r
1471	Jannos Ironwill	46	46	7	1	f	r
1472	Morgg Stormshot	53	53	7	1	f	r
1473	Kali Healtouch	14	14	7	1	f	r
1474	Rann Flamespinner	15	15	7	1	f	r
1475	Menethil Guard	47	47	7	0	f	r
1476	Hargin Mundar	20	20	7	0	f	r
1477	Christoph Faral	30	30	7	1	f	r
1478	Aedis Brom	30	30	7	1	f	r
1479	Timothy Clark	20	20	7	0	f	r
1480	Caitlin Grassman	20	20	7	1	f	r
1481	Bart Tidewater	20	20	7	1	f	r
1482	Andrea Halloran	20	20	7	0	f	r
1483	Murphy West	20	20	7	0	f	r
1484	Derina Rumdnul	20	20	7	1	f	r
1485	[UNUSED] Bazaar Merchant TEST	60	60	7	0	f	r
1487	Splinter Fist Enslaver	30	31	7	0	r	r
1488	Zanzil Zombie	43	44	6	0	r	r
1489	Zanzil Hunter	43	44	6	0	r	r
1490	Zanzil Witch Doctor	44	44	7	0	r	r
1491	Zanzil Naga	44	44	6	0	r	r
1492	Gorlash	47	47	5	0	r	r
1493	Mok'rash	50	50	5	0	r	r
1494	Negolash	52	52	5	0	r	r
1495	Deathguard Linnea	22	22	7	1	r	f
1496	Deathguard Dillinger	22	22	7	1	r	f
1497	Gunther Arcanus	53	53	7	1	r	f
1498	Bethor Iceshard	60	60	7	1	r	f
1499	Magistrate Sevren	14	14	7	1	r	f
1500	Coleman Farthing	15	15	7	1	r	f
1501	Mindless Zombie	1	1	6	0	y	y
1502	Wretched Zombie	1	2	6	0	y	y
1504	Young Night Web Spider	2	3	1	0	y	y
1505	Night Web Spider	3	4	1	0	r	r
1506	Scarlet Convert	3	3	7	0	r	r
1507	Scarlet Initiate	3	4	7	0	r	r
1508	Young Scavenger	1	1	1	0	y	y
1509	Ragged Scavenger	2	3	1	0	y	y
1511	Enraged Silverback Gorilla	41	42	1	0	r	r
1512	Duskbat	1	2	1	0	y	y
1513	Mangy Duskbat	3	4	1	0	y	y
1514	Mokk the Savage	44	44	1	0	r	r
1515	Executor Zygand	14	14	7	1	r	f
1516	Konda	43	43	1	0	r	r
1518	Apothecary Johaan	20	20	7	1	r	f
1519	Deathguard Simmer	23	23	7	1	r	f
1520	Rattlecage Soldier	6	7	6	0	r	r
1521	Gretchen Dedmar	8	8	7	1	r	f
1522	Darkeye Bonecaster	7	8	6	0	r	r
1523	Cracked Skull Soldier	8	9	6	0	r	r
1525	Rotting Dead	5	6	6	0	r	r
1526	Ravaged Corpse	6	7	6	0	r	r
1527	Hungering Dead	7	8	6	0	r	r
1528	Shambling Horror	8	9	6	0	r	r
1529	Bleeding Horror	9	10	6	0	r	r
1530	Rotting Ancestor	10	11	6	0	r	r
1531	Lost Soul	6	7	6	0	r	r
1532	Wandering Spirit	10	11	6	0	r	r
1533	Tormented Spirit	8	9	6	0	r	r
1534	Wailing Ancestor	9	10	6	0	r	r
1535	Scarlet Warrior	6	7	7	0	r	r
1536	Scarlet Missionary	7	8	7	0	r	r
1537	Scarlet Zealot	8	9	7	0	r	r
1538	Scarlet Friar	9	10	7	0	r	r
1539	Scarlet Neophyte	10	11	7	0	r	r
1540	Scarlet Vanguard	10	11	7	0	r	r
1541	Vile Fin Murloc	8	9	7	0	r	r
1543	Vile Fin Puddlejumper	7	8	7	0	r	r
1544	Vile Fin Minor Oracle	8	9	7	0	r	r
1545	Vile Fin Muckdweller	9	10	7	0	r	r
1546	[UNUSED] Kegnar Thraln	8	40	7	0	f	r
1547	Decrepit Darkhound	5	6	3	0	r	r
1548	Cursed Darkhound	7	8	3	0	r	r
1549	Ravenous Darkhound	9	10	3	0	r	r
1550	Thrashtail Basilisk	41	42	1	0	r	r
1551	Ironjaw Basilisk	43	44	1	0	r	r
1552	Scale Belly	45	45	1	0	r	r
1553	Greater Duskbat	6	7	1	0	y	y
1554	Vampiric Duskbat	8	9	1	0	r	r
1555	Vicious Night Web Spider	9	10	1	0	r	r
1557	Elder Mistvale Gorilla	40	41	1	0	r	r
1558	Silverback Patriarch	42	43	1	0	r	r
1559	King Mukla	51	51	1	0	r	r
1560	Yvette Farthing	15	15	7	1	r	f
1561	Bloodsail Raider	40	41	7	0	r	r
1562	Bloodsail Mage	40	41	7	0	r	r
1563	Bloodsail Swashbuckler	42	43	7	0	r	r
1564	Bloodsail Warlock	42	43	7	0	r	r
1565	Bloodsail Sea Dog	44	45	7	0	r	r
1567	[UNUSED] Anson Phelps	10	10	7	0	f	r
1568	Undertaker Mordo	5	5	7	1	r	f
1569	Shadow Priest Sarvis	5	5	7	1	r	f
1570	Executor Arren	5	5	7	1	r	f
1571	Shellei Brondir	55	55	7	1	f	r
1572	Thorgrum Borrelson	55	55	7	1	f	r
1573	Gryth Thurden	55	55	7	1	f	r
1574	Mage 1	1	1	7	0	y	y
1575	Mage 5	5	5	7	0	y	y
1576	Mage 10	10	10	7	0	y	y
1577	Mage 15	15	15	7	0	y	y
1578	Mage 20	20	20	7	0	y	y
1579	Mage 30	30	30	7	0	y	y
1580	Mage 40	40	40	7	0	y	y
1581	Warlock 1	1	1	7	0	y	y
1582	Warlock 5	5	5	7	0	y	y
1583	Warlock 10	10	10	7	0	y	y
1584	Warlock 15	15	15	7	0	y	y
1585	Warlock 20	20	20	7	0	y	y
1586	Warlock 30	30	30	7	0	y	y
1587	Warlock 40	40	40	7	0	y	y
1588	Shaman 1	1	1	7	0	y	y
1589	Shaman 5	5	5	7	0	y	y
1590	Shaman 10	10	10	7	0	y	y
1591	Shaman 15	15	15	7	0	y	y
1592	Shaman 20	20	20	7	0	y	y
1593	Shaman 30	30	30	7	0	y	y
1594	Shaman 40	40	40	7	0	y	y
1595	Rogue 1	1	1	7	0	y	y
1596	Rogue 5	5	5	7	0	y	y
1597	Rogue 10	10	10	7	0	y	y
1598	Rogue 15	15	15	7	0	y	y
1599	Rogue 20	20	20	7	0	y	y
1600	Rogue 30	30	30	7	0	y	y
1601	Rogue 40	40	40	7	0	y	y
1602	Paladin 1	1	1	7	0	y	y
1603	Paladin 5	5	5	7	0	y	y
1604	Druid 1	1	1	3	0	y	y
1605	Paladin 10	10	10	7	0	y	y
1606	Paladin 15	15	15	7	0	y	y
1607	Druid 5	5	5	3	0	y	y
1608	Druid 10	10	10	3	0	y	y
1609	Druid 15	15	15	3	0	y	y
1613	Paladin 20	20	20	7	0	y	y
1614	Paladin 30	30	30	7	0	y	y
1615	Paladin 40	40	40	7	0	y	y
1616	Druid 20	20	20	3	0	y	y
1617	Druid 30	30	30	3	0	y	y
1618	Hunter 1	1	1	7	0	y	y
1619	Druid 40	40	40	3	0	y	y
1620	Hunter 5	5	5	7	0	y	y
1621	Hunter 10	10	10	7	0	y	y
1622	Priest 1	1	1	7	0	y	y
1623	Hunter 15	15	15	7	0	y	y
1624	Priest 5	5	5	7	0	y	y
1625	Hunter 20	20	20	7	0	y	y
1626	Priest 10	10	10	7	0	y	y
1627	Priest 15	15	15	7	0	y	y
1628	Hunter 30	30	30	7	0	y	y
1629	Priest 20	20	20	7	0	y	y
1631	Hunter 40	40	40	7	0	y	y
1632	Adele Fielder	22	22	7	1	f	r
1633	Priest 30	30	30	7	0	y	y
1634	Priest 40	40	40	7	0	y	y
1635	Warrior 1	1	1	2	0	y	y
1636	Warrior 5	5	5	2	0	y	y
1637	Warrior 10	10	10	2	0	y	y
1638	Warrior 15	15	15	2	0	y	y
1639	Warrior 20	20	20	2	0	y	y
1640	Warrior 30	30	30	2	0	y	y
1641	Warrior 40	40	40	2	0	y	y
1642	Northshire Guard	55	55	7	0	f	r
1643	[UNUSED] Elwynn Guard	23	23	7	0	f	r
1644	[UNUSED] Redridge Guard	35	35	7	0	f	r
1645	Quartermaster Hicks	10	10	7	1	f	r
1646	Baros Alexston	30	30	7	1	f	r
1649	UNUSED Jordan Croft	1	1	7	0	f	r
1650	Terry Palin	11	11	7	1	f	r
1651	Lee Brown	8	8	7	1	f	r
1652	Deathguard Burgess	24	24	7	1	r	f
1653	Bloodsail Elder Magus	44	45	7	0	r	r
1654	Gregor Agamand	10	10	6	0	r	r
1655	Nissa Agamand	10	10	6	0	r	r
1656	Thurman Agamand	10	10	6	0	r	r
1657	Devlin Agamand	9	9	6	0	r	r
1658	Captain Dargol	13	13	6	0	r	r
1659	[UNUSED] Coleman Mills	10	10	7	0	r	f
1660	Scarlet Bodyguard	8	8	7	0	r	r
1661	Novice Elreth	3	3	7	1	r	f
1662	Captain Perrine	9	9	7	0	r	r
1663	Dextren Ward	26	26	7	0	r	r
1664	Captain Vachon	11	11	7	0	r	r
1665	Captain Melrache	12	12	7	0	r	r
1666	Kam Deepfury	27	27	7	0	r	r
1667	Meven Korgal	5	5	7	0	r	r
1668	William MacGregor	15	15	7	1	f	r
1669	Defias Profiteer	20	20	7	1	f	f
1670	Mike Miller	20	20	7	1	f	r
1671	Lamar Veisilli	25	25	7	1	f	r
1672	Lohgan Eva	5	5	7	1	f	r
1673	Alyssa Eva	7	7	7	1	f	r
1674	Rot Hide Gnoll	6	7	6	0	r	r
1675	Rot Hide Mongrel	7	8	6	0	r	r
1676	Finbus Geargrind	31	31	7	1	f	r
1677	[UNUSED] Curtis Ashlock	10	10	7	0	f	r
1678	Vernon Hale	10	10	7	1	f	r
1679	Avarus Kharag	25	25	7	0	f	r
1680	Matthew Hooper	10	10	7	1	f	r
1681	Brock Stoneseeker	15	15	7	1	f	r
1682	Yanni Stoutheart	15	15	7	1	f	r
1683	Warg Deepwater	15	15	7	1	f	r
1684	Khara Deepwater	15	15	7	1	f	r
1685	Xandar Goodbeard	15	15	7	1	f	r
1686	Irene Sureshot	15	15	7	1	f	r
1687	Cliff Hadin	15	15	7	1	f	r
1688	Night Web Matriarch	5	5	1	0	r	r
1689	Scarred Crag Boar	9	10	1	0	y	y
1690	Thrawn Boltar	29	29	7	1	f	r
1691	Kreg Bilmn	10	10	7	1	f	r
1692	Golorn Frostbeard	10	10	7	1	f	r
1693	Loch Crocolisk	14	15	1	0	r	r
1694	Loslor Rudge	10	10	7	1	f	r
1695	Rendow	45	45	7	1	f	r
1696	Targorr the Dread	24	24	7	0	r	r
1697	Keeg Gibn	10	10	7	1	f	r
1698	Frast Dokner	10	10	7	1	f	r
1699	Gremlock Pilsnor	10	10	7	1	f	r
1700	Paxton Ganter	10	10	7	1	f	r
1701	Dank Drizzlecut	10	10	7	1	f	r
1702	Bronk Guzzlegear	24	24	7	1	f	r
1703	Uthrar Threx	24	24	7	1	f	r
1706	Defias Prisoner	23	24	7	0	r	r
1707	Defias Captive	23	24	7	0	r	r
1708	Defias Inmate	24	25	7	0	r	r
1711	Defias Convict	24	25	7	0	r	r
1713	Elder Shadowmaw Panther	42	43	1	0	r	r
1714	SAVE Defias Lifer	26	26	7	0	r	r
1715	Defias Insurgent	25	26	7	0	r	r
1716	Bazil Thredd	29	29	7	0	r	r
1717	Hamhock	28	28	7	0	r	r
1718	Rockjaw Raider	3	4	7	0	r	r
1719	Warden Thelwater	30	30	7	1	f	r
1720	Bruegal Ironknuckle	26	26	7	0	r	r
1721	Nikova Raskol	5	5	7	1	f	r
1723	Stormwind Citizen	1	1	7	0	f	r
1724	Stormwind Citizen Masculine	1	1	7	0	f	r
1725	Defias Watchman	16	17	7	0	r	r
1726	Defias Magician	16	17	7	0	r	r
1727	Defias Worker	16	17	7	0	r	r
1729	Defias Evoker	17	18	7	0	r	r
1730	Goblin Buzzcutter	16	16	7	0	r	r
1731	Goblin Craftsman	18	19	7	0	r	r
1732	Defias Squallshaper	19	20	7	0	r	r
1733	Zggi	5	5	3	1	f	r
1735	Deathguard Abraham	22	22	7	0	r	f
1736	Deathguard Randolph	55	55	7	0	r	f
1737	Deathguard Oliver	55	55	7	0	r	f
1738	Deathguard Terrence	21	21	7	0	r	f
1739	Deathguard Phillip	55	55	7	0	r	f
1740	Deathguard Saltain	7	7	7	1	r	f
1741	Deathguard Bartrand	55	55	7	0	r	f
1742	Deathguard Bartholomew	22	22	7	0	r	f
1743	Deathguard Lawrence	22	22	7	0	r	f
1744	Deathguard Mort	24	24	7	0	r	f
1745	Deathguard Morris	22	22	7	0	r	f
1746	Deathguard Cyrus	21	21	7	0	r	f
1747	Anduin Wrynn	5	5	7	0	f	r
1748	Highlord Bolvar Fordragon	63	63	7	0	f	r
1749	Lady Katrana Prestor	62	62	2	0	f	r
1750	Grand Admiral Jes-Tereth	62	62	7	0	f	r
1751	Mithras Ironhill	62	62	7	0	f	r
1752	Caledra Dawnbreeze	60	60	7	0	f	r
1753	Maggot Eye	10	10	6	0	r	r
1754	Lord Gregor Lescovar	31	31	7	0	f	r
1755	Marzon the Silent Blade	30	30	7	0	f	r
1756	Stormwind Royal Guard	60	60	7	0	f	r
1757	Mega Rabbit	1	1	1	0	y	y
1758	Warlock (TEST)	20	20	7	0	r	r
1759	Mage (TEST)	20	20	7	0	r	r
1760	Warrior (TEST)	20	20	7	0	r	r
1761	Priest (TEST)	20	20	7	0	r	r
1762	Rogue (TEST)	20	20	7	0	r	r
1763	Gilnid	20	20	7	0	r	r
1764	Greater Feral Spirit	1	1	10	1	f	f
1765	Worg	10	11	1	0	r	r
1766	Mottled Worg	11	12	1	0	r	r
1767	Vile Fin Shredder	12	13	7	0	r	r
1768	Vile Fin Tidehunter	13	14	7	0	r	r
1769	Moonrage Whitescalp	10	11	7	0	r	r
1770	Moonrage Darkrunner	11	12	7	0	r	r
1772	Rot Hide Gladerunner	11	12	6	0	r	r
1773	Rot Hide Mystic	12	13	6	0	r	r
1775	Zun'dartha	60	60	7	1	r	f
1776	Magtoor	42	42	7	1	f	f
1777	Dakk Blunderblast	15	15	7	1	f	r
1778	Ferocious Grizzled Bear	11	12	1	0	r	r
1779	Moonrage Glutton	12	13	7	0	r	r
1780	Moss Stalker	12	13	1	0	r	r
1781	Mist Creeper	13	14	1	0	r	r
1782	Moonrage Darksoul	13	14	7	0	r	r
1783	Skeletal Flayer	50	51	6	0	r	r
1784	Skeletal Sorcerer	51	52	6	0	r	r
1785	Skeletal Terror	52	54	6	0	r	r
1787	Skeletal Executioner	54	55	6	0	r	r
1788	Skeletal Warlord	56	57	6	0	r	r
1789	Skeletal Acolyte	55	56	6	0	r	r
1791	Slavering Ghoul	50	52	6	0	r	r
1793	Rotting Ghoul	54	55	6	0	r	r
1794	Soulless Ghoul	54	55	6	0	r	r
1795	Searing Ghoul	55	56	6	0	r	r
1796	Freezing Ghoul	55	56	6	0	r	r
1797	Giant Grizzled Bear	12	13	1	0	r	r
1798	Tortured Soul	55	56	6	0	r	r
1800	Cold Wraith	58	58	6	0	r	r
1801	Blood Wraith	55	55	6	0	r	r
1802	Hungering Wraith	56	58	6	0	r	r
1804	Wailing Death	56	57	6	0	r	r
1805	Flesh Golem	56	57	6	0	r	r
1806	Vile Slime	54	55	10	0	r	r
1808	Devouring Ooze	55	56	10	0	r	r
1809	Carrion Vulture	50	52	1	0	r	r
1810	Rotting Condor	53	55	1	0	r	r
1811	Plaguewing Vulture	56	58	1	0	r	r
1812	Rotting Behemoth	55	56	4	0	r	r
1813	Decaying Horror	56	57	4	0	r	r
1815	Diseased Black Bear	51	52	1	0	r	r
1816	Diseased Grizzly	55	56	1	0	r	r
1817	Diseased Wolf	53	54	1	0	r	r
1819	Foulmaw Hydra	52	54	10	0	r	r
1820	Elder Foulmaw Hydra	55	57	10	0	r	r
1821	Carrion Lurker	52	53	1	0	r	r
1822	Venom Mist Lurker	50	51	1	0	r	r
1824	Plague Lurker	54	55	1	0	r	r
1826	Scarlet Mage	55	56	7	0	r	r
1827	Scarlet Sentinel	55	56	7	0	r	r
1831	Scarlet Hunter	52	53	7	0	r	r
1832	Scarlet Magus	56	57	7	0	r	r
1833	Scarlet Knight	54	55	7	0	r	r
1834	Scarlet Paladin	55	56	7	0	r	r
1835	Scarlet Invoker	53	54	7	0	r	r
1836	Scarlet Cavalier	57	58	7	0	r	r
1837	Scarlet Judge	60	60	7	0	r	r
1838	Scarlet Interrogator	61	61	7	0	r	r
1839	Scarlet High Clerist	63	63	7	0	r	r
1840	Grand Inquisitor Isillien	63	63	7	0	r	r
1841	Scarlet Executioner	60	60	7	0	r	r
1842	Highlord Taelan Fordring	63	63	7	0	r	r
1843	Foreman Jerris	62	62	7	0	r	r
1844	Foreman Marcrid	58	58	7	0	r	r
1845	High Protector Tarsen	59	59	7	0	r	r
1846	High Protector Lorik	61	61	7	0	r	r
1847	Foulmane	52	52	6	0	r	r
1848	Lord Maldazzar	56	56	7	0	r	r
1849	Dreadwhisper	38	38	6	0	r	r
1850	Putridius	58	58	6	0	r	r
1851	The Husk	62	62	4	0	r	r
1852	Araj the Summoner	61	61	6	0	r	r
1853	Darkmaster Gandling	61	61	7	0	r	r
1854	High Priest Thel'danis	62	62	7	0	f	r
1855	Tirion Fordring	61	61	7	0	f	f
1857	Pissed Vendor	5	5	7	0	r	r
1858	Pissed not a Vendor	5	5	7	0	r	r
1859	[UNUSED] Nyein Longwind	4	7	7	0	f	r
1860	Voidwalker	17	17	3	0	r	r
1861	Greater Voidwalker	26	26	3	0	r	r
1862	Lesser Netherwalker	34	34	3	0	r	r
1863	Succubus	20	20	3	0	r	r
1864	Greater Succubus	36	36	3	0	r	r
1865	Ravenclaw Raider	12	13	6	0	r	r
1866	Ravenclaw Slave	11	12	6	0	r	r
1867	Dalaran Apprentice	13	14	7	0	f	r
1868	Ravenclaw Servant	13	14	6	0	r	r
1869	Ravenclaw Champion	14	15	6	0	r	r
1870	Hand of Ravenclaw	15	16	6	0	r	r
1871	Eliza's Guard	28	29	6	0	r	r
1872	Tharek Blackstone	12	12	7	1	f	r
1879	Noma Bluntnose	15	15	7	0	f	r
1880	Berte	1	1	7	1	f	f
1881	Evalyn	1	1	7	0	f	f
1883	Scarlet Worker	55	57	7	0	r	r
1884	Scarlet Lumberjack	54	56	7	0	r	r
1885	Scarlet Smith	58	59	7	0	r	r
1888	Dalaran Watcher	18	19	7	0	f	r
1889	Dalaran Wizard	19	20	7	0	f	r
1890	Rattlecage Skeleton	2	3	6	0	y	y
1891	Pyrewood Watcher	13	14	7	0	f	r
1892	Moonrage Watcher	13	14	7	0	r	r
1893	Moonrage Sentry	14	15	7	0	r	r
1894	Pyrewood Sentry	14	15	7	0	f	r
1895	Pyrewood Elder	14	15	7	0	f	r
1896	Moonrage Elder	14	15	7	0	r	r
1901	Kelstrum Stonebreaker	45	45	7	1	f	r
1907	Naga Explorer	43	44	7	0	r	r
1908	Vile Fin Oracle	19	20	7	0	r	r
1909	Vile Fin Lakestalker	18	19	7	0	r	r
1910	Muad	10	10	7	0	r	r
1911	Deeb	12	12	7	0	r	r
1912	Dalaran Protector	14	15	7	0	f	r
1913	Dalaran Warder	16	17	7	0	f	r
1914	Dalaran Mage	15	16	7	0	f	r
1915	Dalaran Conjuror	17	18	7	0	f	r
1916	Stephen Bhartec	2	3	6	0	y	y
1917	Daniel Ulfman	2	3	6	0	y	y
1918	Karrel Grayves	2	3	6	0	y	y
1919	Samuel Fipps	5	5	6	0	y	y
1920	Dalaran Spellscribe	21	21	7	0	f	r
1921	Combat Dummy	1	1	9	1	y	y
1922	Gray Forest Wolf	7	8	1	0	r	r
1923	Bloodsnout Worg	16	17	1	0	r	r
1924	Moonrage Bloodhowler	15	16	7	0	r	r
1925	Heat Miser	20	20	2	0	y	y
1926	Snow Miser	20	20	2	0	y	y
1927	Good Miser	20	20	2	0	y	y
1928	Bad Miser	20	20	2	0	y	y
1929	Earth Miser	20	20	2	0	y	y
1930	Steel Miser	20	20	2	0	y	y
1931	Captured Scarlet Zealot	9	9	7	1	r	f
1932	Black Sheep	1	1	8	0	y	y
1933	Sheep	3	3	8	1	y	y
1934	Tirisfal Farmer	6	7	7	0	r	r
1935	Tirisfal Farmhand	5	6	7	0	r	r
1936	Farmer Solliden	8	8	7	0	r	r
1937	Apothecary Renferrel	14	14	7	1	r	f
1938	Dalar Dawnweaver	21	21	7	1	r	f
1939	Rot Hide Brute	16	17	6	0	r	r
1940	Rot Hide Plague Weaver	17	18	6	0	r	r
1941	Rot Hide Graverobber	6	7	6	0	r	r
1942	Rot Hide Savage	18	19	6	0	r	r
1943	Raging Rot Hide	18	19	6	0	r	r
1944	Rot Hide Bruiser	22	22	6	0	r	r
1945	Tree Form 0.33	30	32	4	0	y	y
1946	Lillith Nefara	12	12	6	0	r	r
1947	Thule Ravenclaw	24	24	7	0	r	r
1948	Snarlmane	23	23	6	0	r	r
1949	Servant of Azora	8	9	7	0	f	r
1950	Rane Yorick	15	15	7	1	r	f
1951	Quinn Yorick	14	14	7	1	r	f
1952	High Executor Hadrec	30	30	7	1	r	f
1953	Lake Skulker	15	16	4	0	r	r
1954	Elder Lake Skulker	16	17	4	0	r	r
1955	Lake Creeper	17	18	4	0	r	r
1956	Elder Lake Creeper	18	19	4	0	r	r
1957	Vile Fin Shorecreeper	16	17	7	0	r	r
1958	Vile Fin Tidecaller	17	18	7	0	r	r
1959	Mountaineer Barleybrew	20	20	7	0	f	r
1960	Pilot Hammerfoot	17	17	7	1	f	r
1961	Mangeclaw	11	11	1	0	r	r
1963	Vidra Hearthstove	10	10	7	1	f	r
1964	Treant	60	60	4	0	r	r
1965	Mountaineer Thalos	15	15	7	1	f	r
1971	Ivar the Foul	13	13	6	0	r	r
1972	Grimson the Pale	15	15	7	0	r	r
1973	Ravenclaw Guardian	20	21	6	0	r	r
1974	Ravenclaw Drudger	19	20	6	0	r	r
1975	Eastvale Lumberjack	7	8	7	0	f	r
1976	Stormwind City Patroller	55	55	7	0	f	r
1977	Senator Mehr Stonehallow	50	50	7	1	f	r
1978	Deathstalker Erland	11	11	7	0	r	f
1979	TEST WOLF (ALPHA FIRST)	2	2	1	0	y	y
1980	TEST WOLF (ALPHA SECOND)	2	2	1	0	y	y
1981	Dark Iron Ambusher	10	10	7	0	r	r
1983	Nightlash	14	14	6	0	r	r
1984	Young Thistle Boar	1	2	1	1	y	y
1985	Thistle Boar	2	3	1	1	y	y
1986	Webwood Spider	3	4	1	0	r	r
1987	Webwood Creeper UNUSED	3	4	1	0	r	r
1988	Grell	2	3	3	1	y	y
1989	Grellkin	3	4	3	1	y	y
1990	Gremlin	3	4	7	0	y	y
1991	Jaxil Rye	5	5	7	0	y	y
1992	Tarindrella	7	7	7	1	f	r
1993	Greenpaw	10	10	7	0	r	r
1994	Githyiss the Vile	5	5	1	0	r	r
1995	Strigid Owl	5	6	1	1	y	y
1996	Strigid Screecher	7	8	1	1	y	y
1997	Strigid Hunter	8	9	1	1	y	y
1998	Webwood Lurker	5	6	1	0	r	r
1999	Webwood Venomfang	7	8	1	0	r	r
2000	Webwood Silkspinner	8	9	1	0	r	r
2001	Giant Webwood Spider	10	11	1	0	r	r
2002	Rascal Sprite	5	6	3	0	r	r
2003	Shadow Sprite	5	6	3	0	r	r
2004	Dark Sprite	6	7	3	0	r	r
2005	Vicious Grell	7	7	3	0	r	r
2006	Gnarlpine Ursa	5	6	7	0	r	r
2007	Gnarlpine Gardener	5	6	7	0	r	r
2008	Gnarlpine Warrior	6	7	7	0	r	r
2009	Gnarlpine Shaman	7	8	7	0	r	r
2010	Gnarlpine Defender	7	8	7	0	r	r
2011	Gnarlpine Augur	8	9	7	0	r	r
2012	Gnarlpine Pathfinder	9	10	7	0	r	r
2013	Gnarlpine Avenger	9	10	7	0	r	r
2014	Gnarlpine Totemic	10	11	7	0	r	r
2015	Bloodfeather Harpy	8	9	7	0	r	r
2017	Bloodfeather Rogue	8	9	7	0	r	r
2018	Bloodfeather Sorceress	9	9	7	0	r	r
2019	Bloodfeather Fury	9	10	7	0	r	r
2020	Bloodfeather Wind Witch	9	10	7	0	r	r
2021	Bloodfeather Matriarch	11	11	7	0	r	r
2022	Timberling	5	6	4	0	r	r
2025	Timberling Bark Ripper	7	8	4	0	r	r
2027	Timberling Trampler	8	9	4	0	r	r
2029	Timberling Mire Beast	9	10	4	0	r	r
2030	Elder Timberling	10	11	4	0	r	r
2031	Young Nightsaber	1	1	1	1	y	y
2032	Mangy Nightsaber	2	2	1	1	y	y
2033	Elder Nightsaber	8	9	1	0	r	r
2034	Feral Nightsaber	10	11	1	0	r	r
2038	Lord Melenas	8	8	3	0	r	r
2039	Ursal the Mauler	12	12	7	0	r	r
2040	Haggatha the Crone	12	12	7	0	r	r
2041	Ancient Protector	60	60	5	0	f	r
2042	Nightsaber	5	6	1	0	r	r
2043	Nightsaber Stalker	7	8	1	0	r	r
2044	Forlorn Spirit	25	26	6	0	y	y
2045	Gunther's Minion	7	8	6	0	r	r
2046	Andrew Krighton	8	8	7	1	f	r
2050	Raleigh Andrean	14	14	7	1	r	f
2051	Twain The Tester FOO	56	56	7	0	r	r
2052	Nag	1	1	1	0	f	f
2053	Haggard Refugee	18	19	7	0	f	r
2054	Sickly Refugee	19	20	7	0	f	r
2055	Master Apothecary Faranell	50	50	7	1	r	f
2056	Ravenclaw Apparition	24	24	6	1	f	f
2057	Huldar	15	15	7	0	f	r
2058	Deathstalker Faerleia	18	18	7	0	r	f
2060	Councilman Smithers	12	12	7	0	r	r
2061	Councilman Thatcher	13	13	7	0	r	r
2062	Councilman Hendricks	13	13	7	0	r	r
2063	Councilman Wilhelm	13	13	7	0	r	r
2064	Councilman Hartin	13	13	7	0	r	r
2065	Councilman Cooper	13	13	7	0	r	r
2066	Councilman Higarth	13	13	7	0	r	r
2067	Councilman Brunswick	13	13	7	0	r	r
2068	Lord Mayor Morrison	15	15	7	0	r	r
2069	Moonstalker	14	15	1	0	r	r
2070	Moonstalker Runt	10	11	1	0	r	r
2071	Moonstalker Matriarch	19	20	1	0	r	r
2077	Melithar Staghelm	5	5	7	1	f	r
2078	Athridas Bearmantle	11	11	7	1	f	r
2079	Conservator Ilthalaine	4	4	7	1	f	r
2080	Denalan	11	11	7	1	f	r
2081	Sentinel Kyra Starsong	12	12	7	1	f	r
2082	Gilshalan Windwalker	9	9	7	1	f	r
2083	Syral Bladeleaf	12	12	7	1	f	r
2084	Natheril Raincaller	57	57	7	1	f	r
2086	Valstag Ironjaw	25	25	7	1	f	r
2087	[UNUSED] Ambermill Citizen	1	1	7	0	f	r
2089	Giant Wetlands Crocolisk	25	26	1	0	r	r
2090	Ma'ruk Wyrmscale	23	23	7	0	r	r
2091	Chieftain Nek'rosh	32	32	7	0	r	r
2092	Pilot Longbeard	23	23	7	1	f	r
2093	Einar Stonegrip	20	20	7	1	f	r
2094	James Halloran	25	25	7	1	f	r
2095	Billy the Street Urchin	1	1	7	0	f	r
2096	Tarrel Rockweaver	25	25	7	1	f	r
2097	Harlo Barnaby	25	25	7	1	f	r
2098	Ram	5	5	8	0	y	y
2099	Maiden's Virtue Crewman	20	20	7	0	f	r
2102	Dragonmaw Grunt	20	21	7	0	r	r
2103	Dragonmaw Scout	19	20	7	0	r	r
2104	Captain Stoutfist	35	35	7	1	f	r
2105	Mountaineer Dokkin	30	30	7	0	f	r
2106	Apothecary Berard	16	16	7	0	r	r
2107	Gaerolas Talvethren	7	7	7	1	f	r
2108	Garneg Charskull	29	29	7	0	r	r
2109	Steam Tank	32	32	9	0	f	f
2110	Black Rat	1	1	8	1	y	y
2111	Sida	20	20	7	1	f	r
2112	Farrin Daris	18	19	7	1	f	r
2113	Archibald Kava	5	5	7	1	r	f
2114	Faruza	5	5	7	1	r	f
2115	Joshua Kien	5	5	7	1	r	f
2116	Blacksmith Rand	5	5	7	1	r	f
2117	Harold Raims	5	5	7	1	r	f
2118	Abigail Shiel	9	9	7	1	r	f
2119	Dannal Stern	5	5	7	1	r	f
2120	Archmage Ataeric	22	22	7	0	f	r
2121	Shadow Priest Allister	20	20	7	1	r	f
2122	David Trias	5	5	7	1	r	f
2123	Dark Cleric Duesten	5	5	7	1	r	f
2124	Isabella	5	5	7	1	r	f
2126	Maximillion	5	5	7	1	r	f
2127	Rupert Boch	15	15	7	1	r	f
2128	Cain Firesong	14	14	7	1	r	f
2129	Dark Cleric Beryl	17	17	7	1	r	f
2130	Marion Call	13	13	7	1	r	f
2131	Austil de Mon	16	16	7	1	r	f
2132	Carolai Anise	25	25	7	1	r	f
2133	[UNUSED] Theo Reshan	11	11	7	0	r	f
2134	Mrs. Winters	10	10	7	1	r	f
2135	Abe Winters	14	14	7	1	r	f
2136	Oliver Dwor	13	13	7	1	r	f
2137	Eliza Callen	12	12	7	1	r	f
2138	Warrior 25	25	25	2	0	y	y
2140	Edwin Harly	18	20	7	1	r	f
2142	Watcher Callahan	32	32	7	0	f	r
2149	Dark Iron Raider	14	14	7	0	r	r
2150	Zenn Foulhoof	7	7	7	1	f	r
2151	Moon Priestess Amara	25	25	7	0	f	r
2152	Gnarlpine Ambusher	6	7	7	0	r	r
2153	Terl Arakor	25	25	7	0	f	r
2154	Jesse The Tester	56	56	7	0	r	r
2155	Sentinel Shayla Nightbreeze	8	8	7	1	f	r
2156	Cracked Golem	18	19	4	0	r	r
2157	Stone Behemoth	19	20	4	0	r	r
2158	Gravelflint Scout	18	19	7	0	r	r
2159	Gravelflint Bonesnapper	19	20	7	0	r	r
2160	Gravelflint Geomancer	20	21	7	0	r	r
2162	Agal	8	8	7	0	r	r
2163	Thistle Bear	11	12	1	0	r	r
2164	Rabid Thistle Bear	13	14	1	0	r	r
2165	Grizzled Thistle Bear	16	17	1	0	r	r
2166	Oakenscowl	9	9	4	0	r	r
2167	Blackwood Pathfinder	12	13	7	0	r	r
2168	Blackwood Warrior	16	17	7	0	r	r
2169	Blackwood Totemic	17	18	7	0	r	r
2170	Blackwood Ursa	18	19	7	0	r	r
2171	Blackwood Shaman	19	20	7	0	r	r
2172	Strider Clutchmother	20	20	1	0	y	y
2173	Reef Frenzy	14	15	1	0	r	r
2174	Coastal Frenzy	14	16	1	0	r	r
2175	Shadowclaw	13	13	1	0	r	r
2176	Cursed Highborne	10	11	6	0	r	r
2177	Writhing Highborne	11	12	6	0	r	r
2178	Wailing Highborne	12	13	6	0	r	r
2179	Stormscale Wave Rider	15	16	7	0	r	r
2180	Stormscale Siren	16	17	7	0	r	r
2181	Stormscale Myrmidon	18	19	7	0	r	r
2182	Stormscale Sorceress	19	20	7	0	r	r
2183	Stormscale Warrior	20	21	7	0	r	r
2184	Lady Moongazer	17	17	6	0	r	r
2185	Darkshore Thresher	12	14	1	0	r	r
2186	Carnivous the Breaker	16	16	7	0	r	r
2187	Elder Darkshore Thresher	16	18	1	0	r	r
2188	Deep Sea Threshadon	23	25	1	0	r	r
2189	Vile Sprite	10	11	7	0	r	r
2190	Wild Grell	11	12	7	0	r	r
2191	Licillin	14	14	3	0	r	r
2192	Firecaller Radison	19	19	7	0	r	r
2197	[UNUSED] Crier Kirton	3	3	7	0	f	r
2198	Crier Goodman	3	3	7	1	f	r
2199	[UNUSED] Crier Backus	3	3	7	0	f	r
2200	[UNUSED] Crier Pierce	3	3	7	0	f	r
2201	Greymist Raider	11	12	7	0	r	r
2202	Greymist Coastrunner	12	13	7	0	r	r
2203	Greymist Seer	13	14	7	0	r	r
2204	Greymist Netter	14	15	7	0	r	r
2205	Greymist Warrior	15	16	7	0	r	r
2206	Greymist Hunter	16	17	7	0	r	r
2207	Greymist Oracle	18	19	7	0	r	r
2208	Greymist Tidehunter	19	20	7	0	r	r
2209	Deathguard Gavin	24	24	7	0	r	f
2210	Deathguard Royann	24	24	7	0	r	f
2211	Captured Mountaineer	9	9	7	1	r	f
2212	Deth'ryll Satyr	12	13	7	0	r	r
2213	Deth'ryll Shadowstalker	13	14	7	0	r	r
2214	Deathstalker Lesh	25	25	7	1	r	f
2215	High Executor Darthalia	60	60	7	0	r	f
2216	Apothecary Lydon	35	35	7	1	r	f
2217	Undead Druid Trainer	1	1	6	0	r	f
2218	Undead Hunter Trainer	1	1	6	0	r	f
2219	Undead Shaman Trainer	1	1	6	0	r	f
2220	[UNUSED] Undead Blacksmith Trainer	1	1	6	0	r	f
2221	Undead Tailor Trainer	1	1	6	0	r	f
2222	Undead Mining Trainer	1	1	6	0	r	f
2223	[UNUSED] Undead Cooking Trainer	1	1	7	0	r	f
2224	Wind Rider	29	29	1	1	f	f
2225	Zora Guthrek	55	55	7	1	r	f
2226	Karos Razok	55	55	7	1	r	f
2227	Sharlindra	25	25	6	1	r	f
2228	Lieutenant Farren Orinelle	25	25	7	1	f	r
2229	Krusk	25	25	7	1	r	f
2230	Umpi	1	1	1	1	r	f
2231	Pygmy Tide Crawler	9	10	1	0	y	y
2232	Tide Crawler	12	14	1	0	y	y
2233	Encrusted Tide Crawler	18	20	1	0	y	y
2234	Young Reef Crawler	10	11	1	0	y	y
2235	Reef Crawler	15	17	1	0	y	y
2236	Raging Reef Crawler	20	21	1	0	y	y
2237	Moonstalker Sire	17	18	1	0	r	r
2238	Tog'thar	25	25	7	1	r	f
2239	Drull	25	25	7	1	r	f
2240	Syndicate Footpad	32	33	7	0	r	r
2241	Syndicate Thief	33	34	7	0	r	r
2242	Syndicate Spy	35	36	7	0	r	r
2243	Syndicate Sentry	36	37	7	0	r	r
2244	Syndicate Shadow Mage	21	22	7	0	r	r
2245	Syndicate Saboteur	37	38	7	0	r	r
2246	Syndicate Assassin	38	39	7	0	r	r
2247	Syndicate Enforcer	39	40	7	0	r	r
2248	Cave Yeti	30	31	7	0	r	r
2249	Ferocious Yeti	31	32	7	0	r	r
2250	Mountain Yeti	32	33	7	0	r	r
2251	Giant Yeti	33	34	7	0	r	r
2252	Crushridge Ogre	34	35	7	0	r	r
2253	Crushridge Brute	35	36	7	0	r	r
2254	Crushridge Mauler	36	37	7	0	r	r
2255	Crushridge Mage	37	38	7	0	r	r
2256	Crushridge Enforcer	38	39	7	0	r	r
2257	Mug'thol	43	43	7	0	r	r
2258	Stone Fury	37	37	4	0	r	r
2260	Syndicate Rogue	21	22	7	0	r	r
2261	Syndicate Watchman	20	21	7	0	r	r
2263	Marshal Redpath	41	41	7	1	f	r
2264	Hillsbrad Tailor	24	25	7	0	f	r
2265	Hillsbrad Apprentice Blacksmith	24	25	7	0	f	r
2266	Hillsbrad Farmer	23	24	7	0	f	r
2267	Hillsbrad Peasant	24	25	7	0	f	r
2268	Hillsbrad Footman	25	26	7	0	f	r
2269	Hillsbrad Miner	26	27	7	0	f	r
2270	Hillsbrad Sentry	27	28	7	0	f	r
2271	Dalaran Shield Guard	31	32	7	0	f	r
2272	Dalaran Theurgist	32	33	7	0	f	r
2274	Stanley	24	24	1	1	f	f
2275	Enraged Stanley	24	24	1	0	y	y
2276	Magistrate Henry Maleb	60	60	7	0	f	y
2277	Loremaster Dibbs	30	30	7	1	f	r
2278	Melisara	25	25	6	1	r	f
2279	Alliance Battleguard	62	62	7	0	f	r
2280	Horde Battleguard	62	62	7	0	r	f
2281	Baelish Frostbane	62	62	7	0	f	f
2282	[PH] Orgrun Iceflow	62	62	7	0	f	f
2283	Ravenclaw Regent	22	22	6	0	r	r
2284	Captured Farmer	4	4	7	1	f	f
2285	Count Remington Ridgewell	40	40	7	1	f	r
2286	Bow Guy	1	1	7	0	f	f
2287	Crushridge Warmonger	39	40	7	0	r	r
2288	Skracher Mudmuzzle	30	30	6	0	r	r
2289	Connor McCoy	62	62	7	0	f	f
2290	Bertran Keldrake	62	62	7	0	f	f
2291	Corbin Halman	62	62	7	0	f	f
2292	Reginald Berry	62	62	7	0	f	f
2293	[UNUSED] Sherra Vayne	45	45	7	0	f	f
2294	Jaynice Sillestan	62	62	7	0	f	f
2295	[UNUSED] Bartok Steelgrip	62	62	7	0	f	f
2296	[UNUSED] Fulgar Iceforge	62	62	7	0	f	f
2297	[UNUSED] Kerrik Firebeard	62	62	7	0	f	f
2298	Dolthar Stonefoot	62	62	7	0	f	f
2299	Borgus Stoutarm	55	55	7	1	f	r
2300	[UNUSED] Seoman Verilas	40	40	7	0	f	f
2301	[UNUSED] Nerrik Shoyul	62	62	7	0	f	f
2302	Aethalas	61	61	7	0	f	r
2303	Lyranne Feathersong	56	56	7	1	f	r
2304	Captain Ironhill	32	32	7	0	f	r
2305	Foreman Bonds	30	30	7	0	f	r
2306	Baron Vardus	40	40	7	0	r	r
2307	Caretaker Caice	5	5	7	1	r	f
2308	Andrew Brownell	40	40	7	1	r	f
2309	Thomas Arlento	5	5	7	1	r	f
2310	Jamie Nore	5	5	7	1	r	f
2311	Doreen Beltis	5	5	7	1	r	f
2312	[UNUSED] Thesule Klaven	5	5	7	0	r	f
2313	[UNUSED] Kir'Nazz	5	5	7	0	r	f
2314	Sahvan Bloodshadow	5	5	7	1	r	f
2315	Maquell Ebonwood	5	5	7	1	r	f
2316	Gol'dir	25	25	7	1	r	f
2317	Elysa	25	25	7	1	f	f
2318	Argus Shadow Mage	35	36	7	0	r	r
2319	Syndicate Wizard	34	35	7	0	r	r
2320	Nagaz	40	40	7	0	r	r
2321	Foreststrider Fledgling	11	13	1	0	y	y
2322	Foreststrider	14	16	1	0	y	y
2323	Giant Foreststrider	17	19	1	0	y	y
2324	Blackwood Windtalker	13	14	7	0	r	r
2325	Undead First Aid Trainer	1	1	6	0	r	f
2326	Thamner Pol	8	12	7	1	f	r
2327	Shaina Fuller	35	35	7	1	f	r
2329	Michelle Belle	11	11	7	1	f	r
2330	Karlee Chaddis	25	25	7	1	f	r
2331	Paige Chaddis	1	1	7	1	f	r
2332	Valdred Moray	21	21	7	0	f	r
2333	Henchman Valik	30	30	7	1	r	f
2334	Event Generator 001	5	5	10	1	f	r
2335	Magistrate Burnside	30	30	7	0	f	r
2336	Dark Strand Fanatic	16	17	7	0	r	r
2337	Dark Strand Voidcaller	28	29	7	0	r	r
2338	Twilight Disciple	16	17	7	0	r	r
2339	Twilight Thug	17	18	7	0	r	r
2344	Dun Garok Mountaineer	28	29	7	0	f	r
2345	Dun Garok Rifleman	29	30	7	0	f	r
2346	Dun Garok Priest	29	30	7	0	f	r
2347	Wild Gryphon	40	40	1	0	y	y
2348	Elder Moss Creeper	26	27	1	0	r	r
2349	Giant Moss Creeper	24	25	1	0	r	r
2350	Forest Moss Creeper	20	21	1	0	r	r
2351	Gray Bear	21	22	1	0	r	r
2352	Innkeeper Anderson	30	30	7	1	f	r
2354	Vicious Gray Bear	22	23	1	0	r	r
2356	Elder Gray Bear	25	26	1	0	r	r
2357	Merideth Carlson	32	32	7	1	f	r
2358	Dalaran Summoner	34	35	7	0	f	r
2359	Elemental Slave	33	34	4	0	f	r
2360	Hillsbrad Farmhand	22	23	7	0	f	r
2361	Tamara Armstrong	15	15	7	0	f	r
2362	Hemmit Armstrong	15	15	7	0	f	r
2363	Apprentice Honeywell	29	29	7	0	f	r
2364	Neema	33	33	7	1	f	r
2365	Bront Coldcleave	39	39	7	1	f	r
2366	Barkeep Kelly	40	40	7	1	f	r
2367	Donald Rabonne	31	31	7	1	f	r
2368	Daggerspine Shorestalker	28	29	7	0	r	r
2369	Daggerspine Shorehunter	30	31	7	0	r	r
2370	Daggerspine Screamer	29	30	7	0	r	r
2371	Daggerspine Siren	31	32	7	0	r	r
2372	Mudsnout Gnoll	26	27	7	0	r	r
2373	Mudsnout Shaman	27	28	7	0	r	r
2374	Torn Fin Muckdweller	28	29	7	0	r	r
2375	Torn Fin Coastrunner	29	30	7	0	r	r
2376	Torn Fin Oracle	30	31	7	0	r	r
2377	Torn Fin Tidehunter	31	32	7	0	r	r
2378	Kundric Zanden	34	34	7	0	f	r
2379	Caretaker Smithers	35	35	7	1	f	r
2380	Nandar Branson	34	34	7	1	f	r
2381	Micha Yance	40	40	7	1	f	r
2382	Darren Malvew	30	30	7	1	f	r
2383	Lindea Rabonne	29	29	7	1	f	r
2384	Starving Mountain Lion	23	24	1	0	r	r
2385	Feral Mountain Lion	27	28	1	0	r	r
2386	Southshore Guard	55	55	7	0	f	r
2387	Hillsbrad Councilman	25	26	7	0	f	r
2388	Innkeeper Shay	30	30	7	1	r	f
2389	Zarise	55	55	7	1	r	f
2390	Aranae Venomblood	29	29	7	1	r	f
2391	Serge Hinott	32	32	7	1	r	f
2392	Delia Verana	32	32	7	0	r	f
2393	Christoph Jeffcoat	32	32	7	1	r	f
2394	Mallen Swain	32	32	7	1	r	f
2395	Vinna Wayne	32	32	7	0	r	f
2396	Hans Zandin	32	32	7	0	r	f
2397	Derak Nightfall	32	32	7	1	r	f
2398	Tara Coldgaze	32	32	7	0	r	f
2399	Daryl Stack	56	56	7	1	r	f
2400	Craig Hewitt	32	32	7	0	r	f
2401	Kayren Soothallow	30	30	7	1	r	f
2402	Shara Blazen	32	32	7	1	r	f
2403	Farmer Getz	24	24	7	0	f	r
2404	Blacksmith Verringtan	26	26	7	0	f	r
2405	Tarren Mill Deathguard	55	55	7	0	r	f
2406	Mountain Lion	32	33	1	0	r	r
2407	Hulking Mountain Lion	33	34	1	0	r	r
2408	Snapjaw	30	31	1	0	y	y
2409	Felicia Maline	55	55	7	1	f	r
2410	Magus Wordeen Voidglare	42	42	7	1	r	f
2411	Ricter	33	33	7	0	y	y
2412	Alina	33	33	7	0	y	y
2413	Dermot	34	34	7	0	y	y
2414	Kegan Darkmar	35	35	7	0	y	y
2415	Warden Belamoore	36	36	7	0	f	r
2416	Crushridge Plunderer	36	37	7	0	r	r
2417	Grel'borg the Miser	39	39	7	0	r	r
2418	Deathguard Samsa	32	32	7	1	r	f
2419	Deathguard Humbert	32	32	7	1	r	f
2420	Targ	41	41	7	0	r	r
2421	Muckrake	40	40	7	0	r	r
2422	Glommus	39	39	7	0	r	r
2423	Lord Aliden Perenolde	41	41	7	0	r	r
2424	Test Banker	62	62	7	0	f	r
2425	Varimathras	62	62	3	0	r	f
2427	Jailor Eston	24	24	7	0	r	r
2428	Jailor Marlgen	24	24	7	0	r	r
2429	Novice Thaivand	30	30	7	1	r	f
2430	Chef Jessen	35	35	7	1	f	r
2431	Jailor Borhuin	37	37	7	0	r	r
2432	Darla Harris	55	55	7	1	f	r
2433	Helcular's Remains	44	44	6	0	r	f
2434	Shadowy Assassin	37	38	7	0	y	y
2435	Southshore Crier	32	32	7	0	f	y
2436	Farmer Kent	25	25	7	0	f	y
2437	Keeper Bel'varil	34	34	7	1	r	f
2438	Bartolo Ginsetti	32	32	7	1	f	r
2439	Major Samuelson	50	50	7	1	f	r
2440	Drunken Footpad	32	33	7	0	r	r
2441	[UNUSED] Southshore Citizen	25	25	7	0	f	r
2442	Cow	5	5	8	0	y	y
2447	Narillasanz	44	44	2	0	r	r
2448	Clerk Horrace Whitesteed	26	26	7	0	f	r
2449	Citizen Wilkes	25	25	7	0	f	r
2450	Miner Hackett	29	29	7	0	f	r
2451	Farmer Kalaba	25	25	7	0	f	r
2452	Skhowl	36	36	7	0	r	r
2453	Lo'Grosh	39	39	7	0	r	r
2454	Skeletal Fiend (Enraged Form)	1	1	6	0	f	f
2455	Olivia Burnside	45	45	7	1	f	r
2456	Newton Burnside	45	45	7	1	f	r
2457	John Burnside	45	45	7	1	f	r
2458	Randolph Montague	45	45	7	1	r	f
2459	Mortimer Montague	45	45	7	1	r	f
2460	Barnum Stonemantle	45	45	7	1	f	r
2461	Bailey Stonemantle	45	45	7	1	f	r
2462	Flesh Eating Worm	25	25	10	0	r	r
2464	Commander Aggro'gosh	60	60	7	0	r	f
2465	Far Seer Mok'thardin	45	45	7	1	r	f
2466	Mountaineer Grugelm	30	30	7	0	f	r
2468	Mountaineer Thar	30	30	7	0	f	r
2469	Mountaineer Rharen	30	30	7	0	f	r
2470	Watcher Fraizer	37	37	7	0	f	r
2472	Flamescale Drake	39	39	2	0	r	r
2473	Granistad	40	40	1	0	f	r
2474	Kurdros	40	40	1	0	f	r
2475	Sloth	31	31	6	0	r	r
2476	Large Loch Crocolisk	22	22	1	0	r	r
2477	Gradok	19	21	7	0	r	f
2478	Haren Swifthoof	19	21	7	0	r	f
2479	Sludge	31	31	6	0	r	r
2480	Bro'kin	49	49	7	1	y	y
2481	Bliztik	36	36	7	0	y	y
2482	Zarena Cromwind	43	43	7	1	y	y
2483	Jaquilina Dramet	39	39	7	1	f	f
2485	Larimaine Purdue	50	50	7	1	f	r
2486	Fin Fizracket	42	42	7	1	y	y
2487	Fleet Master Seahorn	60	60	7	1	y	y
2488	Deeg	34	34	7	1	y	y
2489	Milstaff Stormeye	45	45	7	1	f	r
2490	First Mate Crazz	44	44	7	1	y	y
2491	Whiskey Slim	38	38	7	1	y	y
2492	Lexington Mortaim	35	35	7	1	r	f
2493	Dizzy One-Eye	41	41	7	1	y	y
2494	Privateer Bloads	40	40	7	1	y	y
2495	Drizzlik	45	45	7	1	y	y
2496	Baron Revilgaz	60	60	7	1	y	y
2497	Nimboya	41	41	7	1	r	f
2498	Crank Fizzlebub	34	34	7	1	y	y
2499	Markel Smythe	38	38	7	1	y	y
2500	Captain Hecklebury Smotts	37	37	7	1	y	y
2501	"Sea Wolf" MacKinley	44	44	7	1	y	y
2502	"Shaky" Phillipe	44	44	7	1	y	y
2503	Hillsbrad Foreman	27	28	7	0	f	r
2504	Donyal Tovald	15	15	7	1	f	r
2505	Saltwater Snapjaw	49	50	1	0	y	y
2506	Mountaineer Harn	30	30	7	0	f	r
2507	Mountaineer Uthan	30	30	7	0	f	r
2508	Mountaineer Wuar	30	30	7	0	f	r
2509	Mountaineer Cragg	30	30	7	0	f	r
2510	Mountaineer Ozmok	30	30	7	0	f	r
2511	Mountaineer Bludd	30	30	7	0	f	r
2512	Mountaineer Roghan	30	30	7	0	f	r
2513	Mountaineer Janha	30	30	7	0	f	r
2514	Mountaineer Modax	30	30	7	0	f	r
2515	Mountaineer Fazgard	30	30	7	0	f	r
2516	Mountaineer Kamdar	30	30	7	0	f	r
2517	Mountaineer Langarr	30	30	7	0	f	r
2518	Mountaineer Swarth	30	30	7	0	f	r
2519	Kin'weelay	39	39	7	1	r	f
2520	Remote-Controlled Golem	18	18	9	0	r	r
2521	Skymane Gorilla	50	50	1	0	r	r
2522	Jaguero Stalker	50	50	1	0	r	r
2523	Searing Totem	19	19	11	0	f	f
2524	Mountaineer Haggis	30	30	7	0	f	r
2525	Mountaineer Barn	30	30	7	0	f	r
2526	Mountaineer Morlic	30	30	7	0	f	r
2527	Mountaineer Angst	30	30	7	0	f	r
2528	Mountaineer Haggil	30	30	7	0	f	r
2529	Son of Arugal	24	25	7	0	r	r
2530	Yenniku	41	41	7	0	r	r
2531	Minion of Morganth	30	30	6	0	r	f
2532	Donna	1	1	7	1	f	r
2533	William	1	1	7	1	f	r
2534	Zanzil the Outcast	46	46	7	0	r	r
2535	Maury "Club Foot" Wilkins	43	44	6	0	r	r
2536	Jon-Jon the Crow	43	44	6	0	r	r
2537	Chucky "Ten Thumbs"	43	44	6	0	r	r
2540	Dalaran Serpent	14	15	10	0	f	r
2541	Lord Sakrasis	45	45	7	0	r	r
2542	Catelyn the Blade	50	50	7	1	y	y
2543	Archmage Ansirem Runeweaver	40	40	7	1	f	r
2544	Southern Sand Crawler	40	41	1	0	y	y
2545	"Pretty Boy" Duncan	39	39	7	0	r	r
2546	Fleet Master Firallon	48	48	7	0	r	r
2547	Ironpatch	43	43	7	0	r	r
2548	Captain Keelhaul	47	47	7	0	r	r
2549	Garr Salthoof	43	43	7	0	r	r
2550	Captain Stillwater	46	46	7	0	r	r
2551	Brutus	43	43	4	0	r	r
2552	Witherbark Troll	30	31	7	0	r	r
2553	Witherbark Shadowcaster	31	32	7	0	r	r
2554	Witherbark Axe Thrower	32	33	7	0	r	r
2555	Witherbark Witch Doctor	33	34	7	0	r	r
2556	Witherbark Headhunter	34	35	7	0	r	r
2557	Witherbark Shadow Hunter	35	36	7	0	r	r
2558	Witherbark Berserker	36	37	7	0	r	r
2559	Highland Strider	30	31	1	0	r	r
2560	Highland Thrasher	33	34	1	0	r	r
2561	Highland Fleshstalker	36	37	1	0	r	r
2562	Boulderfist Ogre	32	33	7	0	r	r
2563	Plains Creeper	32	33	1	0	r	r
2564	Boulderfist Enforcer	33	34	7	0	r	r
2565	Giant Plains Creeper	35	36	1	0	r	r
2566	Boulderfist Brute	35	36	7	0	r	r
2567	Boulderfist Magus	36	37	7	0	r	r
2569	Boulderfist Mauler	37	38	7	0	r	r
2570	Boulderfist Shaman	38	39	7	0	r	r
2571	Boulderfist Lord	39	40	7	0	r	r
2572	Drywhisker Kobold	35	36	7	0	r	r
2573	Drywhisker Surveyor	37	38	7	0	r	r
2574	Drywhisker Digger	36	37	7	0	r	r
2575	Dark Iron Supplier	31	32	7	0	r	r
2577	Dark Iron Shadowcaster	31	32	7	0	r	r
2578	Young Mesa Buzzard	31	32	1	0	y	y
2579	Mesa Buzzard	34	35	1	0	y	y
2580	Elder Mesa Buzzard	37	38	1	0	y	y
2581	Dabyrie Militia	31	32	7	0	f	r
2582	Dabyrie Laborer	30	31	7	0	f	r
2583	Stromgarde Troll Hunter	37	38	7	0	f	r
2584	Stromgarde Defender	38	39	7	0	f	r
2585	Stromgarde Vindicator	39	40	7	0	f	r
2586	Syndicate Highwayman	30	31	7	0	r	r
2587	Syndicate Pathstalker	32	33	7	0	r	r
2588	Syndicate Prowler	36	37	7	0	r	r
2589	Syndicate Mercenary	31	32	7	0	r	r
2590	Syndicate Conjuror	35	36	7	0	r	r
2591	Syndicate Magus	37	38	7	0	r	r
2592	Rumbling Exile	38	39	4	0	r	r
2593	Rough Stone Elemental	37	38	4	0	y	y
2594	Sprogger	37	37	7	1	y	y
2595	Daggerspine Raider	38	39	7	0	r	r
2596	Daggerspine Sorceress	39	40	7	0	r	r
2597	Lord Falconcrest	40	40	7	0	r	r
2598	Darbel Montrose	39	39	7	0	r	r
2599	Otto	38	38	7	0	r	r
2600	Singer	34	34	7	0	r	r
2601	Foulbelly	42	42	7	0	r	r
2602	Ruul Onestone	39	39	7	0	r	r
2603	Kovork	36	36	7	0	r	r
2604	Molok the Crusher	39	39	7	0	r	r
2605	Zalas Witherbark	40	40	7	0	r	r
2606	Nimar the Slayer	37	37	7	0	r	r
2607	Prince Galen Trollbane	44	44	7	0	f	r
2608	Commander Amaren	44	44	7	0	f	r
2609	Geomancer Flintdagger	40	40	7	0	r	r
2610	Shakes O'Breen	40	40	7	1	y	y
2611	Fozruk	42	42	5	0	y	y
2612	Lieutenant Valorcall	38	38	7	0	f	r
2614	[UNUSED] Stromgarde Horseman	37	38	7	0	f	r
2615	[UNUSED] Stromgarde Roughrider	37	38	7	0	r	f
2616	Privateer Groy	42	42	7	1	y	y
2617	[UNUSED] Archmage Detrae	41	41	7	0	f	f
2618	Hammerfall Peon	33	34	7	0	r	f
2619	Hammerfall Grunt	34	35	7	0	r	f
2620	Prairie Dog	1	1	8	1	y	y
2621	Hammerfall Guardian	50	50	7	0	r	f
2622	Sly Garrett	46	46	7	1	y	y
2623	Spirit of Old	32	33	6	0	f	r
2624	Gazban	40	40	7	0	f	f
2625	Viznik Goldgrubber	55	55	7	1	y	y
2626	Old Man Heming	43	43	7	1	y	y
2627	Grarnik Goodstitch	34	34	7	1	y	y
2628	Dalaran Worker	33	34	7	0	f	r
2630	Earthbind Totem	13	13	11	0	f	f
2634	Princess Poobah	42	42	7	1	f	f
2635	Elder Saltwater Crocolisk	38	38	1	0	r	r
2636	Blackwater Deckhand	38	39	7	0	y	y
2637	Syndicate Bomb	37	37	10	0	r	r
2638	Syndicate Spectre	35	35	6	0	r	r
2639	Vilebranch Axe Thrower	45	46	7	0	r	r
2640	Vilebranch Witch Doctor	46	47	7	0	r	r
2641	Vilebranch Headhunter	46	47	7	0	r	r
2642	Vilebranch Shadowcaster	47	48	7	0	r	r
2643	Vilebranch Berserker	47	48	7	0	r	r
2644	Vilebranch Hideskinner	48	49	7	0	r	r
2645	Vilebranch Shadow Hunter	48	49	7	0	r	r
2646	Vilebranch Blood Drinker	49	50	7	0	r	r
2647	Vilebranch Soul Eater	49	50	7	0	r	r
2648	Vilebranch Aman'zasi Guard	50	51	7	0	r	r
2649	Witherbark Scalper	40	41	7	0	r	r
2650	Witherbark Zealot	41	42	7	0	r	r
2651	Witherbark Hideskinner	42	43	7	0	r	r
2652	Witherbark Venomblood	43	43	7	0	r	r
2653	Witherbark Sadist	44	45	7	0	r	r
2654	Witherbark Caller	45	46	7	0	r	r
2655	Green Sludge	46	47	10	0	r	r
2656	Jade Ooze	47	48	10	0	r	r
2657	Trained Razorbeak	40	42	1	0	f	r
2658	Razorbeak Gryphon	43	45	1	0	f	r
2659	Razorbeak Skylord	46	48	1	0	f	r
2662	Port Master Szik	42	42	7	0	f	f
2663	Narkk	42	42	7	1	y	y
2664	Kelsey Yance	43	43	7	1	y	y
2665	Proximity Bomb	1	1	10	0	r	r
2667	Ward of Laze	36	37	9	1	r	r
2668	Danielle Zipstitch	27	27	7	1	f	r
2669	Sheri Zipstitch	31	31	7	1	f	r
2670	Xizk Goodstitch	43	43	7	1	y	y
2671	Mechanical Squirrel	15	15	1	1	f	r
2672	Cowardly Crosby	40	40	7	1	f	f
2673	Target Dummy	20	20	9	0	r	f
2674	Advanced Target Dummy	40	40	9	0	f	r
2675	Explosive Sheep	30	30	7	0	r	r
2676	Compact Harvest Reaper	40	41	9	0	r	r
2678	Mechanical Dragonling	47	47	9	0	r	r
2679	Wenna Silkbeard	28	30	7	1	f	r
2680	Vilebranch Wolf Pup	46	47	1	0	r	r
2681	Vilebranch Raiding Wolf	50	51	1	0	r	r
2682	Fradd Swiftgear	24	24	7	1	f	r
2683	Namdo Bizzfizzle	24	24	7	1	f	r
2684	Rizz Loosebolt	31	31	7	1	f	f
2685	Mazk Snipeshot	36	36	7	1	y	y
2686	Witherbark Broodguard	44	45	1	0	r	r
2687	Gnaz Blunderflame	42	42	7	1	f	f
2688	Ruppo Zipcoil	52	52	7	1	f	f
2689	Hill Giant	47	48	5	0	r	r
2690	Hill Giant Warden	48	49	5	0	r	r
2691	Highvale Outrunner	43	44	7	0	f	r
2692	Highvale Scout	44	45	7	0	f	r
2693	Highvale Marksman	45	46	7	0	f	r
2694	Highvale Ranger	46	47	7	0	f	r
2695	Sara Balloo	15	15	7	1	f	r
2696	Foggy MacKreel	30	30	7	1	f	r
2697	Clyde Ranthal	31	31	7	1	f	r
2698	George Candarte	31	31	7	1	r	f
2699	Rikqiz	43	43	7	1	y	y
2700	Captain Nials	41	41	7	1	f	r
2701	Dustbelcher Ogre	38	39	7	0	r	r
2702	Felhunter Trainer	10	10	7	0	f	r
2703	Zengu	40	40	7	1	r	f
2704	Hanashi	50	50	7	1	r	f
2705	Brewmeister Bilger	33	33	7	1	f	r
2706	Tor'gan	40	40	7	1	r	f
2707	Shadra	55	55	1	0	y	y
2708	Archmage Malin	40	40	7	1	f	r
2709	Imp Trainer	10	10	7	0	f	r
2710	Voidwalker Trainer	10	10	7	0	f	r
2711	Phin Odelic	36	36	7	1	f	r
2712	Quae	38	38	7	1	f	r
2713	Kinelory	38	38	7	0	f	y
2714	Forsaken Courier	35	35	7	0	r	f
2715	Dustbelcher Brute	39	40	7	0	r	r
2716	Dustbelcher Wyrmhunter	40	41	7	0	r	r
2717	Dustbelcher Mauler	41	42	7	0	r	r
2718	Dustbelcher Shaman	42	43	7	0	r	r
2719	Dustbelcher Lord	44	45	7	0	r	r
2720	Dustbelcher Ogre Mage	43	44	7	0	r	r
2721	Forsaken Bodyguard	35	35	7	0	r	f
2723	Stone Golem	38	39	4	0	r	r
2725	Scalding Whelp	41	43	2	0	r	r
2726	Scorched Guardian	43	45	2	0	r	r
2727	Crag Coyote	35	36	1	0	r	r
2728	Feral Crag Coyote	37	38	1	0	r	r
2729	Elder Crag Coyote	39	40	1	0	r	r
2730	Rabid Crag Coyote	42	43	1	0	r	r
2731	Ridge Stalker	36	37	1	0	r	r
2732	Ridge Huntress	38	39	1	0	r	r
2733	Apothecary Jorell	36	36	7	0	r	f
2734	Ridge Stalker Patriarch	40	41	1	0	r	r
2735	Lesser Rock Elemental	37	39	4	0	r	r
2736	Greater Rock Elemental	42	44	4	0	r	r
2737	Durtham Greldon	40	40	7	1	f	r
2738	Stromgarde Cavalryman	36	37	7	0	f	r
2739	Shadowforge Tunneler	35	36	7	0	r	r
2740	Shadowforge Darkweaver	36	37	7	0	r	r
2741	Shadowforge Excavator	37	38	7	0	r	r
2742	Shadowforge Chanter	38	39	7	0	r	r
2743	Shadowforge Warrior	38	39	7	0	r	r
2744	Shadowforge Commander	40	40	7	0	r	r
2745	Ambassador Infernus	42	42	4	0	r	r
2746	Stonevault Warden	39	39	5	0	r	r
2748	Archaedas	47	47	5	0	r	r
2749	Siege Golem	40	40	4	0	r	r
2751	War Golem	36	36	4	0	r	r
2752	Rumbler	45	45	4	0	r	r
2753	Barnabus	38	38	1	0	r	r
2754	Anathemus	45	45	5	0	r	r
2755	Myzrael	44	44	4	0	y	y
2756	UNUSED Grund Drokda	1	1	7	0	f	f
2757	Blacklash	50	50	2	0	r	r
2759	Hematus	50	50	2	0	r	r
2760	Burning Exile	38	39	4	0	r	r
2761	Cresting Exile	38	39	4	0	r	r
2762	Thundering Exile	38	39	4	0	r	r
2763	Thenan	42	42	5	0	r	r
2764	Sleeby	40	40	7	0	y	y
2765	Znort	39	39	7	0	y	y
2766	Lolo the Lookout	39	39	7	1	y	y
2767	First Mate Nilzlix	39	39	7	1	y	y
2768	Professor Phizzlethorpe	38	38	7	1	f	f
2769	Captain Steelgut	39	39	7	1	y	y
2770	Tallow	27	27	7	1	r	f
2771	Drum Fel	30	30	7	1	r	f
2772	Korin Fel	35	35	7	1	r	f
2773	Or'Kalar	40	40	7	0	r	r
2774	Doctor Draxlegauge	38	38	7	1	y	y
2775	Daggerspine Marauder	40	41	7	0	r	r
2776	Vengeful Surge	40	40	4	0	r	r
2778	Deckhand Moishe	37	37	7	1	y	y
2779	Prince Nazjak	41	41	7	0	r	r
2780	Caretaker Nevlin	41	41	7	0	f	r
2781	Caretaker Weston	41	41	7	0	f	r
2782	Caretaker Alaric	41	41	7	0	f	r
2783	Marez Cowl	40	40	7	0	r	r
2784	King Magni Bronzebeard	63	63	7	0	f	r
2785	Theldurin the Lost	30	30	7	1	f	f
2786	Gerrig Bonegrip	30	30	7	1	f	r
2787	Zaruk	60	60	7	1	r	f
2788	Apprentice Kryten	30	30	7	1	f	r
2789	Skuerto	36	36	7	1	f	r
2790	Grand Mason Marblesten	44	44	7	1	f	r
2791	Enraged Rock Elemental	42	43	4	0	r	r
2792	Gor'mul	40	40	7	1	r	f
2793	Kor'gresh Coldrage	39	39	7	0	r	r
2794	Summoned Guardian	38	38	4	0	f	y
2795	Lenny "Fingers" McCoy	35	35	7	1	f	r
2796	Faelyssa	35	35	7	1	f	r
2797	Hovrak Gutrender	35	35	7	0	r	f
2798	Pand Stonebinder	35	35	7	1	r	f
2799	Lucian Fenner	35	35	7	1	r	f
2801	Tresa MacGregor	45	45	7	1	f	r
2802	Susan Tillinghast	55	55	7	1	r	f
2803	Malygen	55	55	7	1	f	r
2804	Kurden Bloodclaw	61	61	7	0	r	f
2805	Deneb Walker	45	45	7	1	f	r
2806	Bale	55	55	7	1	r	f
2807	Daggerspine Wavecaller	28	28	7	0	r	r
2808	Vikki Lonsav	36	36	7	1	f	r
2809	Boar	1	1	1	0	r	r
2810	Hammon Karwn	35	35	7	1	f	r
2812	Drovnar Strongbrew	38	40	7	1	f	r
2813	[UNUSED] Thurgas	62	62	7	0	f	f
2814	Narj Deepslice	39	39	7	1	f	r
2815	[UNUSED] Teresa Shore	60	60	7	0	f	f
2816	Androd Fadran	37	37	7	1	f	r
2817	Rigglefuzz	37	37	7	1	y	y
2818	Slagg	38	38	7	1	r	f
2819	Tunkk	34	34	7	1	r	f
2820	Graud	31	31	7	1	r	f
2821	Keena	33	33	7	1	r	f
2829	Starving Buzzard	35	37	1	0	r	r
2830	Buzzard	37	39	1	0	r	r
2831	Giant Buzzard	39	41	1	0	r	r
2832	Nixxrax Fillamug	38	38	7	1	y	y
2833	DEBUG - Gossip Gryphon Master	55	55	7	0	y	y
2834	Myizz Luckycatch	43	43	7	1	y	y
2835	Cedrik Prose	55	55	7	1	f	r
2836	Brikk Keencraft	54	54	7	1	y	y
2837	Jaxin Chong	46	46	7	1	y	y
2838	Crazk Sparks	46	46	7	1	y	y
2839	Haren Kanmae	41	41	7	1	y	y
2840	Kizz Bluntstrike	42	42	7	1	y	y
2842	Wigcik	43	43	7	1	y	y
2843	Jutak	43	43	7	1	y	y
2844	Hurklor	46	46	7	1	y	y
2845	Fargon Mortalak	42	42	7	1	y	y
2846	Blixrez Goodstitch	43	43	7	1	y	y
2847	Jansen Underwood	49	49	7	1	y	y
2848	Glyx Brewright	45	45	8	1	y	y
2849	Qixdi Goodstitch	44	44	7	1	y	y
2850	Broken Tooth	37	37	1	0	r	r
2851	Urda	55	55	7	1	r	f
2852	Enslaved Druid of the Talon	10	10	7	1	f	f
2853	Freed Druid of the Talon	10	10	7	1	f	f
2855	Snang	24	24	7	1	r	f
2856	Angrun	40	40	7	1	r	f
2857	Thund	23	23	7	1	r	f
2858	Gringer	55	55	7	1	r	f
2859	Gyll	55	55	7	1	f	r
2860	Sigrun Ironhew	40	40	7	1	f	r
2861	Gorrik	55	55	7	1	r	f
2862	Warrior 21	21	21	2	0	y	y
2863	Warrior 22	22	22	2	0	y	y
2864	Warrior 23	23	23	2	0	y	y
2865	Warrior 24	24	24	2	0	y	y
2866	Warrior 26	26	26	2	0	y	y
2867	Warrior 27	27	27	2	0	y	y
2868	Warrior 28	28	28	2	0	y	y
2869	Warrior 29	29	29	2	0	y	y
2870	[UNUSED] Henria Derth	21	21	7	1	f	r
2871	[PH] Tallstrider Trainer	50	50	7	0	f	f
2872	[UNUSED] Whaldak Darbenk	50	50	7	0	f	r
2873	[PH] Raptor Trainer	50	50	7	0	f	f
2874	[PH] Horse Trainer	50	50	7	0	f	f
2875	[PH] Gorilla Trainer	50	50	7	0	f	f
2876	Grunenstur Balindom	50	50	7	1	f	r
2877	[PH] Crawler Trainer	50	50	7	0	f	f
2878	Peria Lamenur	40	40	7	1	f	r
2879	Karrina Mekenda	40	40	7	1	f	r
2880	[UNUSED] Hurom Juggendolf	50	50	7	1	f	r
2881	[UNUSED] Durdek Karrin	50	50	7	1	f	r
2883	[UNUSED] [PH] Monster Slayer Trainer	8	12	7	0	f	r
2885	[UNUSED] [PH] Magic Skills Trainer	8	12	7	0	f	r
2886	Ranged Skills Trainer	8	12	7	0	f	r
2887	Prismatic Exile	42	43	4	0	r	r
2888	Garek	50	50	7	1	f	f
2889	Stonevault Trogg	35	36	7	0	r	r
2890	Stonevault Scout	36	37	7	0	r	r
2891	Stonevault Skullthumper	37	38	7	0	r	r
2892	Stonevault Seer	39	40	7	0	r	r
2893	Stonevault Bonesnapper	39	40	7	0	r	r
2894	Stonevault Shaman	40	41	7	0	r	r
2896	[PH] Alliance Magic Skills Trainer	45	45	7	0	f	r
2899	[PH] Alliance Toughness/Resist Trainer	45	45	7	0	f	r
2906	Dustbelcher Warrior	35	37	7	0	r	r
2907	Dustbelcher Mystic	36	37	7	0	r	r
2908	Grawl	44	44	7	1	r	f
2909	Hammertoe Grez	40	40	7	1	f	r
2910	Prospector Ryedol	35	35	7	1	f	r
2911	Archaeologist Flagongut	44	44	7	1	f	r
2912	Chief Archaeologist Greywhisker	40	40	7	1	f	r
2913	Archaeologist Hollee	12	12	7	1	f	r
2914	Snake	1	1	8	0	y	y
2915	Hammertoe's Spirit	40	40	7	0	f	f
2916	Historian Karnik	20	20	7	1	f	r
2917	Prospector Remtravel	16	16	7	1	f	r
2918	Advisor Belgrum	40	40	7	1	f	r
2919	Fam'retor Guardian	45	45	4	0	r	r
2920	Lucien Tosselwrench	31	31	7	1	f	f
2921	Lotwil Veriatus	36	36	7	1	f	f
2922	Servo	5	5	9	0	f	f
2923	Mangy Silvermane	41	42	1	0	r	r
2924	Silvermane Wolf	43	44	1	0	r	r
2925	Silvermane Howler	45	46	1	0	r	r
2926	Silvermane Stalker	47	48	1	0	r	r
2927	Vicious Owlbeast	42	43	7	0	r	r
2928	Primitive Owlbeast	44	45	7	0	r	r
2929	Savage Owlbeast	46	47	7	0	r	r
2930	Sentinel Glynda Nal'Shea	45	45	7	0	f	r
2931	Zaricotl	55	55	1	0	r	r
2932	Magregan Deepshadow	38	38	7	0	r	r
2934	Keeper Bel'dugur	42	42	7	1	r	f
2935	[PH] Demon Master	50	50	3	0	f	f
2937	Dagun the Ravenous	43	43	7	0	r	r
2938	Aldric Hunter	50	50	7	0	f	r
2939	Jackson Bayne	1	1	7	0	f	f
2940	[UNUSED] Frank Ward	50	50	7	0	f	r
2941	Lanie Reed	55	55	7	1	f	r
2942	Dylan Bissel	50	50	7	0	f	r
2943	Ransin Donner	35	35	7	1	f	r
2944	Boss Tho'grun	41	42	7	0	r	r
2945	Murdaloc	42	42	7	0	r	r
2946	Puppet of Helcular	42	42	6	0	r	f
2947	Harken Windtotem	21	21	7	1	r	f
2948	Mull Thunderhorn	25	25	7	1	r	f
2949	Palemane Tanner	5	6	7	0	r	r
2950	Palemane Skinner	6	7	7	0	r	r
2951	Palemane Poacher	7	8	7	0	r	r
2952	Bristleback Quilboar	3	4	7	0	r	r
2953	Bristleback Shaman	3	4	7	0	r	r
2954	Bristleback Battleboar	4	5	1	0	r	r
2955	Plainstrider	1	2	1	0	y	y
2956	Adult Plainstrider	6	7	1	0	y	y
2957	Elder Plainstrider	8	9	1	0	y	y
2958	Prairie Wolf	5	6	1	0	r	r
2959	Prairie Stalker	7	8	1	0	r	r
2960	Prairie Wolf Alpha	9	10	1	0	r	r
2961	Mountain Cougar	3	3	1	0	y	y
2962	Windfury Harpy	7	8	7	0	r	r
2963	Windfury Wind Witch	8	9	7	0	r	r
2964	Windfury Sorceress	9	10	7	0	r	r
2965	Windfury Matriarch	10	11	7	0	r	r
2966	Battleboar	3	4	1	0	r	r
2967	Galak Centaur	8	9	7	0	r	r
2968	Galak Outrunner	9	10	7	0	r	r
2969	Wiry Swoop	5	7	1	0	r	r
2970	Swoop	7	9	1	0	r	r
2971	Taloned Swoop	8	10	1	0	r	r
2972	Kodo Calf	7	8	1	1	y	y
2973	Kodo Bull	10	11	1	1	y	y
2974	Kodo Matriarch	11	12	1	0	y	y
2975	Venture Co. Hireling	5	6	7	0	r	r
2976	Venture Co. Laborer	6	7	7	0	r	r
2977	Venture Co. Taskmaster	7	8	7	0	r	r
2978	Venture Co. Worker	8	9	7	0	r	r
2979	Venture Co. Supervisor	9	10	7	0	r	r
2980	Grull Hawkwind	4	4	7	1	r	f
2981	Chief Hawkwind	36	36	7	1	r	f
2982	Seer Graytongue	8	8	7	1	r	f
2983	The Plains Vision	7	7	1	1	f	f
2984	Seer Wiserunner	11	11	7	1	r	f
2985	Ruul Eagletalon	9	9	7	1	r	f
2986	Dorn Plainstalker	29	29	7	1	r	f
2987	Eyahn Eagletalon	12	12	7	1	r	f
2988	Morin Cloudstalker	10	10	7	1	r	f
2989	Bael'dun Digger	7	8	7	0	f	r
2990	Bael'dun Appraiser	8	9	7	0	f	r
2991	Greatmother Hawkwind	9	9	7	1	r	f
2992	Healing Ward V	28	38	10	0	r	r
2993	Baine Bloodhoof	10	10	7	1	r	f
2994	Ancestral Spirit	9	9	7	1	r	f
2995	Tal	55	55	7	1	r	f
2996	Torn	45	45	7	1	r	f
2997	Jyn Stonehoof	30	30	7	1	r	f
2998	Karn Stonehoof	35	35	7	1	r	f
2999	Taur Stonehoof	30	30	7	1	r	f
3000	Gibbert	45	45	7	1	f	f
3001	Brek Stonehoof	35	35	7	1	r	f
3002	Kurm Stonehoof	40	40	7	1	r	f
3003	Fyr Mistrunner	30	30	7	1	r	f
3004	Tepa	35	35	7	1	r	f
3005	Mahu	30	30	7	1	r	f
3007	Una	46	46	7	1	r	f
3008	Mak	24	24	7	1	r	f
3009	Bena Winterhoof	35	35	7	1	r	f
3010	Mani Winterhoof	30	30	7	1	r	f
3011	Teg Dawnstrider	35	35	7	1	r	f
3012	Nata Dawnstrider	30	30	7	1	r	f
3013	Komin Winterhoof	35	35	7	1	r	f
3014	Nida Winterhoof	30	30	7	1	r	f
3015	Kuna Thunderhorn	30	30	7	1	r	f
3016	Tand	30	30	7	1	r	f
3017	Nan Mistrunner	30	30	7	1	r	f
3018	Hogor Thunderhoof	30	30	7	1	r	f
3019	Delgo Ragetotem	30	30	7	1	r	f
3020	Etu Ragetotem	30	30	7	1	r	f
3021	Kard Ragetotem	30	30	7	1	r	f
3022	Sunn Ragetotem	30	30	7	1	r	f
3023	Sura Wildmane	30	30	7	1	r	f
3024	Tah Winterhoof	30	30	7	1	r	f
3025	Kaga Mistrunner	30	30	7	1	r	f
3026	Aska Mistrunner	45	45	7	1	r	f
3027	Naal Mistrunner	40	40	7	1	r	f
3028	Kah Mistrunner	45	45	7	1	r	f
3029	Sewa Mistrunner	40	40	7	1	r	f
3030	Siln Skychaser	50	50	7	1	r	f
3031	Tigor Skychaser	40	40	7	1	r	f
3032	Beram Skychaser	60	60	7	1	r	f
3033	Turak Runetotem	50	50	7	1	r	f
3034	Sheal Runetotem	60	60	7	1	r	f
3035	Flatland Cougar	7	8	1	0	r	r
3036	Kym Wildmane	40	40	7	1	r	f
3037	Sheza Wildmane	30	30	7	1	r	f
3038	Kary Thunderhorn	50	50	7	1	r	f
3039	Holt Thunderhorn	60	60	7	1	r	f
3040	Urek Thunderhorn	40	40	7	1	r	f
3041	Torm Ragetotem	50	50	7	1	r	f
3042	Sark Ragetotem	60	60	7	1	r	f
3043	Ker Ragetotem	40	40	7	1	r	f
3044	Miles Welsh	40	40	7	1	r	f
3045	Malakai Cross	50	50	7	1	r	f
3046	Father Cobb	60	60	7	1	r	f
3047	Archmage Shymm	60	60	7	1	r	f
3048	Ursyn Ghull	40	40	7	1	r	f
3049	Thurston Xane	50	50	7	1	r	f
3050	Veren Tallstrider	21	21	7	1	r	f
3051	Supervisor Fizsprocket	12	12	7	0	r	r
3052	Skorn Whitecloud	21	21	7	1	r	f
3053	Synge	30	30	7	1	f	f
3054	Zarlman Two-Moons	7	7	7	1	r	f
3055	Maur Raincaller	10	10	7	1	r	f
3056	Ghost Howl	12	12	1	0	r	r
3057	Cairne Bloodhoof	63	63	7	0	r	f
3058	Arra'chea	11	11	1	0	y	y
3059	Harutt Thunderhorn	10	10	7	1	r	f
3060	Gart Mistrunner	9	9	7	1	r	f
3061	Lanka Farshot	11	11	7	1	r	f
3062	Meela Dawnstrider	10	10	7	1	r	f
3063	Krang Stonehoof	14	14	7	1	r	f
3064	Gennia Runetotem	12	12	7	1	r	f
3065	Yaw Sharpmane	11	11	7	1	r	f
3066	Narm Skychaser	13	13	7	1	r	f
3067	Pyall Silentstride	12	12	7	1	r	f
3068	Mazzranache	9	9	1	0	r	r
3069	Chaw Stronghide	23	23	7	1	r	f
3070	[UNUSED] [PH] Mulgore Alchemy Trainer	11	11	7	0	r	f
3071	[UNUSED] [PH] Mulgore Herbalism Trainer	10	10	7	0	r	f
3072	Kawnie Softbreeze	8	8	7	1	r	f
3073	Marjak Keenblade	9	9	7	1	r	f
3074	Varia Hardhide	7	7	7	1	r	f
3075	Bronk Steelrage	10	10	7	1	r	f
3076	Moorat Longstride	12	12	7	1	r	f
3077	Mahnott Roughwound	11	11	7	1	r	f
3078	Kennah Hawkseye	10	10	7	1	r	f
3079	Varg Windwhisper	14	14	7	1	r	f
3080	Harant Ironbrace	13	13	7	1	r	f
3081	Wunna Darkmane	10	10	7	1	r	f
3082	[UNUSED] Narache Guard	25	30	7	0	r	f
3083	Honor Guard	60	60	7	0	r	f
3084	Bluffwatcher	55	55	7	0	r	f
3085	Gloria Femmel	20	20	7	1	f	r
3086	Gretchen Vogel	20	20	7	1	f	r
3087	Crystal Boughman	22	22	7	1	f	r
3088	Henry Chapal	25	25	7	1	f	r
3089	Sherman Femmel	21	21	7	1	f	r
3090	Gerald Crawley	25	25	7	1	f	r
3091	Franklin Hamar	26	26	7	1	f	r
3092	Tagain	30	30	7	1	r	f
3093	Grod	30	30	7	1	r	f
3094	Unseen	49	51	6	0	y	y
3095	Fela	30	30	7	1	r	f
3096	Captured Servant of Azora	22	22	7	1	f	f
3097	Bernard Brubaker	20	20	7	1	f	r
3098	Mottled Boar	1	2	1	0	y	y
3099	Dire Mottled Boar	6	7	1	0	y	y
3100	Elder Mottled Boar	8	9	1	0	y	y
3101	Vile Familiar	3	4	7	0	r	r
3102	Felstalker	3	4	3	0	r	r
3103	Makrura Clacker	6	7	7	0	r	r
3104	Makrura Shellhide	6	7	7	0	r	r
3105	Makrura Snapclaw	8	9	7	0	r	r
3106	Pygmy Surf Crawler	5	6	1	0	y	y
3107	Surf Crawler	7	8	1	0	y	y
3108	Encrusted Surf Crawler	9	10	1	0	y	y
3110	Dreadmaw Crocolisk	9	11	1	0	r	r
3111	Razormane Quilboar	6	7	7	0	r	r
3112	Razormane Scout	7	8	7	0	r	r
3113	Razormane Dustrunner	8	9	7	0	r	r
3114	Razormane Battleguard	9	10	7	0	r	r
3115	Dustwind Harpy	7	8	7	0	r	r
3116	Dustwind Pillager	7	8	7	0	r	r
3117	Dustwind Savage	9	10	7	0	r	r
3118	Dustwind Storm Witch	10	11	7	0	r	r
3119	Kolkar Drudge	6	7	7	0	r	r
3120	Kolkar Outrunner	7	8	7	0	r	r
3121	Durotar Tiger	7	8	1	0	r	r
3122	Bloodtalon Taillasher	6	8	1	0	r	r
3123	Bloodtalon Scythemaw	8	10	1	0	r	r
3124	Scorpid Worker	3	3	1	0	y	y
3125	Clattering Scorpid	5	6	1	0	r	r
3126	Armored Scorpid	7	8	1	0	r	r
3127	Venomtail Scorpid	9	10	1	0	r	r
3128	Kul Tiras Sailor	5	6	7	0	f	r
3129	Kul Tiras Marine	6	7	7	0	f	r
3130	Thunder Lizard	9	10	1	0	r	r
3131	Lightning Hide	10	11	1	0	r	r
3133	Herble Baubbletump	30	30	7	1	f	r
3134	Kzixx	25	25	7	1	y	y
3135	Malissa	24	24	7	1	f	r
3136	Clarise Gnarltree	31	31	7	1	f	r
3137	Matt Johnson	20	20	7	1	f	r
3138	Scott Carevin	25	25	7	1	f	r
3139	Gar'Thok	10	10	7	1	r	f
3140	Lar Prowltusk	7	7	7	1	r	f
3141	Makrura Elder	8	9	7	0	r	r
3142	Orgnil Soulscar	18	18	7	1	r	f
3143	Gornek	5	5	7	1	r	f
3144	Eitrigg	20	20	7	1	r	f
3145	Zureetha Fargaze	12	12	7	1	r	f
3146	Gurek	45	45	7	0	f	f
3147	Furl Scornbrow	6	6	7	1	r	f
3148	[UNUSED] Torc the Orc	60	60	7	0	r	f
3149	Nez'raz	45	45	7	1	r	f
3150	Hin Denburg	45	45	7	1	r	f
3151	Captain Obvious	60	60	7	0	f	f
3152	Cap'n Copyright	40	40	7	0	f	f
3153	Frang	11	11	7	1	r	f
3154	Jen'shan	8	8	7	1	r	f
3155	Rwag	8	8	7	1	r	f
3156	Nartok	9	9	7	1	r	f
3157	Shikrik	10	10	7	1	r	f
3158	Duokna	10	10	7	1	r	f
3159	Kzan Thornslash	34	34	7	1	r	f
3160	Huklah	11	11	7	1	r	f
3161	Rarc	10	10	7	1	r	f
3162	Burdrak Harglhelm	12	12	7	1	f	r
3163	Uhgar	15	15	7	1	r	f
3164	Jark	14	14	7	1	r	f
3165	Ghrawt	13	13	7	1	r	f
3166	Cutac	14	14	7	1	r	f
3167	Wuark	16	16	7	1	r	f
3168	Flakk	15	15	7	1	r	f
3169	Tarshaw Jaggedscar	43	43	7	1	r	f
3170	Kaplak	14	14	7	1	r	f
3171	Thotar	16	16	7	1	r	f
3172	Dhugru Gorelust	37	37	7	1	r	f
3173	Swart	15	15	7	1	r	f
3174	Dwukk	27	27	7	1	r	f
3175	Krunn	16	16	7	1	r	f
3176	[UNUSED] [PH] Durotar Engineering Trainer	16	16	7	0	r	f
3177	Turuk Amberstill	10	10	7	1	f	r
3178	Stuart Fleming	25	25	7	1	f	r
3179	Harold Riggs	25	25	7	1	f	r
3180	Dark Iron Entrepreneur	31	31	7	1	f	f
3181	Fremal Doohickey	30	30	7	1	f	r
3182	Junder Brokk	20	20	7	1	f	r
3183	Yarrog Baneshadow	5	5	7	0	r	r
3184	Miao'zan	25	25	7	1	r	f
3185	Mishiki	14	14	7	1	r	f
3186	K'waii	11	11	7	1	r	f
3187	Tai'tasi	12	12	7	1	r	f
3188	Master Gadrin	12	12	7	1	r	f
3189	Kor'ghan	7	7	7	1	r	f
3190	Rhinag	8	8	7	1	r	f
3191	Cook Torka	6	6	7	1	r	f
3192	Lieutenant Benedict	8	8	7	0	f	r
3193	Misha Tor'kren	5	5	7	1	r	f
3194	Vel'rin Fang	7	7	7	1	r	f
3195	Burning Blade Thug	8	9	7	0	r	r
3196	Burning Blade Neophyte	9	10	7	0	r	r
3197	Burning Blade Fanatic	9	10	7	0	r	r
3198	Burning Blade Apprentice	10	11	7	0	r	r
3199	Burning Blade Cultist	10	11	7	0	r	r
3200	Eric's AAA Special Vendor	1	1	7	0	f	f
3201	SM Test Mob	62	62	7	0	f	f
3202	[UNUSED] Josh Test	35	35	7	0	f	r
3203	Fizzle Darkstorm	12	12	7	0	r	r
3204	Gazz'uz	14	14	7	0	r	r
3205	Zalazane	10	10	7	0	r	r
3206	Voodoo Troll	8	9	7	0	r	r
3207	Hexed Troll	8	9	7	0	r	r
3208	Margoz	18	18	7	1	r	f
3209	Brave Windfeather	13	13	7	0	r	f
3210	Brave Proudsnout	55	55	7	0	r	f
3211	Brave Lightninghorn	55	55	7	0	r	f
3212	Brave Ironhorn	14	14	7	0	r	f
3213	Brave Running Wolf	55	55	7	0	r	f
3214	Brave Greathoof	55	55	7	0	r	f
3215	Brave Strongbash	14	14	7	0	r	f
3216	Neeru Fireblade	37	37	7	1	r	f
3217	Brave Dawneagle	14	14	7	0	r	f
3218	Brave Swiftwind	14	14	7	0	r	f
3219	Brave Leaping Deer	14	14	7	0	r	f
3220	Brave Darksky	14	14	7	0	r	f
3221	Brave Rockhorn	14	14	7	0	r	f
3222	Brave Wildrunner	14	14	7	0	r	f
3223	Brave Rainchaser	14	14	7	0	r	f
3224	Brave Cloudmane	14	14	7	0	r	f
3225	Corrupted Mottled Boar	10	11	1	0	r	r
3226	Corrupted Scorpid	10	11	1	0	r	r
3227	Corrupted Bloodtalon Scythemaw	10	11	1	0	r	r
3228	Corrupted Surf Crawler	10	11	1	0	r	r
3229	"Squealer" Thornmantle	5	5	7	0	r	r
3230	Nazgrel	62	62	7	1	r	f
3231	Corrupted Dreadmaw Crocolisk	11	12	1	0	r	r
3232	Bristleback Interloper	9	10	7	0	r	r
3233	Lorekeeper Raintotem	8	8	7	1	r	f
3234	Lost Barrens Kodo	14	15	1	0	y	y
3235	Greater Barrens Kodo	24	25	1	0	y	y
3236	Barrens Kodo	19	20	1	0	y	y
3237	Wooly Kodo	25	26	1	0	y	y
3238	Stormhide	22	23	1	0	r	r
3239	Thunderhead	20	21	1	0	r	r
3240	Stormsnout	18	19	1	0	r	r
3241	Savannah Patriarch	15	16	1	0	r	r
3242	Zhevra Runner	13	14	1	0	y	y
3243	Savannah Highmane	12	13	1	0	r	r
3244	Greater Plainstrider	11	12	1	0	y	y
3245	Ornery Plainstrider	16	17	1	0	r	r
3246	Fleeting Plainstrider	12	13	1	0	y	y
3247	Thunderhawk Hatchling	18	20	1	0	r	r
3248	Barrens Giraffe	15	16	1	0	y	y
3249	Greater Thunderhawk	23	24	1	0	r	r
3250	Silithid Creeper	20	21	1	0	r	r
3251	Silithid Grub	20	20	1	0	r	r
3252	Silithid Swarmer	21	22	1	0	r	r
3253	Silithid Harvester	24	24	10	0	r	r
3254	Sunscale Lashtail	11	13	1	0	r	r
3255	Sunscale Screecher	13	15	1	0	r	r
3256	Sunscale Scytheclaw	16	18	1	0	r	r
3257	Ishamuhale	19	19	1	0	r	r
3258	Bristleback Hunter	17	18	7	0	r	r
3259	Bristleback Defender	20	21	7	0	r	r
3260	Bristleback Water Seeker	16	17	7	0	r	r
3261	Bristleback Thornweaver	18	19	7	0	r	r
3262	Bristleback Mystic	21	22	7	0	r	r
3263	Bristleback Geomancer	19	20	7	0	r	r
3265	Razormane Hunter	11	12	7	0	r	r
3266	Razormane Defender	12	13	7	0	r	r
3267	Razormane Water Seeker	10	11	7	0	r	r
3268	Razormane Thornweaver	10	11	7	0	r	r
3269	Razormane Geomancer	12	13	7	0	r	r
3270	Elder Mystic Razorsnout	15	15	7	0	r	r
3271	Razormane Mystic	13	14	7	0	r	r
3272	Kolkar Wrangler	12	13	7	0	r	r
3273	Kolkar Stormer	13	14	7	0	r	r
3274	Kolkar Pack Runner	14	15	7	0	r	r
3275	Kolkar Marauder	15	16	7	0	r	r
3276	Witchwing Harpy	14	15	7	0	r	r
3277	Witchwing Roguefeather	15	16	7	0	r	r
3278	Witchwing Slayer	16	17	7	0	r	r
3279	Witchwing Ambusher	17	18	7	0	r	r
3280	Witchwing Windcaller	17	18	7	0	r	r
3281	Sarkoth	4	4	1	0	r	r
3282	Venture Co. Mercenary	15	16	7	0	r	r
3283	Venture Co. Enforcer	16	17	7	0	r	r
3284	Venture Co. Drudger	14	15	7	0	r	r
3285	Venture Co. Peon	13	14	7	0	r	r
3286	Venture Co. Overseer	17	18	7	0	r	r
3287	Hana'zua	2	2	7	1	r	f
3289	Spirit of Minshina	11	11	7	0	f	f
3290	Deek Fizzlebizz	27	27	7	1	f	r
3291	Greishan Ironstove	24	24	7	1	f	r
3292	Brewmaster Drohn	9	9	7	1	r	f
3293	Rezlak	5	5	7	1	y	y
3294	Ophek	10	10	7	1	r	f
3295	Sludge Beast	19	19	10	0	r	r
3296	Orgrimmar Grunt	55	55	7	0	r	f
3297	Sen'jin Watcher	25	30	7	0	r	f
3298	Gabrielle Chase	53	53	7	1	f	r
3299	[UNUSED] Antione LeMarca	20	20	7	0	f	r
3300	Adder	1	1	8	0	y	y
3301	Morgan Ladimore	35	35	6	1	f	f
3302	[UNUSED] Korl	35	35	7	0	f	f
3303	[UNUSED] Marna	35	35	7	0	f	f
3304	Master Vornal	11	11	7	1	r	f
3305	Grisha	55	55	7	1	r	f
3306	Keldas	40	40	7	1	f	r
3307	[UNUSED] Orgrun Blacktusk	35	35	7	0	f	f
3309	Karus	45	45	7	1	r	f
3310	Doras	55	55	7	1	r	f
3312	Olvia	50	50	7	1	r	f
3313	Trak'gen	30	30	7	1	r	f
3314	Urtharo	30	30	7	1	r	f
3315	Tor'phan	30	30	7	1	r	f
3316	Handor	30	30	7	1	r	f
3317	Ollanus	30	30	7	1	r	f
3318	Koma	45	45	7	1	r	f
3319	Sana	30	30	7	1	r	f
3320	Soran	45	45	7	1	r	f
3321	Morgum	30	30	7	1	r	f
3322	Kaja	30	30	7	1	r	f
3323	Horthus	30	30	7	1	r	f
3324	Grol'dar	50	50	7	1	r	f
3325	Mirket	50	50	7	1	r	f
3326	Zevrost	50	50	7	1	r	f
3327	Gest	40	40	7	1	r	f
3328	Ormok	50	50	7	1	r	f
3329	Kor'jus	30	30	7	1	r	f
3330	Muragus	30	30	7	1	r	f
3331	Kareth	30	30	7	1	r	f
3332	Lumak	35	35	7	1	r	f
3333	Shankys	30	30	7	1	r	f
3334	Rekkul	30	30	7	1	r	f
3335	Hagrus	30	30	7	1	r	f
3336	Takrin Pathseeker	30	30	7	1	r	f
3337	Kargal Battlescar	15	15	7	1	r	f
3338	Sergra Darkthorn	60	60	7	0	r	f
3339	Captain Thalo'thas Brightsun	25	25	7	1	y	y
3341	Gann Stonespire	18	18	7	1	r	f
3342	Shan'ti	35	35	7	1	r	f
3343	Grelkor	55	55	7	1	r	f
3344	Kardris Dreamseeker	60	60	7	1	r	f
3345	Godan	35	35	7	1	r	f
3346	Kithas	35	35	7	1	r	f
3347	Yelmak	35	35	7	1	r	f
3348	Kor'geld	30	30	7	1	r	f
3349	Ukra'nor	30	30	7	1	r	f
3350	Asoran	30	30	7	1	r	f
3351	Magenius	30	30	7	1	r	f
3352	Ormak Grimshot	60	60	7	1	r	f
3353	Grezz Ragefist	60	60	7	1	r	f
3354	Sorek	50	50	7	1	r	f
3355	Saru Steelfury	45	45	7	1	r	f
3356	Sumi	30	30	7	1	r	f
3357	Makaru	35	35	7	1	r	f
3358	Gorina	30	30	7	1	r	f
3359	Kiro	30	30	7	1	r	f
3360	Koru	30	30	7	1	r	f
3361	Shoma	30	30	7	1	r	f
3362	Ogunaro Wolfrunner	45	45	7	1	r	f
3363	Magar	35	35	7	1	r	f
3364	Borya	30	30	7	1	r	f
3365	Karolek	35	35	7	1	r	f
3366	Tamar	30	30	7	1	r	f
3367	Felika	30	30	7	1	r	f
3368	Borstan	30	30	7	1	r	f
3369	Gotri	30	30	7	1	r	f
3370	Urtrun Clanbringer	45	45	7	1	r	f
3371	Tamaro	30	30	7	1	r	f
3372	Sarlek	30	30	7	1	r	f
3373	Arnok	35	35	7	1	r	f
3374	Bael'dun Excavator	21	22	7	0	f	r
3375	Bael'dun Foreman	22	23	7	0	f	r
3376	Bael'dun Soldier	23	24	7	0	f	r
3377	Bael'dun Rifleman	24	25	7	0	f	r
3378	Bael'dun Officer	26	26	7	0	f	r
3379	Burning Blade Bruiser	10	11	7	0	r	r
3380	Burning Blade Acolyte	11	12	7	0	r	r
3381	Southsea Brigand	12	13	7	0	r	r
3382	Southsea Cannoneer	13	14	7	0	r	r
3383	Southsea Cutthroat	14	15	7	0	r	r
3384	Southsea Privateer	14	15	7	0	r	r
3385	Theramore Marine	15	16	7	0	f	r
3386	Theramore Preserver	16	17	7	0	f	r
3387	Jorn Skyseer	32	32	7	1	r	f
3388	Mahren Skyseer	32	32	7	1	f	f
3389	Regthar Deathgate	28	28	7	1	r	f
3390	Apothecary Helbrim	22	22	7	1	r	f
3391	Gazlowe	60	60	7	1	y	y
3392	Prospector Khazgorm	24	24	7	0	f	r
3393	Captain Fairmount	20	20	7	0	f	r
3394	Barak Kodobane	16	16	7	0	r	r
3395	Verog the Dervish	18	18	7	0	r	r
3396	Hezrul Bloodmark	19	19	7	0	r	r
3397	Kolkar Bloodcharger	14	15	7	0	r	r
3398	Gesharahan	20	20	10	0	r	r
3399	Zamja	35	35	7	1	r	f
3400	Xen'to	30	30	7	1	r	f
3401	Shenthul	60	60	7	1	r	f
3402	Zando'zan	35	35	7	1	r	f
3403	Sian'tsu	40	40	7	1	r	f
3404	Jandi	35	35	7	1	r	f
3405	Zeal'aya	30	30	7	1	r	f
3406	Xor'juul	50	50	7	1	r	f
3407	Sian'dur	40	40	7	1	r	f
3408	Zel'mak	40	40	7	1	r	f
3409	Zendo'jian	30	30	7	1	r	f
3410	Jin'sora	30	30	7	1	r	f
3411	Denni'ka	25	25	7	1	r	f
3412	Nogg	35	35	7	1	r	f
3413	Sovik	30	30	7	1	r	f
3414	General Twinbraid	30	30	7	0	f	r
3415	Savannah Huntress	11	12	1	0	r	r
3416	Savannah Matriarch	17	18	1	0	r	r
3417	Living Flame	16	17	4	0	r	r
3418	Kirge Sternhorn	22	22	7	1	r	f
3419	Apothecary Zamah	22	22	7	1	r	f
3420	[UNUSED] Ancestral Watcher	15	15	7	0	r	f
3421	Feegly the Exiled	23	23	7	1	r	f
3424	Thunderhawk Cloudscraper	20	22	1	0	r	r
3425	Savannah Prowler	14	15	1	0	r	r
3426	Zhevra Charger	17	18	1	0	y	y
3427	[UNUSED] Kendur	35	35	7	0	r	f
3428	Korran	12	12	7	1	r	f
3429	Thork	42	42	7	1	r	f
3430	Mangletooth	17	17	7	1	r	f
3431	Grenthar	10	10	7	1	r	f
3432	Mankrik	15	15	7	1	r	f
3433	Tatternack Steelforge	14	14	7	1	r	f
3434	Nak	23	23	7	0	r	r
3435	Lok Orcbane	25	25	7	0	r	r
3436	Kuz	21	21	7	0	r	r
3437	Crekori Mudwater	15	15	7	0	r	r
3438	Kreenig Snarlsnout	15	15	7	0	r	r
3439	Wizzlecrank's Shredder	18	18	7	0	y	y
3440	[UNUSED] Ancestral Sage	18	18	7	0	r	f
3441	Melor Stonehoof	62	62	7	1	r	f
3442	Sputtervalve	15	15	7	1	y	y
3443	Grub	13	13	7	1	r	f
3444	Dig Rat	1	1	8	0	y	y
3445	Supervisor Lugwizzle	18	18	7	0	r	r
3446	Mebok Mizzyrix	17	17	7	1	y	y
3447	Pawe Mistrunner	24	24	7	1	r	f
3448	Tonga Runetotem	22	22	7	1	r	f
3449	Darsok Swiftdagger	14	14	7	1	r	f
3450	Defias Companion	14	15	1	0	r	r
3451	Pilot Wizzlecrank	15	15	7	1	y	y
3452	Serena Bloodfeather	20	20	7	0	r	r
3453	Wharfmaster Dizzywig	15	15	7	1	y	y
3454	Cannoneer Smythe	19	19	7	0	f	r
3455	Cannoneer Whessan	19	19	7	0	f	r
3456	Razormane Pathfinder	20	21	7	0	r	r
3457	Razormane Stalker	22	23	7	0	r	r
3458	Razormane Seer	23	24	7	0	r	r
3459	Razormane Warfrenzy	24	25	7	0	r	r
3460	Mud Crawler	15	16	1	0	r	r
3461	Oasis Snapjaw	15	16	1	0	r	r
3462	Elder Barrens Giraffe	22	23	1	0	y	y
3463	Wandering Barrens Giraffe	18	19	1	0	y	y
3464	Gazrog	25	25	7	1	r	f
3465	Gilthares Firebough	17	17	7	0	f	f
3466	Zhevra Courser	20	21	1	0	y	y
3467	Baron Longshore	16	16	7	0	r	r
3468	Ancient of Lore	62	62	7	0	f	r
3469	Ancient of War	62	62	7	0	f	r
3470	Rathorian	15	15	3	0	r	r
3471	Tinkerer Sniggles	16	16	7	0	r	r
3472	Washte Pawne	25	25	1	0	r	r
3473	Owatanka	24	24	1	0	r	r
3474	Lakota'mani	22	22	1	0	y	y
3475	Echeyakee	16	16	1	0	r	r
3476	Isha Awak	27	27	1	0	r	r
3477	Hraq	18	18	7	1	r	f
3478	Traugh	31	31	7	1	r	f
3479	Nargal Deatheye	35	35	7	1	r	f
3480	Moorane Hearthgrain	18	18	7	1	r	f
3481	Barg	14	14	7	1	r	f
3482	Tari'qa	14	14	7	1	r	f
3483	Jahan Hawkwing	21	21	7	1	r	f
3484	Kil'hala	25	25	7	1	r	f
3485	Wrahk	18	18	7	1	r	f
3486	Halija Whitestrider	19	19	7	1	r	f
3487	Kalyimah Stormcloud	23	23	7	1	r	f
3488	Uthrok	16	16	7	1	r	f
3489	Zargh	16	16	7	1	r	f
3490	Hula'mahi	30	30	7	1	r	f
3491	Ironzar	23	23	7	1	y	y
3492	Vexspindle	24	24	7	1	y	y
3493	Grazlix	25	25	7	1	y	y
3494	Tinkerwiz	25	25	7	1	y	y
3495	Gagsprocket	20	20	7	1	y	y
3496	Fuzruckle	45	45	7	1	y	y
3497	Kilxx	24	24	7	1	y	y
3498	Jazzik	22	22	7	1	y	y
3499	Ranik	22	22	7	1	y	y
3500	Tarhus	52	52	7	1	r	f
3501	Horde Guard	40	40	7	0	r	f
3502	Ratchet Bruiser	57	57	7	0	y	y
3503	Silithid Protector	18	19	1	0	r	r
3504	Gil	1	1	7	1	f	r
3505	Pat	1	1	7	1	f	r
3507	Andi	1	1	7	1	f	r
3508	Mikey	1	1	7	1	f	r
3509	Geoff	1	1	7	1	f	r
3510	Twain	1	1	7	1	f	r
3511	Steven	1	1	7	1	f	r
3512	Jimmy	1	1	7	1	f	r
3513	Miss Danna	25	25	7	1	f	r
3514	Tenaron Stormgrip	10	10	7	1	f	r
3515	Corithras Moonrage	10	10	7	1	f	r
3516	Arch Druid Fandral Staghelm	63	63	7	0	f	r
3517	Rellian Greenspyre	17	17	7	1	f	r
3518	Thomas Miller	15	15	7	1	f	r
3519	Sentinel Arynia Cloudsbreak	10	10	7	1	f	r
3520	Ol' Emma	2	2	7	1	f	r
3521	Ak'Zeloth	22	22	7	1	r	f
3522	Constance Brisboise	11	11	7	1	r	f
3523	Bowen Brisboise	24	24	7	1	r	f
3524	Spirit Wolf	1	1	1	1	f	f
3525	[UNUSED] Turtle Trainer	50	50	7	0	f	r
3527	Healing Stream Totem	21	21	11	0	f	f
3528	Pyrewood Armorer	14	15	7	0	f	r
3529	Moonrage Armorer	14	15	7	0	r	r
3530	Pyrewood Tailor	14	15	7	0	f	r
3531	Moonrage Tailor	14	15	7	0	r	r
3532	Pyrewood Leatherworker	14	15	7	0	f	r
3533	Moonrage Leatherworker	14	15	7	0	r	r
3534	Wallace the Blind	19	19	7	1	f	f
3535	Blackmoss the Fetid	13	13	4	0	r	r
3536	Kris Legace	32	32	7	1	f	f
3537	Zixil	32	32	7	0	y	y
3538	Overwatch Mark I	32	32	9	0	y	y
3539	Ott	32	32	7	1	r	f
3540	Hal McAllister	40	40	7	1	f	r
3541	Sarah Raycroft	40	40	7	1	f	r
3542	Jaysin Lanyda	40	40	7	1	f	r
3543	Robert Aebischer	40	40	7	1	f	r
3544	Jason Lemieux	40	40	7	1	r	f
3545	Claude Erksine	40	40	7	1	f	r
3546	Bernie Heisten	45	45	7	1	f	r
3547	Hamlin Atkins	10	10	7	1	r	f
3548	Selina Weston	12	12	7	1	r	f
3549	Shelene Rhobart	25	25	7	1	r	f
3550	Martine Tramblay	15	15	7	1	r	f
3551	Patrice Dwyer	20	20	7	1	r	f
3552	Alexandre Lefevre	18	18	7	1	r	f
3553	Sebastian Meloche	18	18	7	1	r	f
3554	Andrea Boynton	18	20	7	1	r	f
3555	Johan Focht	19	19	7	1	r	f
3556	Andrew Hilbert	18	20	7	1	r	f
3557	Guillaume Sorouy	28	28	7	1	r	f
3558	[UNUSED] Temp Poisoning Vendor Undead	20	20	6	0	r	f
3559	Temp Poisoning Vendor Dwarf	20	20	7	0	f	r
3560	Healing Ward	37	37	10	0	r	r
3561	Kyrai	30	30	7	1	f	r
3562	Alaindia	30	30	7	1	f	r
3564	Temp Reagent Vendor Dwarf	20	20	7	0	f	r
3565	[UNUSED] Temp Reagent Vendor Undead	20	20	6	0	r	f
3566	Flatland Prowler	9	9	1	0	r	r
3567	Tallonkai Swiftroot	11	11	7	1	f	r
3568	Mist	10	10	1	1	f	r
3569	Bogling	5	5	4	0	r	r
3570	Cleansed Timberling	7	7	4	0	f	r
3571	Teldrassil Sentinel	55	55	7	0	f	r
3572	Zizzek	22	22	7	1	y	y
3573	Mana Spring Totem	26	26	11	0	f	f
3574	Riding Bat	29	29	1	1	f	f
3575	Praenus Raxxeus	1	1	7	0	r	f
3577	Dalaran Brewmaster	15	16	7	0	f	r
3578	Dalaran Miner	15	16	7	0	f	r
3579	Stoneclaw Totem	8	8	11	0	f	f
3580	Invisibility Totem	60	60	11	0	f	r
3581	Sewer Beast	50	50	1	1	r	r
3582	Aman	50	50	5	1	f	f
3583	Barithras Moonshade	14	14	7	1	f	r
3584	Therylune	17	17	7	0	f	r
3585	Therysil	17	17	7	1	f	r
3586	Miner Johnson	19	19	7	0	r	r
3587	Lyrai	9	9	7	1	f	r
3588	Khardan Proudblade	8	8	7	1	f	r
3589	Keina	10	10	7	1	f	r
3590	Janna Brightmoon	9	9	7	1	f	r
3591	Freja Nightwing	9	9	7	1	f	r
3592	Andiss	10	10	7	1	f	r
3593	Alyissia	11	11	7	1	f	r
3594	Frahun Shadewhisper	11	11	7	1	f	r
3595	Shanda	10	10	7	1	f	r
3596	Ayanna Everstride	10	10	7	1	f	r
3597	Mardant Strongoak	11	11	7	1	f	r
3598	Kyra Windblade	19	19	7	1	f	r
3599	Jannok Breezesong	20	20	7	1	f	r
3600	Laurna Morninglight	21	21	7	1	f	r
3601	Dazalar	20	20	7	1	f	r
3602	Kal	22	22	7	1	f	r
3603	Cyndra Kindwhisper	28	28	7	1	f	r
3604	Malorne Bladeleaf	17	17	7	1	f	r
3605	Nadyia Maneweaver	30	30	7	1	f	r
3606	Alanna Raveneye	29	29	7	1	f	r
3607	Androl Oakhand	37	37	7	1	f	r
3608	Aldia	17	17	7	1	f	r
3609	Shalomon	18	18	7	1	f	r
3610	Jeena Featherbow	19	19	7	1	f	r
3611	Brannol Eaglemoon	16	16	7	1	f	r
3612	Sinda	20	20	7	1	f	r
3613	Meri Ironweave	19	19	7	1	f	r
3614	Narret Shadowgrove	16	16	7	1	f	r
3615	Devrak	55	55	7	1	r	f
3616	Onu	55	55	10	1	f	r
3617	Lordaeron Citizen	15	15	6	0	y	y
3619	Ghost Saber	19	20	1	0	r	r
3620	Harruk	40	40	7	1	r	f
3621	Kurll	50	50	7	1	r	f
3622	Grokor	40	40	7	1	r	f
3623	[UNUSED] Tursk	10	10	7	0	r	f
3624	Zudd	40	40	7	1	r	f
3625	Rarck	55	55	7	1	r	f
3626	Jenn Langston	5	5	7	1	f	r
3627	Erich Lohan	5	5	7	1	f	r
3628	Steven Lohan	5	5	7	1	f	r
3629	David Langston	5	5	7	1	f	r
3630	Deviate Coiler	15	16	1	0	r	r
3631	Deviate Stinglash	16	17	1	0	r	r
3632	Deviate Creeper	15	16	1	0	r	r
3633	Deviate Slayer	16	17	1	0	r	r
3634	Deviate Stalker	15	17	1	0	r	r
3636	Deviate Ravager	18	19	1	0	r	r
3637	Deviate Guardian	18	19	1	0	r	r
3638	Devouring Ectoplasm	16	17	10	0	r	r
3639	Sentinel Tysha Moonblade	10	10	7	1	f	r
3640	Evolving Ectoplasm	17	18	10	0	r	r
3641	Deviate Lurker	16	17	1	0	r	r
3642	Deviate Horror	18	19	1	0	r	r
3644	Cerellean Whiteclaw	15	15	7	1	f	r
3649	Thundris Windweaver	15	15	7	1	f	r
3650	Asterion	15	15	7	1	f	r
3651	[UNUSED] Kolkar Observer	16	16	7	0	r	r
3652	Trigore the Lasher	19	19	10	0	r	r
3653	Kresh	20	20	1	0	y	y
3654	Mutanus the Devourer	22	22	7	0	r	r
3655	Mad Magglish	18	18	7	0	r	r
3657	Sentinel Elissa Starbreeze	20	20	7	1	f	r
3658	Lizzarik	19	19	7	1	y	y
3659	Jorb	37	37	7	0	y	y
3660	Athrikus Narassin	31	31	7	0	r	r
3661	Balthule Shadowstrike	15	15	7	1	f	r
3662	Delmanis the Hated	17	17	3	0	r	r
3663	Delgren the Purifier	19	19	7	1	f	r
3664	Ilkrud Magthrull	24	24	7	0	r	r
3665	Crane Operator Bigglefuzz	18	18	7	1	y	y
3666	Wizbang Cranktoggle	15	15	7	1	f	r
3667	Anaya Dawnrunner	16	16	6	0	y	y
3668	Tortured Highborne Soul	20	20	7	0	f	f
3669	Lord Cobrahn	20	20	7	0	r	r
3670	Lord Pythas	21	21	7	0	r	r
3671	Lady Anacondra	20	20	7	0	r	r
3672	Boahn	20	20	7	0	r	r
3673	Lord Serpentis	21	21	7	0	r	r
3674	Skum	21	21	1	0	r	r
3678	Disciple of Naralex	20	20	7	0	f	f
3679	Naralex	25	25	7	1	f	f
3680	Serpentbloom Snake	1	1	1	1	y	y
3681	Wisp	1	1	8	1	f	r
3682	Vrang Wildgore	48	48	7	1	r	f
3683	Kiknikle	32	32	7	1	y	y
3684	Pizznukle	33	33	7	1	y	y
3685	Harb Clawhoof	45	45	7	1	r	f
3688	Reban Freerunner	40	40	7	1	r	f
3689	Laer Stepperunner	42	42	7	1	r	f
3690	Kar Stormsinger	44	44	7	1	r	f
3691	Raene Wolfrunner	60	60	7	0	f	r
3692	Volcor	19	19	7	0	f	y
3693	Terenthis	15	15	7	1	f	r
3694	Sentinel Selarin	20	20	7	1	f	r
3695	Grimclaw	13	13	1	1	f	r
3696	Ran Bloodtooth	30	30	7	0	r	r
3697	Kyln Longclaw	1	1	7	0	f	f
3698	Bolyun	40	40	7	1	f	r
3699	Nerra	12	12	7	0	f	r
3700	Jadenvis Seawatcher	51	51	7	1	f	r
3701	Tharnariun Treetender	18	18	7	1	f	r
3702	Alanndarian Nightsong	18	22	7	1	f	r
3703	Krulmoo Fullmoon	42	42	7	1	r	f
3704	Mahani	31	31	7	1	r	f
3705	Gahroot	25	25	7	1	r	f
3706	Tai'jin	18	18	7	1	r	f
3707	Ken'jai	10	10	7	1	r	f
3708	Gruna	52	52	7	1	r	f
3711	Wrathtail Myrmidon	20	21	7	0	r	r
3712	Wrathtail Razortail	19	20	7	0	r	r
3713	Wrathtail Wave Rider	18	19	7	0	r	r
3715	Wrathtail Sea Witch	19	20	7	0	r	r
3717	Wrathtail Sorceress	18	19	7	0	r	r
3718	[UNUSED] Wrathtail Tide Princess	20	21	7	0	r	r
3721	Mystlash Hydra	19	20	10	0	r	r
3722	Mystlash Flayer	20	21	10	0	r	r
3725	Dark Strand Cultist	18	19	7	0	r	r
3727	Dark Strand Enforcer	20	21	7	0	r	r
3728	Dark Strand Adept	18	19	7	0	r	r
3730	Dark Strand Excavator	19	20	7	0	r	r
3732	Forsaken Seeker	18	19	7	0	r	f
3733	Forsaken Herbalist	18	19	7	0	r	f
3734	Forsaken Thug	20	20	7	0	r	f
3735	Apothecary Falthis	22	22	7	0	r	f
3736	Darkslayer Mordenthal	23	23	7	0	r	f
3737	Saltspittle Puddlejumper	19	20	7	0	r	r
3739	Saltspittle Warrior	19	20	7	0	r	r
3740	Saltspittle Muckdweller	20	21	7	0	r	r
3742	Saltspittle Oracle	20	21	7	0	r	r
3743	Foulweald Warrior	23	24	7	0	r	r
3745	Foulweald Pathfinder	23	24	7	0	r	r
3746	Foulweald Den Watcher	24	25	7	0	r	r
3748	Foulweald Shaman	24	25	7	0	r	r
3749	Foulweald Ursa	24	25	7	0	r	r
3750	Foulweald Totemic	23	24	7	0	r	r
3752	Xavian Rogue	29	30	3	0	r	r
3754	Xavian Betrayer	28	29	3	0	r	r
3755	Xavian Felsworn	28	29	3	0	r	r
3757	Xavian Hellcaller	29	30	3	0	r	r
3758	Felmusk Satyr	25	26	3	0	r	r
3759	Felmusk Rogue	26	27	3	0	r	r
3762	Felmusk Felsworn	25	26	3	0	r	r
3763	Felmusk Shadowstalker	26	27	3	0	r	r
3765	Bleakheart Satyr	26	27	3	0	r	r
3767	Bleakheart Trickster	27	28	3	0	r	r
3770	Bleakheart Shadowstalker	27	28	3	0	r	r
3771	Bleakheart Hellcaller	26	27	3	0	r	r
3772	Lesser Felguard	23	24	3	0	r	r
3773	Akkrilus	26	26	3	0	r	r
3774	Felslayer	22	23	3	0	r	r
3777	Aelyssa	35	35	7	0	f	f
3778	Myielea Starwhisper	35	35	7	0	f	f
3779	Syurana	55	55	7	1	f	r
3780	Shadethicket Moss Eater	21	23	4	0	r	r
3781	Shadethicket Wood Shaper	23	24	4	0	r	r
3782	Shadethicket Stone Mover	25	26	4	0	r	r
3783	Shadethicket Raincaller	22	23	4	0	r	r
3784	Shadethicket Bark Ripper	26	27	4	0	r	r
3789	Terrowulf Fleshripper	28	29	7	0	r	r
3791	Terrowulf Shadow Weaver	29	30	7	0	r	r
3792	Terrowulf Packlord	31	32	7	0	r	r
3793	Initiate Druid	1	1	7	0	f	r
3794	Druid of the Talon	60	60	7	0	f	f
3795	Druid of the Claw	60	60	7	0	f	f
3796	Druid of the Wild	1	1	7	0	f	r
3797	Cenarion Protector	25	26	7	0	f	r
3799	Severed Druid	28	29	6	0	r	r
3801	Severed Sleeper	28	29	6	0	r	r
3802	Severed Dreamer	29	30	6	0	r	r
3803	Severed Keeper	29	30	6	0	r	r
3804	Forsaken Intruder	28	29	7	0	r	f
3806	Forsaken Infiltrator	29	30	7	0	r	f
3807	Forsaken Assassin	29	30	7	0	r	f
3808	Forsaken Dark Stalker	28	29	7	0	r	f
3809	Ashenvale Bear	21	22	1	0	r	r
3810	Elder Ashenvale Bear	25	26	1	0	r	r
3811	Giant Ashenvale Bear	29	30	1	0	r	r
3812	Clattering Crawler	19	20	1	0	y	y
3814	Spined Crawler	20	21	1	0	y	y
3815	Blink Dragon	26	27	2	0	y	y
3816	Wild Buck	18	19	1	0	y	y
3817	Shadowhorn Stag	22	23	1	0	y	y
3818	Elder Shadowhorn Stag	26	27	1	0	y	y
3819	Wildthorn Stalker	20	21	1	0	r	r
3820	Wildthorn Venomspitter	24	25	1	0	r	r
3821	Wildthorn Lurker	28	29	1	0	r	r
3823	Ghostpaw Runner	19	20	1	0	r	r
3824	Ghostpaw Howler	23	24	1	0	r	r
3825	Ghostpaw Alpha	27	28	1	0	r	r
3826	Rabid Ghostpaw	1	1	1	0	r	r
3831	[UNUSED] Ancient Guardian	23	23	5	0	f	r
3832	Cenarion Steward	1	1	7	0	f	r
3833	Cenarion Vindicator	26	27	7	0	f	r
3834	Crazed Ancient	27	28	4	0	r	r
3835	Biletoad	1	1	8	1	y	y
3836	Mountaineer Pebblebitty	44	44	7	1	f	r
3837	Riding Hippogryph	29	29	1	1	f	f
3838	Vesprystus	55	55	7	1	f	r
3839	Voidlasher	19	20	4	0	r	r
3840	Druid of the Fang	19	20	7	0	r	r
3841	Caylais Moonfeather	55	55	7	1	f	r
3842	Brombar Higgleby	40	40	7	1	f	r
3843	Anaya	14	14	7	1	f	r
3844	Healing Ward IV	23	24	10	0	r	r
3845	Shindrell Swiftfire	25	25	7	1	f	r
3846	Talen	17	17	7	1	f	r
3847	Orendil Broadleaf	27	27	7	1	f	r
3848	Kayneth Stillwind	31	31	7	1	f	r
3849	Deathstalker Adamant	18	18	7	0	r	f
3850	Sorcerer Ashcrombe	18	18	7	0	f	r
3851	Shadowfang Whitescalp	18	19	7	0	r	r
3852	Shadowfang Bloodhowler	19	19	7	0	r	r
3853	Shadowfang Moonwalker	19	20	7	0	r	r
3854	Shadowfang Wolfguard	20	21	7	0	r	r
3855	Shadowfang Darksoul	20	21	7	0	r	r
3857	Shadowfang Glutton	21	22	7	0	r	r
3859	Shadowfang Ragetooth	23	24	7	0	r	r
3860	Shadowfang Tainted One	20	20	7	0	r	r
3861	Bleak Worg	18	19	1	0	r	r
3862	Slavering Worg	18	19	1	0	r	r
3863	Lupine Horror	24	25	6	0	r	r
3864	Fel Steed	19	20	1	0	y	y
3865	Shadow Charger	20	21	1	0	y	y
3866	Vile Bat	22	23	1	0	r	r
3868	Blood Seeker	23	24	1	0	r	r
3869	Lesser Gargoyle	20	20	6	0	r	r
3870	Stone Sleeper	20	20	6	0	r	r
3872	Deathsworn Captain	25	25	6	0	r	r
3873	Tormented Officer	23	24	6	0	r	r
3875	Haunted Servitor	20	21	6	0	r	r
3876	Traumatized Spirit	20	20	6	0	r	r
3877	Wailing Guardsman	21	22	6	0	r	r
3878	Magthrull's Doomguard	20	20	3	0	r	r
3879	Dark Strand Assassin	21	21	7	0	r	r
3880	Sentinel Melyria Frostshadow	25	25	7	1	f	r
3881	Grimtak	14	14	7	1	r	f
3882	Zlagk	9	9	7	1	r	f
3883	Moodan Sungrain	11	11	7	1	r	f
3884	Jhawna Oatwind	13	13	7	1	r	f
3885	Sentinel Velene Starstrike	25	25	7	1	f	r
3886	Razorclaw the Butcher	22	22	7	0	r	r
3887	Baron Silverlaine	24	24	6	0	r	r
3888	Korra	20	20	1	1	f	r
3890	Brakgul Deathbringer	61	61	7	0	r	f
3891	Teronis' Corpse	20	20	7	1	f	r
3892	Relara Whitemoon	1	1	7	1	f	r
3893	Forsaken Scout	23	23	7	0	r	f
3894	Pelturas Whitemoon	21	21	7	1	f	r
3895	Captain Noteo	60	60	7	0	f	f
3896	Captain Hart	40	40	7	0	f	f
3897	Krolg	9	9	7	0	r	r
3898	Aligar the Tormentor	24	24	3	0	r	r
3899	Balizar the Umbrage	24	24	3	0	r	r
3900	Caedakar the Vicious	24	24	3	0	r	r
3901	Illiyana	26	26	7	1	f	r
3902	Searing Totem II	20	20	11	0	f	f
3903	Searing Totem III	37	37	11	0	f	f
3904	Searing Totem IV	45	45	11	0	f	f
3906	Healing Stream Totem II	35	35	11	0	f	f
3907	Healing Stream Totem III	45	45	11	0	f	f
3908	Healing Stream Totem IV	50	50	11	0	f	f
3909	Healing Stream Totem V	60	60	11	0	f	f
3911	Stoneclaw Totem II	29	29	11	0	f	f
3912	Stoneclaw Totem III	40	40	11	0	f	f
3913	Stoneclaw Totem IV	38	38	11	0	f	f
3914	Rethilgore	20	20	7	0	r	r
3915	Dagri	23	23	1	1	f	r
3916	Shael'dryn	24	24	7	1	f	r
3917	Befouled Water Elemental	23	25	4	0	r	r
3919	Withered Ancient	26	27	4	0	r	r
3920	Anilia	25	25	7	1	f	r
3921	Thistlefur Ursa	23	24	7	0	r	r
3922	Thistlefur Totemic	23	24	7	0	r	r
3923	Thistlefur Den Watcher	23	24	7	0	r	r
3924	Thistlefur Shaman	23	24	7	0	r	r
3925	Thistlefur Avenger	23	24	7	0	r	r
3926	Thistlefur Pathfinder	23	24	7	0	r	r
3927	Wolf Master Nandos	25	25	7	0	r	r
3928	Rotting Slime	20	22	10	0	r	r
3931	Shadethicket Oracle	30	30	4	0	r	r
3932	Bloodtooth Guard	27	28	7	0	r	r
3933	Hai'zan	14	14	7	1	r	f
3934	Innkeeper Boorand Plainswind	30	30	7	1	r	f
3935	Toddrick	10	10	7	1	f	r
3936	Shandris Feathermoon	62	62	7	1	f	r
3937	Kira Songshine	12	12	7	1	f	r
3938	Roth Bluntblade	15	15	7	0	f	r
3939	Razormane Wolf	7	8	1	0	r	r
3940	Taneel Darkwood	32	32	6	0	y	y
3941	Uthil Mooncall	32	32	6	0	y	y
3942	Mavoris Cloudsbreak	32	32	6	0	y	y
3943	Ruuzel	22	22	7	0	r	r
3944	Wrathtail Priestess	20	21	7	0	r	r
3945	Caravaneer Ruzzgot	30	39	7	1	y	y
3946	Velinde Starsong	40	40	7	1	f	r
3947	Goblin Shipbuilder	19	20	7	0	r	r
3948	Honni Goldenoat	10	10	7	1	f	r
3950	Minor Water Guardian	1	1	4	0	r	r
3951	Bhaldaran Ravenshade	34	34	7	1	f	r
3952	Aeolynn	22	22	7	1	f	r
3953	Tandaan Lightmane	23	23	7	1	f	r
3954	Dalria	24	24	7	1	f	r
3955	Shandrina	24	24	7	1	f	r
3956	Harklan Moongrove	24	24	7	1	f	r
3957	Jainay Featherbreeze	28	28	7	0	f	r
3958	Lardan	25	25	7	1	f	r
3959	Nantar	21	21	7	1	f	r
3960	Ulthaan	26	26	7	1	f	r
3961	Maliynn	19	19	7	1	f	r
3962	Haljan Oakheart	26	26	7	1	f	r
3963	Danlaar Nightstride	35	35	7	1	f	r
3964	Kylanna	31	31	7	1	f	r
3965	Cylania Rootstalker	24	24	7	1	f	r
3966	Kaleem	24	24	7	0	f	r
3967	Aayndia Floralwind	37	37	7	1	f	r
3968	Sentry Totem	40	40	11	1	f	f
3969	Fahran Silentblade	28	28	7	1	f	r
3970	Llana	25	25	7	1	f	r
3971	Agro 5	60	60	10	0	r	r
3972	Agro 7	60	60	10	0	r	r
3973	Agro 10	60	60	10	0	r	r
3974	Houndmaster Loksey	34	34	7	0	r	r
3975	Herod	40	40	7	0	r	r
3976	Scarlet Commander Mograine	42	42	7	0	r	r
3977	High Inquisitor Whitemane	42	42	7	0	r	r
3978	Sage Truthseeker	30	30	7	1	r	f
3979	Librarian Mae Paledust	30	30	7	1	f	r
3980	Raleigh the Devout	30	30	7	1	f	r
3981	Vorrel Sengutz	8	8	7	1	r	f
3982	Monika Sengutz	7	7	7	1	r	f
3983	Interrogator Vishas	32	32	7	0	r	r
3984	Nancy Vishas	33	33	7	0	r	r
3985	Grandpa Vishas	34	34	7	0	r	r
3986	Sarilus Foulborne	25	25	7	0	r	f
3987	Dal Bloodclaw	25	25	7	0	r	r
3988	Venture Co. Operator	19	20	7	0	r	r
3989	Venture Co. Logger	18	19	7	0	r	r
3990	Venture Co. Cutter	16	17	7	0	r	r
3991	Venture Co. Deforester	19	20	7	0	r	r
3992	Venture Co. Engineer	20	21	7	0	r	r
3993	Venture Co. Machine Smith	21	22	7	0	r	r
3994	Keeper Albagorm	30	30	7	1	f	r
3995	Witch Doctor Jin'Zil	25	25	7	1	r	f
3996	Faldreas Goeth'Shael	19	19	7	1	f	r
3997	Venture Co. Overboss	21	22	7	0	r	r
3998	Windshear Vermin	20	21	7	0	r	r
3999	Windshear Digger	21	22	7	0	r	r
4001	Windshear Tunnel Rat	19	20	7	0	r	r
4002	Windshear Stonecutter	22	23	7	0	r	r
4003	Windshear Geomancer	20	21	7	0	r	r
4004	Windshear Overlord	21	22	7	0	r	r
4005	Deepmoss Creeper	16	17	1	0	r	r
4006	Deepmoss Webspinner	19	20	1	0	r	r
4007	Deepmoss Venomspitter	17	18	1	0	r	r
4008	Cliff Stormer	15	17	1	0	r	r
4009	Raging Cliff Stormer	18	19	1	0	r	r
4011	Young Pridewing	19	20	1	0	r	r
4012	Pridewing Wyvern	21	22	1	0	r	r
4013	Pridewing Skyhunter	23	24	1	0	r	r
4014	Pridewing Consort	22	23	1	0	r	r
4015	Pridewing Patriarch	25	25	1	0	r	r
4016	Fey Dragon	24	25	2	0	r	r
4017	Wily Fey Dragon	26	27	2	0	r	r
4018	Antlered Courser	22	23	1	0	y	y
4019	Great Courser	24	25	1	0	y	y
4020	Sap Beast	22	23	10	0	r	r
4021	Corrosive Sap Beast	24	25	10	0	r	r
4022	Bloodfury Harpy	23	24	7	0	r	r
4023	Bloodfury Roguefeather	25	26	7	0	r	r
4024	Bloodfury Slayer	25	26	7	0	r	r
4025	Bloodfury Ambusher	23	24	7	0	r	r
4026	Bloodfury Windcaller	24	25	7	0	r	r
4027	Bloodfury Storm Witch	26	27	7	0	r	r
4028	Charred Ancient	25	26	4	0	r	r
4029	Blackened Ancient	27	28	4	0	r	r
4030	Vengeful Ancient	29	30	4	0	r	r
4031	Fledgling Chimaera	25	27	1	0	r	r
4032	Young Chimaera	23	25	1	0	r	r
4033	Charred Stone Spirit	22	23	4	0	r	r
4034	Enraged Stone Spirit	24	25	4	0	r	r
4035	Furious Stone Spirit	26	27	4	0	r	r
4036	Rogue Flame Spirit	23	24	4	0	r	r
4037	Burning Ravager	24	25	4	0	r	r
4038	Burning Destroyer	26	27	4	0	r	r
4039	Dinnis	35	35	7	0	f	f
4040	Cave Stalker	21	22	1	0	r	r
4041	Scorched Basilisk	27	28	1	0	r	r
4042	Singed Basilisk	25	26	1	0	r	r
4043	Galthuk	8	8	7	1	r	f
4044	Blackened Basilisk	23	24	1	0	r	r
4045	[UNUSED] JEFF CHOW TEST	1	1	7	0	f	f
4046	Magatha Grimtotem	62	62	7	1	r	f
4047	Zor Lonetree	62	62	7	1	r	f
4048	Falfindel Waywarder	28	28	7	1	f	r
4049	Seereth Stonebreak	26	26	7	1	r	f
4050	Cenarion Caretaker	25	26	7	0	f	r
4051	Cenarion Botanist	23	24	7	0	f	r
4052	Cenarion Druid	26	27	7	0	f	r
4053	Daughter of Cenarius	23	25	7	0	f	r
4054	Laughing Sister	24	25	7	0	f	r
4055	Mirkfallon Glade Strider	1	1	7	0	f	r
4056	Mirkfallon Keeper	26	27	7	0	f	r
4057	Son of Cenarius	24	25	7	0	f	r
4059	Forest Spirit	1	1	10	1	f	f
4061	Mirkfallon Dryad	25	26	7	0	f	r
4062	Dark Iron Bombardier	30	31	7	0	r	r
4063	Feeboz	39	39	7	0	y	y
4064	Blackrock Scout	20	21	7	0	r	r
4065	Blackrock Sentry	21	22	7	0	r	r
4066	Nal'taszar	30	30	2	0	f	r
4067	Twilight Runner	23	24	1	0	r	r
4068	Serpent Messenger	10	10	1	0	f	f
4069	Venture Co. Planner	18	19	7	0	r	r
4070	Venture Co. Builder	20	21	7	0	r	r
4071	Venture Co. Grinder	17	18	7	0	r	r
4072	Prisoner of Jin'Zil	20	20	7	1	f	r
4073	XT:4	23	23	9	0	r	r
4074	XT:9	23	23	9	0	r	r
4075	Rat	1	1	8	1	y	y
4076	Roach	1	1	8	1	y	y
4077	Gaxim Rustfizzle	30	30	7	1	f	r
4078	Collin Mauren	32	32	7	1	f	r
4079	Sentinel Thenysil	23	23	7	1	f	r
4080	Kaela Shadowspear	23	23	7	1	f	r
4081	Lomac Gearstrip	29	29	7	1	f	r
4082	Grawnal	32	32	7	1	r	f
4083	Jeeda	24	24	7	1	r	f
4084	Chylina	24	24	7	1	f	r
4085	Nizzik	24	24	7	1	f	f
4086	Veenix	24	24	7	1	f	f
4087	Arias'ta Bladesinger	60	60	7	1	f	r
4088	Elanaria	62	62	7	1	f	r
4089	Sildanair	40	40	7	1	f	r
4090	Astarii Starseeker	60	60	7	1	f	r
4091	Jandria	50	50	7	1	f	r
4092	Lariia	40	40	7	1	f	r
4093	Galak Wrangler	25	26	7	0	r	r
4094	Galak Scout	24	25	7	0	r	r
4095	Galak Mauler	27	28	7	0	r	r
4096	Galak Windchaser	24	25	7	0	r	r
4097	Galak Stormer	26	27	7	0	r	r
4098	Galak Pack Runner	25	26	7	0	r	r
4099	Galak Marauder	26	27	7	0	r	r
4100	Screeching Harpy	28	29	7	0	r	r
4101	Screeching Roguefeather	29	30	7	0	r	r
4104	Screeching Windcaller	30	30	7	0	r	r
4107	Highperch Wyvern	28	29	1	0	r	r
4109	Highperch Consort	28	29	1	0	r	r
4110	Highperch Patriarch	30	31	1	0	r	r
4111	Gravelsnout Kobold	26	27	7	0	r	r
4112	Gravelsnout Vermin	25	26	7	0	r	r
4113	Gravelsnout Digger	28	29	7	0	r	r
4114	Gravelsnout Forager	27	28	7	0	r	r
4115	[UNUSED] Gravelsnout Ambusher	1	1	7	0	r	r
4116	Gravelsnout Surveyor	29	30	7	0	r	r
4117	Cloud Serpent	25	26	1	0	r	r
4118	Venomous Cloud Serpent	26	28	1	0	r	r
4119	Elder Cloud Serpent	27	29	1	0	r	r
4120	Thundering Boulderkin	28	29	4	0	r	r
4121	Wandering Boulderkin	26	27	4	0	r	r
4124	Needles Cougar	27	28	1	0	r	r
4126	Crag Stalker	25	26	1	0	r	r
4127	Hecklefang Hyena	15	16	1	0	r	r
4128	Hecklefang Stalker	22	23	1	0	r	r
4129	Hecklefang Snarler	18	19	1	0	r	r
4130	Silithid Searcher	32	33	10	0	r	r
4131	Silithid Invader	34	35	10	0	r	r
4132	Silithid Ravager	36	36	10	0	r	r
4133	Silithid Hive Drone	33	34	10	0	y	y
4138	Jeen'ra Nightrunner	60	60	7	1	f	r
4139	Scorpid Terror	33	34	1	0	r	r
4140	Scorpid Reaver	31	32	1	0	r	r
4142	Sparkleshell Tortoise	30	31	1	0	y	y
4143	Sparkleshell Snapper	34	35	1	0	y	y
4144	Sparkleshell Borer	32	33	1	0	y	y
4146	Jocaste	40	40	7	1	f	r
4147	Saltstone Basilisk	30	31	1	0	r	r
4149	Kesteryth	35	35	7	0	f	r
4150	Saltstone Gazer	34	35	1	0	r	r
4151	Saltstone Crystalhide	32	33	1	0	r	r
4153	Kysandia	35	35	7	0	f	r
4154	Salt Flats Scavenger	30	32	1	0	r	r
4155	Idriana	45	45	7	1	f	r
4156	Astaia	35	35	7	1	f	r
4157	Kitari Farseeker	35	35	7	0	f	r
4158	Salt Flats Vulture	32	34	1	0	r	r
4159	Me'lynn	35	35	7	1	f	r
4160	Ainethil	46	46	7	1	f	r
4161	Lysheana	60	60	7	1	f	r
4163	Syurna	40	40	7	1	f	r
4164	Cylania	30	30	7	1	f	r
4165	Elissa Dumas	35	35	7	1	f	r
4166	Gazelle	3	3	8	1	y	y
4167	Dendrythis	30	30	7	1	f	r
4168	Elynna	30	30	7	1	f	r
4169	Jaeana	30	30	7	1	f	r
4170	Ellandrieth	30	30	7	1	f	r
4171	Merelyssa	30	30	7	1	f	r
4172	Anadyia	30	30	7	1	f	r
4173	Landria	30	30	7	1	f	r
4174	Siannai	1	1	7	0	f	f
4175	Vinasia	30	30	7	1	f	r
4176	Ki'rasia	30	30	7	0	f	r
4177	Melea	30	30	7	1	f	r
4178	Shaia	30	30	7	0	f	r
4179	Freillania	30	30	7	0	f	r
4180	Ealyshia Dewwhisper	50	50	7	1	f	r
4181	Fyrenna	30	30	7	1	f	r
4182	Dalmond	17	17	7	1	f	r
4183	Naram Longclaw	20	20	7	1	f	r
4184	Geenia Sunshadow	51	51	7	1	y	y
4185	Shaldyn	15	15	7	1	f	r
4186	Mavralyn	18	18	7	1	f	r
4187	Harlon Thornguard	25	25	7	1	f	r
4188	Illyanie	25	25	7	1	f	r
4189	Valdaron	14	14	7	1	f	r
4190	Kyndri	13	13	7	1	f	r
4191	Allyndia	15	15	7	1	f	r
4192	Taldan	16	16	7	1	f	r
4193	Grondal Moonbreeze	29	29	7	1	f	r
4194	Ullanna	15	15	7	1	f	r
4195	Tiyani	15	15	7	1	f	r
4196	Silithid Swarm	1	1	10	0	r	r
4197	Ken'zigla	20	20	7	1	r	f
4198	Braelyn Firehand	30	30	7	1	r	f
4200	Laird	14	14	7	1	f	r
4201	Ziz Fizziks	20	20	7	1	f	f
4202	Gerenzo Wrenchwhistle	27	27	7	1	r	r
4203	Ariyell Skyshadow	30	30	7	1	f	r
4204	Firodren Mooncaller	35	35	7	1	f	r
4205	Dorion	50	50	7	1	f	r
4206	Talar	35	35	7	0	f	r
4207	Valyen Wolfsong	35	35	7	0	f	r
4208	Lairn	45	45	7	1	f	r
4209	Garryeth	45	45	7	1	f	r
4210	Alegorn	35	35	7	1	f	r
4211	Dannelor	35	35	7	1	f	r
4212	Telonis	46	46	7	1	f	r
4213	Taladan	35	35	7	1	f	r
4214	Erion Shadewhisper	60	60	7	1	f	r
4215	Anishar	50	50	7	1	f	r
4216	Chardryn	30	30	7	1	f	r
4217	Mathrengyl Bearwalker	60	60	7	1	f	r
4218	Denatharion	50	50	7	1	f	r
4219	Fylerian Nightwing	40	40	7	1	f	r
4220	Cyroen	30	30	7	1	f	r
4221	Talaelar	30	30	7	1	f	r
4222	Voloren	30	30	7	1	f	r
4223	Fyldan	30	30	7	1	f	r
4224	Talegon	1	1	7	0	f	f
4225	Saenorion	30	30	7	1	f	r
4226	Ulthir	30	30	7	1	f	r
4228	Vaean	30	30	7	1	f	r
4229	Mythrin'dir	30	30	7	1	f	r
4230	Yldan	30	30	7	1	f	r
4231	Kieran	30	30	7	1	f	r
4232	Glorandiir	30	30	7	1	f	r
4233	Mythidan	30	30	7	1	f	r
4234	Andrus	30	30	7	1	f	r
4235	Turian	30	30	7	1	f	r
4236	Cyridan	30	30	7	1	f	r
4237	Urthoniir	30	30	7	0	f	r
4239	Lewin Starfeather	30	30	7	0	f	r
4240	Caynrus	30	30	7	1	f	r
4241	Mydrannul	30	30	7	1	f	r
4242	Frostsaber Companion	50	50	1	0	f	r
4243	Nightshade	50	50	1	1	f	r
4244	Shadow	30	30	1	1	f	r
4245	Mistrunner	25	25	1	0	f	r
4246	Moonprowler	25	25	1	0	f	r
4247	Stonepaw	25	25	1	0	f	r
4248	Pesterhide Hyena	26	27	1	0	r	r
4249	Pesterhide Snarler	28	29	1	0	r	r
4250	Galak Packhound	24	24	1	0	r	r
4251	Goblin Racer	32	32	9	1	f	f
4252	Gnome Racer	32	32	9	1	f	f
4253	Bear Form (Night Elf Druid)	1	1	1	1	f	f
4254	Geofram Bouldertoe	35	35	7	1	f	r
4255	Brogus Thunderbrew	55	55	7	1	f	r
4256	Golnir Bouldertoe	30	30	7	1	f	r
4257	Lana Thunderbrew	55	55	7	1	f	r
4258	Bengus Deepforge	45	45	7	1	f	r
4259	Thurgrum Deepforge	30	30	7	1	f	r
4260	Venture Co. Shredder	37	37	9	0	r	r
4261	Bear Form (Tauren Druid)	1	1	1	1	f	f
4262	Darnassus Sentinel	55	55	7	0	f	r
4263	Deepmoss Hatchling	14	14	1	0	r	r
4264	Deepmoss Matriarch	22	22	1	0	r	r
4265	Nyoma	20	20	7	1	f	r
4266	Danlyia	17	17	7	1	f	r
4267	Daelyshia	55	55	7	1	f	r
4268	Riding Wolf (Gray)	1	1	1	1	f	f
4269	Riding Horse (Chestnut)	1	1	1	1	f	f
4270	Riding Wolf (Red)	1	1	1	1	f	f
4271	Riding Wolf (DarkGray)	1	1	1	1	f	f
4272	Riding Wolf (DarkBrown)	1	1	1	1	f	f
4273	Keeper Ordanus	29	29	7	0	f	r
4274	Fenrus the Devourer	25	25	1	0	r	r
4275	Archmage Arugal	26	26	7	0	r	r
4276	Piznik	20	20	7	1	f	f
4277	Eye of Kilrogg	22	22	3	1	f	f
4278	Commander Springvale	24	24	6	0	r	r
4279	Odo the Blindwatcher	24	24	7	0	r	r
4280	Scarlet Preserver	29	30	7	0	r	r
4281	Scarlet Scout	29	30	7	0	r	r
4282	Scarlet Magician	29	30	7	0	r	r
4283	Scarlet Sentry	30	31	7	0	r	r
4284	Scarlet Augur	30	31	7	0	r	r
4285	Scarlet Disciple	30	31	7	0	r	r
4286	Scarlet Soldier	35	36	7	0	r	r
4287	Scarlet Gallant	33	34	7	0	r	r
4288	Scarlet Beastmaster	34	35	7	0	r	r
4289	Scarlet Evoker	36	37	7	0	r	r
4290	Scarlet Guardsman	36	37	7	0	r	r
4291	Scarlet Diviner	34	35	7	0	r	r
4292	Scarlet Protector	36	37	7	0	r	r
4293	Scarlet Scryer	30	31	7	0	r	r
4294	Scarlet Sorcerer	37	38	7	0	r	r
4295	Scarlet Myrmidon	37	38	7	0	r	r
4296	Scarlet Adept	33	34	7	0	r	r
4297	Scarlet Conjuror	35	36	7	0	r	r
4298	Scarlet Defender	37	38	7	0	r	r
4299	Scarlet Chaplain	34	36	7	0	r	r
4300	Scarlet Wizard	38	39	7	0	r	r
4301	Scarlet Centurion	38	39	7	0	r	r
4302	Scarlet Champion	39	40	7	0	r	r
4303	Scarlet Abbot	39	40	7	0	r	r
4304	Scarlet Tracking Hound	33	34	1	0	r	r
4305	Kriggon Talsone	25	25	7	1	f	r
4306	Scarlet Torturer	30	31	7	0	r	r
4307	Heldan Galesong	25	25	7	1	f	r
4308	Unfettered Spirit	31	32	6	0	r	r
4309	Gorm Grimtotem	62	62	7	0	r	f
4310	Cor Grimtotem	62	62	7	0	r	f
4311	Holgar Stormaxe	30	30	7	1	r	f
4312	Tharm	55	55	7	1	r	f
4313	[UNUSED] [PH] Ambassador Saylaton Gravehoof	27	27	7	0	r	f
4314	Gorkas	55	55	7	1	r	f
4315	[UNUSED] Guthrin Gravehoof	26	26	7	0	r	f
4316	Kolkar Packhound	13	13	1	0	r	r
4317	Nyse	55	55	7	1	r	f
4318	[UNUSED] Delyka	45	45	7	0	f	f
4319	Thyssiana	55	55	7	1	f	r
4320	Caelyb	40	40	7	1	f	r
4321	Baldruc	55	55	7	1	f	r
4322	Corthryn	35	35	7	0	f	f
4323	Searing Hatchling	41	42	2	0	r	r
4324	Searing Whelp	42	43	2	0	r	r
4328	Firemane Scalebane	43	44	2	0	r	r
4329	Firemane Scout	41	42	2	0	r	r
4331	Firemane Ash Tail	42	43	2	0	r	r
4333	Firemane Devourer	38	39	2	0	r	r
4334	Firemane Flamecaller	43	44	2	0	r	r
4339	Brimgore	45	45	2	0	r	r
4340	Mirallia	35	35	7	0	f	f
4341	Drywallow Crocolisk	35	36	1	0	r	r
4342	Drywallow Vicejaw	36	37	1	0	r	r
4343	Drywallow Snapper	37	38	1	0	r	r
4344	Mottled Drywallow Crocolisk	38	39	1	0	r	r
4345	Drywallow Daggermaw	40	41	1	0	r	r
4346	Noxious Flayer	35	36	1	0	r	r
4347	Noxious Reaver	37	38	1	0	r	r
4348	Noxious Shredder	38	39	1	0	r	r
4351	Bloodfen Raptor	35	36	1	0	r	r
4352	Bloodfen Screecher	36	37	1	0	r	r
4355	Bloodfen Scytheclaw	37	38	1	0	r	r
4356	Bloodfen Razormaw	39	40	1	0	r	r
4357	Bloodfen Lashtail	40	41	1	0	r	r
4358	Mirefin Puddlejumper	35	36	7	0	r	r
4359	Mirefin Murloc	35	36	7	0	r	r
4360	Mirefin Warrior	37	38	7	0	r	r
4361	Mirefin Muckdweller	36	37	7	0	r	r
4362	Mirefin Coastrunner	36	37	7	0	r	r
4363	Mirefin Oracle	37	38	7	0	r	r
4364	Strashaz Warrior	59	60	7	0	r	r
4366	Strashaz Serpent Guard	59	61	7	0	r	r
4368	Strashaz Myrmidon	60	61	7	0	r	r
4370	Strashaz Sorceress	60	61	7	0	r	r
4371	Strashaz Siren	59	60	7	0	r	r
4374	Strashaz Hydra	59	61	10	0	r	r
4376	Darkmist Spider	35	36	1	0	r	r
4377	Darkmist Lurker	37	38	1	0	r	r
4378	Darkmist Recluse	36	37	1	0	r	r
4379	Darkmist Silkspinner	38	39	1	0	r	r
4380	Darkmist Widow	40	40	1	0	r	r
4382	Withervine Creeper	35	36	4	0	r	r
4385	Withervine Rager	38	39	4	0	r	r
4386	Withervine Bark Ripper	36	37	4	0	r	r
4387	Withervine Mire Beast	37	38	4	0	r	r
4388	Young Murk Thresher	39	41	1	0	y	y
4389	Murk Thresher	41	43	1	0	r	r
4390	Elder Murk Thresher	43	45	1	0	r	r
4391	Swamp Ooze	37	39	10	0	r	r
4392	Corrosive Swamp Ooze	38	40	10	0	r	r
4393	Acidic Swamp Ooze	39	41	10	0	r	r
4394	Bubbling Swamp Ooze	39	40	10	0	r	r
4395	Blistering Swamp Ooze	41	43	10	0	r	r
4396	Mudrock Tortoise	36	37	1	0	y	y
4397	Mudrock Spikeshell	37	38	1	0	y	y
4398	Mudrock Burrower	39	40	1	0	y	y
4399	Mudrock Borer	42	43	1	0	y	y
4400	Mudrock Snapjaw	41	42	1	0	y	y
4401	Muckshell Clacker	39	40	7	0	r	r
4402	Muckshell Snapclaw	40	41	7	0	r	r
4403	Muckshell Pincer	41	42	7	0	r	r
4404	Muckshell Scrabbler	42	43	7	0	r	r
4405	Muckshell Razorclaw	43	44	7	0	r	r
4407	Teloren	55	55	7	1	f	r
4408	Aquatic Form (Night Elf Druid)	1	1	1	0	f	f
4409	Gatekeeper Kordurus	25	25	7	0	f	r
4410	Aquatic Form (Tauren Druid)	1	1	1	0	f	f
4411	Darkfang Lurker	36	37	1	0	r	r
4412	Darkfang Creeper	38	39	1	0	r	r
4413	Darkfang Spider	35	36	1	0	r	r
4414	Darkfang Venomspitter	37	38	1	0	r	r
4415	Giant Darkfang Spider	40	41	1	0	r	r
4416	Defias Strip Miner	18	19	7	0	r	r
4417	Defias Taskmaster	18	19	7	0	r	r
4418	Defias Wizard	18	19	7	0	r	r
4419	Race Master Kronkrider	35	35	7	1	f	f
4420	Overlord Ramtusk	32	32	7	0	r	r
4421	Charlga Razorflank	33	33	7	0	r	r
4422	Agathelos the Raging	33	33	1	0	r	r
4423	Darnassian Protector	55	55	4	0	f	r
4424	Aggem Thorncurse	30	30	7	0	r	r
4425	Blind Hunter	32	32	1	0	r	r
4427	Ward Guardian	31	31	7	0	r	r
4428	Death Speaker Jargba	30	30	7	0	r	r
4429	Goblin Pit Crewman	30	30	7	0	f	f
4430	Gnome Pit Crewman	30	30	7	0	f	f
4435	Razorfen Warrior	24	25	7	0	r	r
4436	Razorfen Quilguard	25	26	7	0	r	r
4437	Razorfen Warden	25	26	7	0	r	r
4438	Razorfen Spearhide	29	30	7	0	r	r
4439	[UNUSED] Charlga's Bodyguard	34	34	7	0	r	r
4440	Razorfen Totemic	29	29	7	0	r	r
4442	Razorfen Defender	27	28	7	0	r	r
4443	Wazza	1	1	7	0	f	f
4444	Deathstalker Vincent	21	21	7	1	y	f
4445	Griznak	35	35	7	0	f	f
4446	Mazzer Stripscrew	35	35	7	0	f	f
4449	Crazzle Sprysprocket	35	35	7	0	f	f
4450	Rugfizzle	35	35	7	0	f	f
4451	Auld Stonespire	28	28	7	1	r	f
4452	Kravel Koalbeard	29	29	7	1	f	f
4453	Wizzle Brassbolts	31	31	7	1	f	f
4454	Fizzle Brassbolts	30	30	7	1	f	f
4455	Red Jack Flint	22	22	7	1	f	r
4456	Fiora Longears	26	26	7	1	f	r
4457	Murkgill Forager	35	36	7	0	r	r
4458	Murkgill Hunter	35	36	7	0	r	r
4459	Murkgill Oracle	36	37	7	0	r	r
4460	Murkgill Lord	37	37	7	0	r	r
4461	Murkgill Warrior	35	36	7	0	r	r
4462	Blackrock Hunter	23	24	7	0	r	r
4463	Blackrock Summoner	22	23	7	0	r	r
4464	Blackrock Gladiator	24	25	7	0	r	r
4465	Vilebranch Warrior	45	46	7	0	r	r
4466	Vilebranch Scalper	46	47	7	0	r	r
4467	Vilebranch Soothsayer	46	47	7	0	r	r
4468	Jade Sludge	47	48	10	0	r	r
4469	Emerald Ooze	46	47	10	0	r	r
4472	Haunting Vision	57	58	6	0	r	r
4474	Rotting Cadaver	53	54	6	0	r	r
4475	Blighted Zombie	52	53	6	0	r	r
4476	Screaming Haunt	54	55	6	0	r	r
4479	Fardel Dabyrie	33	33	7	0	f	r
4480	Kenata Dabyrie	35	35	7	0	f	r
4481	Marcel Dabyrie	34	34	7	0	f	r
4482	Vilebranch Wolf	46	47	1	0	r	r
4483	Moktar Krin	35	35	7	1	r	f
4484	Feero Ironhand	20	20	7	0	f	r
4485	Belgrom Rockmaul	35	35	7	1	r	f
4486	Genavie Callow	32	32	7	1	r	f
4487	Kodiak	30	30	7	0	r	f
4488	Parqual Fintallas	35	35	7	1	r	f
4489	Braug Dimspirit	35	35	7	1	r	f
4490	Grenka Bloodscreech	31	31	7	0	f	r
4491	Woof	1	1	1	0	f	r
4493	Scarlet Avenger	56	57	7	0	r	r
4494	Scarlet Spellbinder	57	58	7	0	r	r
4495	Gnome Pit Boss	35	35	7	1	f	f
4496	Goblin Pit Boss	30	30	7	1	f	f
4497	Captain Quirk	60	60	7	0	f	f
4498	Maurin Bonesplitter	35	35	7	1	r	f
4499	Rok'Alim the Pounder	30	30	4	0	r	r
4500	Overlord Mok'Morokk	45	45	7	1	r	f
4501	Draz'Zilb	40	40	7	1	r	f
4502	Tharg	44	44	7	1	r	f
4503	Mudcrush Durtfeet	42	42	7	1	f	f
4504	Frostmaw	37	37	7	0	r	r
4505	Bloodsail Deckhand	43	44	7	0	r	r
4506	Bloodsail Swabby	43	44	7	0	r	r
4507	Daisy	15	15	7	1	f	f
4508	Willix the Importer	27	27	7	0	y	y
4509	Sargath	20	20	7	1	f	r
4510	Heralath Fallowbrook	25	25	7	1	f	r
4511	Agam'ar	24	25	1	0	r	r
4512	Rotting Agam'ar	28	28	1	0	r	r
4514	Raging Agam'ar	25	26	1	0	r	r
4515	Death's Head Acolyte	28	29	7	0	r	r
4516	Death's Head Adept	27	28	7	0	r	r
4517	Death's Head Priest	26	27	7	0	r	r
4518	Death's Head Sage	29	30	7	0	r	r
4519	Death's Head Seer	28	29	7	0	r	r
4520	Razorfen Geomancer	25	26	7	0	r	r
4521	Treshala Fallowbrook	20	20	7	1	f	r
4522	Razorfen Dustweaver	28	29	7	0	r	r
4523	Razorfen Groundshaker	27	28	7	0	r	r
4525	Razorfen Earthbreaker	30	31	7	0	r	r
4526	Wind Howler	25	26	4	0	r	r
4528	Stone Rumbler	21	22	4	0	r	r
4530	Razorfen Handler	25	26	7	0	r	r
4531	Razorfen Beast Trainer	28	29	7	0	r	r
4532	Razorfen Beastmaster	30	31	7	0	r	r
4534	Tamed Hyena	27	28	1	0	r	r
4535	Tamed Battleboar	25	26	1	0	r	r
4538	Kraul Bat	30	31	1	0	r	r
4539	Greater Kraul Bat	32	32	1	0	r	r
4540	Scarlet Monk	35	36	7	0	r	r
4541	Blood of Agamaggan	27	27	10	0	r	r
4542	High Inquisitor Fairbanks	40	40	6	1	r	r
4543	Bloodmage Thalnos	34	34	6	0	r	r
4544	Krueg Skullsplitter	37	37	7	1	r	f
4545	Nag'zehn	35	35	7	1	r	f
4546	Bor'zehn	35	35	7	1	r	f
4547	Tarkreu Shadowstalker	35	35	7	1	r	f
4548	Steelsnap	30	30	1	0	r	r
4549	William Montague	45	45	7	1	r	f
4550	Ophelia Montague	45	45	6	1	r	f
4551	Michael Garrett	55	55	7	1	r	f
4552	Eunice Burch	35	35	7	1	r	f
4553	Ronald Burch	30	30	7	1	r	f
4554	Tawny Grisette	30	30	7	1	r	f
4555	Eleanor Rusk	30	30	7	1	r	f
4556	Gordon Wendham	30	30	7	1	r	f
4557	Louis Warren	30	30	7	1	r	f
4558	Lauren Newcomb	30	30	7	1	r	f
4559	Timothy Weldon	30	30	7	1	r	f
4560	Walter Ellingson	30	30	7	1	r	f
4561	Daniel Bartlett	30	30	7	1	r	f
4562	Thomas Mordan	30	30	7	1	r	f
4563	Kaal Soulreaper	60	60	7	1	r	f
4564	Luther Pickman	50	50	7	1	r	f
4565	Richard Kerwin	40	40	7	1	r	f
4566	Kaelystia Hatebringer	60	60	6	1	r	f
4567	Pierce Shackleton	50	50	7	1	r	f
4568	Anastasia Hartwell	40	40	7	1	r	f
4569	Charles Seaton	30	30	7	1	r	f
4570	Sydney Upton	30	30	7	1	r	f
4571	Morley Bates	30	30	7	1	r	f
4572	Silas Zimmer	30	30	7	1	r	f
4573	Armand Cromwell	35	35	7	1	r	f
4574	Lizbeth Cromwell	30	30	7	1	r	f
4575	Hannah Akeley	30	30	7	1	r	f
4576	Josef Gregorian	45	45	7	1	r	f
4577	Millie Gregorian	30	30	7	1	r	f
4578	Josephine Lister	45	45	7	1	r	f
4579	[UNUSED] Alexander Lister	35	35	7	0	r	f
4580	Lucille Castleton	30	30	7	1	r	f
4581	Salazar Bloch	30	30	7	1	r	f
4582	Carolyn Ward	40	40	7	1	r	f
4583	Miles Dexter	50	50	7	1	r	f
4584	Gregory Charles	60	60	7	1	r	f
4585	Ezekiel Graves	30	30	7	1	r	f
4586	Graham Van Talen	26	26	7	1	r	f
4587	Elizabeth Van Talen	30	30	7	1	r	f
4588	Arthur Moore	35	35	7	1	r	f
4589	Joseph Moore	30	30	7	1	r	f
4590	Jonathan Chambers	30	30	7	1	r	f
4591	Mary Edras	35	35	7	1	r	f
4592	Nathaniel Steenwick	30	30	7	1	r	f
4593	Christoph Walker	60	60	7	1	r	f
4594	Angela Curthas	50	50	7	1	r	f
4595	Baltus Fowler	40	40	7	1	r	f
4596	James Van Brunt	35	35	7	1	r	f
4597	Samuel Van Brunt	30	30	7	1	r	f
4598	Brom Killian	35	35	7	1	r	f
4599	Sarah Killian	30	30	7	1	r	f
4600	Geoffrey Hartwell	30	30	7	1	r	f
4601	Francis Eliot	30	30	7	1	r	f
4602	Benijah Fenner	30	30	7	1	r	f
4603	Nicholas Atwood	30	30	7	1	r	f
4604	Abigail Sawyer	30	30	7	1	r	f
4605	Basil Frye	26	26	7	1	r	f
4606	Aelthalyste	60	60	6	1	r	f
4607	Father Lankester	40	40	7	1	r	f
4608	Father Lazarus	50	50	7	1	r	f
4609	Doctor Marsh	35	35	7	1	r	f
4610	Algernon	30	30	6	1	r	f
4611	Doctor Herbert Halsey	50	50	7	1	r	f
4612	Boyle	30	30	6	1	r	f
4613	Christopher Drakul	50	50	7	1	r	f
4614	Martha Alliestar	35	35	7	1	r	f
4615	Katrina Alliestar	30	30	7	1	r	f
4616	Lavinia Crowe	35	35	7	1	r	f
4617	Thaddeus Webb	30	30	7	1	r	f
4618	Martek the Exiled	42	42	7	1	f	f
4619	Geltharis	32	32	3	0	r	r
4620	Fobeed	35	35	7	1	f	f
4621	Rebald Yorglun	50	50	7	0	f	r
4623	Quilguard Champion	30	31	7	0	r	r
4624	Booty Bay Bruiser	57	57	7	0	y	y
4625	Death's Head Ward Keeper	15	15	7	1	r	r
4626	CHOW Guard	62	62	7	0	f	r
4627	Arugal's Voidwalker	24	25	3	0	r	r
4629	Trackmaster Zherin	30	30	7	1	f	f
4630	Pozzik	30	30	7	1	f	f
4631	Wharfmaster Lozgil	35	35	7	1	y	y
4632	Kolkar Centaur	30	31	7	0	r	r
4633	Kolkar Scout	30	31	7	0	r	r
4634	Kolkar Mauler	31	32	7	0	r	r
4635	Kolkar Windchaser	31	32	7	0	r	r
4636	Kolkar Battle Lord	32	33	7	0	r	r
4637	Kolkar Destroyer	32	33	7	0	r	r
4638	Magram Scout	32	33	7	0	r	r
4639	Magram Outrunner	32	33	7	0	r	r
4640	Magram Wrangler	33	34	7	0	r	r
4641	Magram Windchaser	33	34	7	0	r	r
4642	Magram Stormer	34	35	7	0	r	r
4643	Magram Pack Runner	34	35	7	0	r	r
4644	Magram Marauder	35	36	7	0	r	r
4645	Magram Mauler	35	36	7	0	r	r
4646	Gelkis Outrunner	32	33	7	0	r	r
4647	Gelkis Scout	32	33	7	0	r	r
4648	Gelkis Stamper	33	34	7	0	r	r
4649	Gelkis Windchaser	33	34	7	0	r	r
4651	Gelkis Earthcaller	34	35	7	0	r	r
4652	Gelkis Mauler	35	36	7	0	r	r
4653	Gelkis Marauder	35	36	7	0	r	r
4654	Maraudine Scout	37	38	7	0	r	r
4655	Maraudine Wrangler	37	38	7	0	r	r
4656	Maraudine Mauler	38	39	7	0	r	r
4657	Maraudine Windchaser	38	39	7	0	r	r
4658	Maraudine Stormer	39	40	7	0	r	r
4659	Maraudine Marauder	39	40	7	0	r	r
4660	Maraudine Bonepaw	37	38	1	0	r	r
4661	Gelkis Rumbler	29	30	4	0	r	r
4662	Magram Bonepaw	37	38	1	0	r	r
4663	Burning Blade Augur	30	31	7	0	r	r
4664	Burning Blade Reaver	30	31	7	0	r	r
4665	Burning Blade Adept	31	32	7	0	r	r
4666	Burning Blade Felsworn	31	32	7	0	r	r
4667	Burning Blade Shadowmage	32	33	7	0	r	r
4668	Burning Blade Summoner	38	39	7	0	r	r
4669	Burning Blade Conjuror	36	36	7	0	r	r
4670	Hatefury Rogue	31	32	3	0	r	r
4671	Hatefury Trickster	31	32	3	0	r	r
4672	Hatefury Felsworn	31	32	3	0	r	r
4673	Hatefury Betrayer	32	33	3	0	r	r
4674	Hatefury Shadowstalker	32	33	3	0	r	r
4675	Hatefury Hellcaller	32	33	3	0	r	r
4676	Lesser Infernal	36	37	3	0	r	r
4677	Doomwarder	37	38	3	0	r	r
4678	Mana Eater	37	38	3	0	r	r
4679	Nether Maiden	37	38	3	0	r	r
4680	Doomwarder Captain	38	39	3	0	r	r
4681	Mage Hunter	38	39	3	0	r	r
4682	Nether Sister	38	39	3	0	r	r
4683	Doomwarder Lord	39	40	3	0	r	r
4684	Nether Sorceress	39	40	3	0	r	r
4685	Ley Hunter	39	40	3	0	r	r
4686	Deepstrider Giant	38	39	5	0	r	r
4687	Deepstrider Searcher	39	40	5	0	r	r
4688	Bonepaw Hyena	33	35	1	0	r	r
4689	Starving Bonepaw	30	32	1	0	r	r
4690	Rabid Bonepaw	36	38	1	0	r	r
4691	Murderous Bonepaw	32	33	1	0	r	r
4692	Dread Swoop	32	33	1	0	r	r
4693	Dread Flyer	36	37	1	0	r	r
4694	Dread Ripper	39	40	1	0	r	r
4695	Carrion Horror	35	37	1	0	r	r
4696	Scorpashi Snapper	30	31	1	0	r	r
4697	Scorpashi Lasher	34	35	1	0	r	r
4699	Scorpashi Venomlash	38	39	1	0	r	r
4700	Aged Kodo	34	35	1	0	y	y
4701	Dying Kodo	35	36	1	0	y	y
4702	Ancient Kodo	36	37	1	0	y	y
4703	Raging Kodo	37	39	1	0	r	r
4704	Maraudine Pack Runner	34	34	7	0	r	r
4705	Burning Blade Invoker	39	40	7	0	r	r
4706	Razzeric	30	30	7	1	f	f
4707	Zuzubee	35	35	7	1	f	f
4708	Shreev	39	39	7	1	y	y
4709	Zamek	30	30	7	1	f	f
4710	Riding Ram (Gray)	1	1	1	1	f	f
4711	Slitherblade Naga	32	33	7	0	r	r
4712	Slitherblade Sorceress	32	33	7	0	r	r
4713	Slitherblade Warrior	33	34	7	0	r	r
4714	Slitherblade Myrmidon	34	35	7	0	r	r
4715	Slitherblade Razortail	35	36	7	0	r	r
4716	Slitherblade Tidehunter	36	37	7	0	r	r
4717	Slitherblade Tide Priestess	33	34	7	0	r	r
4718	Slitherblade Oracle	34	35	7	0	r	r
4719	Slitherblade Sea Witch	35	36	7	0	r	r
4720	Rizzle Brassbolts	30	30	7	0	f	f
4721	Zangen Stonehoof	25	25	7	1	r	f
4722	Rau Cliffrunner	30	30	7	1	r	f
4723	Foreman Cozzle	38	38	7	0	r	r
4724	Sandstrider	30	31	1	0	y	y
4725	Crazed Sandstrider	37	39	1	0	r	r
4726	Raging Thunder Lizard	33	34	1	0	r	r
4727	Elder Thunder Lizard	37	38	1	0	r	r
4728	Gritjaw Basilisk	31	32	1	0	r	r
4729	Hulking Gritjaw Basilisk	35	36	1	0	r	r
4730	Lelanai	35	35	7	1	f	r
4731	Zachariah Post	30	30	7	1	r	f
4732	Randal Hunter	10	10	7	1	f	r
4752	Kildar	50	50	7	1	r	f
4753	Jartsam	45	45	7	1	f	r
4772	Ultham Ironhorn	10	10	7	1	f	r
4773	Velma Warnam	30	30	7	1	r	f
4775	Felicia Doan	30	30	7	1	r	f
4777	Riding Ram (White)	1	1	1	1	f	f
4778	Riding Ram (Blue)	1	1	1	1	f	f
4779	Riding Ram (Brown)	1	2	1	1	f	f
4780	Riding Ram (Black)	1	1	1	1	f	f
4781	Snufflenose Gopher	1	1	1	0	y	y
4782	Truk Wildbeard	50	50	7	1	f	r
4783	Dawnwatcher Selgorm	25	25	7	1	y	y
4784	Argent Guard Manados	23	23	7	1	y	y
4785	Illusionary Nightmare	29	30	10	0	y	y
4786	Dawnwatcher Shaedlass	22	22	7	1	y	y
4787	Argent Guard Thaelrid	20	20	7	0	y	y
4788	Fallenroot Satyr	20	21	3	0	r	r
4789	Fallenroot Rogue	21	22	3	0	r	r
4791	Nazeer Bloodpike	48	48	7	1	r	f
4792	"Swamp Eye" Jarl	42	42	7	1	f	f
4794	Morgan Stern	36	36	7	1	f	r
4795	Force of Nature	16	17	10	0	f	r
4798	Fallenroot Shadowstalker	23	24	3	0	r	r
4799	Fallenroot Hellcaller	24	25	3	0	r	r
4802	Blackfathom Tide Priestess	20	21	7	0	r	r
4803	Blackfathom Oracle	21	22	7	0	r	r
4805	Blackfathom Sea Witch	23	24	7	0	r	r
4807	Blackfathom Myrmidon	22	23	7	0	r	r
4809	Twilight Acolyte	24	25	7	0	r	r
4810	Twilight Reaver	25	26	7	0	r	r
4811	Twilight Aquamancer	25	26	7	0	r	r
4812	Twilight Loreseeker	24	25	7	0	r	r
4813	Twilight Shadowmage	26	27	7	0	r	r
4814	Twilight Elementalist	26	27	7	0	r	r
4815	Murkshallow Snapclaw	22	23	7	0	r	r
4816	Murkshallow Shellhide	23	24	7	0	r	r
4818	Blindlight Murloc	22	23	7	0	r	r
4819	Blindlight Muckdweller	25	25	7	0	r	r
4820	Blindlight Oracle	25	25	7	0	r	r
4821	Skittering Crustacean	22	23	1	0	y	y
4822	Snapping Crustacean	23	24	1	0	y	y
4823	Barbed Crustacean	25	26	1	0	r	r
4824	Aku'mai Fisher	23	24	1	0	y	y
4825	Aku'mai Snapjaw	26	27	1	0	r	r
4827	Deep Pool Threshfin	24	25	1	0	r	r
4829	Aku'mai	28	28	10	0	r	r
4830	Old Serra'kis	26	26	1	0	r	r
4831	Lady Sarevess	25	25	7	0	r	r
4832	Twilight Lord Kelris	27	27	7	0	r	r
4834	Theramore Infiltrator	35	36	7	0	f	y
4841	Deadmire	45	45	1	0	r	r
4842	Earthcaller Halmgar	32	32	7	0	r	r
4844	Shadowforge Surveyor	35	36	7	0	r	r
4845	Shadowforge Ruffian	36	37	7	0	r	r
4846	Shadowforge Digger	35	36	7	0	r	r
4847	Shadowforge Relic Hunter	39	40	7	0	r	r
4848	Shadowforge Darkcaster	43	44	7	0	r	r
4849	Shadowforge Archaeologist	43	44	7	0	r	r
4850	Stonevault Cave Lurker	38	39	7	0	r	r
4851	Stonevault Rockchewer	36	37	7	0	r	r
4852	Stonevault Oracle	37	38	7	0	r	r
4853	Stonevault Geomancer	43	44	7	0	r	r
4854	Grimlok	45	45	7	0	r	r
4855	Stonevault Brawler	43	44	7	0	r	r
4856	Stonevault Cave Hunter	36	37	7	0	r	r
4857	Stone Keeper	46	46	4	0	r	r
4860	Stone Steward	44	44	4	0	r	r
4861	Shrike Bat	38	39	1	0	r	r
4862	Rabid Shrike Bat	38	39	1	0	r	r
4863	Jadespine Basilisk	39	40	1	0	r	r
4872	Obsidian Golem	38	38	9	0	r	r
4875	Turhaw	40	40	7	1	r	f
4876	Jawn Highmesa	35	35	7	1	r	f
4877	Jandia	37	37	7	1	r	f
4878	Montarr	36	36	7	1	r	f
4879	Ogg'marr	40	40	7	1	r	f
4880	"Stinky" Ignatz	35	35	7	0	f	f
4881	Varng	39	39	7	0	r	f
4882	[UNUSED] Om'kan	41	41	7	0	r	f
4883	Krak	43	43	7	1	r	f
4884	Zulrg	43	43	7	1	r	f
4885	Gregor MacVince	35	35	7	1	f	r
4886	Hans Weston	37	37	7	1	f	r
4887	Ghamoo-ra	25	25	1	0	r	r
4888	Marie Holdston	37	37	7	1	f	r
4889	Torq Ironblast	40	40	7	1	f	r
4890	Piter Verance	41	41	7	1	f	r
4891	Dwane Wertle	28	28	7	1	f	r
4892	Jensen Farran	37	37	7	1	f	r
4893	Bartender Lillian	45	45	7	1	f	r
4894	Craig Nollward	32	32	7	1	f	r
4895	Smiling Jim	35	35	7	1	f	r
4896	Charity Mipsy	35	35	7	1	f	r
4897	Helenia Olden	34	34	7	1	f	r
4898	Brant Jasperbloom	37	37	7	1	f	r
4899	Uma Bartulm	37	37	7	1	f	r
4900	Alchemist Narett	37	37	7	1	f	r
4901	Sara Pierce	2	2	7	1	f	r
4902	Mikal Pierce	38	38	7	1	f	r
4921	Guard Byron	40	40	7	1	f	r
4922	Guard Edward	50	50	7	0	f	r
4923	Guard Jarad	50	50	7	0	f	r
4924	Combat Master Criton	55	55	7	1	f	r
4926	Krog	40	40	7	1	r	f
4941	Caz Twosprocket	35	35	7	1	f	r
4942	Test Petition Giver	12	12	7	0	f	r
4943	Mosarn	30	30	7	1	r	f
4944	Captain Garran Vimes	50	50	7	1	f	r
4945	Goblin Drag Car	32	32	9	1	f	f
4946	Gnome Drag Car	32	32	9	1	f	f
4947	Theramore Lieutenant	52	52	7	1	f	r
4948	Adjutant Tesoran	35	35	7	1	f	r
4949	Thrall	63	63	7	0	r	f
4950	Spot	35	35	1	0	f	r
4951	Theramore Practicing Guard	48	51	7	1	f	r
4952	Theramore Combat Dummy	1	1	9	1	y	y
4953	Moccasin	1	1	8	0	y	y
4954	Uttnar	36	36	7	1	r	f
4955	Theramore Archery Target 1	1	1	9	0	f	r
4957	Theramore Combat Dummy 4	1	1	9	0	y	y
4958	Haunting Spirit	21	22	6	0	r	r
4959	Jorgen	15	15	7	1	f	r
4960	Bishop DeLavey	32	32	7	1	f	r
4961	Dashel Stonefist	26	26	7	0	f	r
4962	Tapoke "Slim" Jahn	34	34	7	0	f	r
4963	Mikhail	30	30	7	1	f	r
4964	Commander Samaul	40	40	7	1	f	r
4965	Pained	45	45	7	1	f	r
4966	Private Hendel	35	35	7	0	f	r
4967	Archmage Tervosh	38	38	7	1	f	r
4968	Lady Jaina Proudmoore	63	63	7	1	f	r
4969	Old Town Thug	25	26	7	0	r	r
4970	Defias Agent	24	25	7	0	r	r
4971	Slim's Friend	34	34	7	0	y	y
4972	Kagoro	40	40	7	1	r	f
4973	Guard Lasiter	50	50	7	0	f	r
4974	Aldwin Laughlin	50	50	7	1	f	r
4975	Theramore Archery Target 2	1	1	9	0	f	r
4976	Elise Laughlin	25	25	7	0	f	r
4977	Murkshallow Softshell	25	25	7	0	r	r
4978	Aku'mai Servant	26	26	4	0	r	r
4979	Theramore Guard	53	57	7	0	f	r
4980	Paval Reethe	35	35	7	1	f	f
4981	Ben Trias	25	25	7	1	f	r
4982	Thomas	1	1	7	1	f	r
4983	Ogron	35	35	7	0	y	f
4984	Argos Nightwhisper	20	20	7	1	f	r
4985	World Druid Trainer	10	10	7	0	f	f
4986	World Hunter Trainer	10	10	7	0	f	f
4987	World Mage Trainer	10	10	7	0	f	f
4988	World Paladin Trainer	10	10	7	0	f	f
4989	World Priest Trainer	10	10	7	0	f	f
4990	World Rogue Trainer	10	10	7	0	f	f
4991	World Shaman Trainer	10	10	7	0	f	f
4992	World Warrior Trainer	10	10	7	0	f	f
4993	World Warlock Trainer	10	10	7	0	f	f
4994	World Wolf Trainer	10	10	7	0	f	f
4995	Stockade Guard	45	45	7	0	f	r
4996	Injured Stockade Guard	45	45	7	1	f	r
4997	World Fishing Trainer	10	10	7	0	f	f
4998	World Herbalism Trainer	10	10	7	0	f	f
4999	World Mining Trainer	10	10	7	0	f	f
5000	World Hunter Beast Trainer	10	10	7	0	f	f
5001	World Bird Trainer	10	10	7	0	f	f
5002	World Boar Trainer	1	1	7	0	f	f
5003	World Cat Trainer	10	10	7	0	f	f
5004	World Crawler Trainer	10	10	7	0	f	f
5005	World Crocodile Trainer	10	10	7	0	f	f
5006	World Demon Trainer	10	10	7	0	f	f
5007	World Felhunter Trainer	10	10	7	0	f	f
5008	World Gorilla Trainer	10	10	7	0	f	f
5009	World Horse Trainer	10	10	7	0	f	f
5010	World Imp Trainer	10	10	7	0	f	f
5011	World Raptor Trainer	10	10	7	0	f	f
5012	World Scorpid Trainer	10	10	7	0	f	f
5013	World Spider Trainer	10	10	7	0	f	f
5014	World Succubus Trainer	10	10	7	0	f	f
5015	World Tallstrider Trainer	10	10	7	0	f	f
5016	World Voidwalker Trainer	10	10	7	0	f	f
5017	World Turtle Trainer	10	10	7	0	f	f
5018	World Portal: Darnassus Trainer	10	10	7	0	f	f
5019	World Portal: Ironforge Trainer	10	10	7	0	f	f
5020	World Portal: Orgrimmar Trainer	10	10	7	0	f	f
5021	World Portal: Stormwind Trainer	10	10	7	0	f	f
5022	World Portal: Thunder Bluff Trainer	10	10	7	0	f	f
5023	World Portal: Undercity Trainer	10	10	7	0	f	f
5024	World First Aid Trainer	10	10	7	0	f	f
5026	World Horse Riding Trainer	10	10	7	0	f	f
5027	World Lockpicking Trainer	1	1	7	0	f	f
5028	World Ram Riding Trainer	10	10	7	0	f	f
5029	World Survival Trainer	1	1	7	0	f	f
5030	World Tiger Riding Trainer	10	10	7	0	f	f
5031	World Wolf Riding Trainer	10	10	7	0	f	f
5032	World Alchemy Trainer	10	10	7	0	f	f
5033	World Blacksmith Trainer	10	10	7	0	f	f
5034	World Brewing Trainer	1	1	7	0	f	f
5035	World Cartography Trainer	10	10	7	0	f	f
5036	World Cooking Trainer	10	10	7	0	f	f
5037	World Engineering Trainer	10	10	7	0	f	f
5038	World Enchanting Trainer	10	10	7	0	f	f
5039	World Tracking Trainer	10	10	7	0	f	f
5040	World Leatherworking Trainer	10	10	7	0	f	f
5041	World Tailoring Trainer	10	10	7	0	f	f
5042	Nurse Lillian	30	30	7	1	f	r
5043	Defias Rioter	20	20	7	0	r	r
5044	Theramore Skirmisher	36	36	7	0	f	r
5045	Private Hallan	36	36	7	0	f	r
5046	Lieutenant Caldwell	37	37	7	0	f	r
5047	Ellaercia	30	30	7	1	f	r
5048	Deviate Adder	18	19	1	0	r	r
5049	Lyesa Steelbrow	25	25	7	1	f	r
5050	[UNUSED] Rallus	35	35	7	0	r	f
5051	[UNUSED] Frewa	25	25	7	0	r	f
5052	Edward Remington	25	25	7	1	r	f
5053	Deviate Crocolisk	18	19	1	0	r	r
5054	Krumn	50	50	7	1	r	f
5055	Deviate Lasher	19	20	10	0	r	r
5056	Deviate Dreadfang	20	21	1	0	r	r
5057	Theramore Deserter	37	37	7	0	f	r
5058	Wolfguard Worg	20	21	1	0	r	r
5059	Galthogran the Callous	40	40	7	0	r	r
5060	World Banker	45	45	7	0	f	f
5061	World Guild Tabbard Vendor	10	10	7	0	f	f
5062	World Reagent Vendor	10	10	7	0	f	f
5063	Pat's Test Kobold	60	60	7	0	r	r
5064	World Trade Supplies	10	10	7	0	f	f
5081	Connor Rivers	25	25	7	1	f	r
5082	Vincent Hyal	30	30	7	1	f	r
5083	Clerk Lendry	20	20	7	1	f	r
5084	Ironforge Zinn	42	42	7	0	f	r
5085	Sentry Point Guard	32	33	7	0	f	r
5086	Sentry Point Captain	34	35	7	0	f	r
5087	Do'gol	30	30	7	1	r	f
5088	Falgran Hastil	38	38	7	1	f	r
5089	Balos Jacken	38	38	7	0	r	r
5090	Combat Master Szigeti	55	55	7	1	f	r
5091	Guard Kahil	50	50	7	0	f	r
5092	Guard Lana	50	50	7	0	f	r
5093	Guard Narrisha	50	50	7	0	f	r
5094	Guard Tark	50	50	7	0	f	r
5095	Captain Andrews	53	53	7	1	f	r
5096	Captain Thomas	53	53	7	1	f	r
5097	Lupine Delusion	24	25	6	0	r	r
5098	[UNUSED] Guffren Boulderbeard	45	45	7	0	f	f
5099	Soleil Stonemantle	45	45	7	1	f	r
5100	Fillius Fizzlespinner	30	30	7	1	f	r
5101	Bryllia Ironbrand	30	30	7	1	f	r
5102	Dolman Steelfury	30	30	7	1	f	r
5103	Grenil Steelfury	30	30	7	1	f	r
5104	Laene Thundershot	40	40	7	0	f	r
5105	Gilbin	30	30	7	0	f	r
5106	Bromiir Ormsen	30	30	7	1	f	r
5107	Mangorn Flinthammer	30	30	7	1	f	r
5108	Raena Flinthammer	30	30	7	1	f	r
5109	Myra Tyrngaarde	30	30	7	1	f	r
5110	Barim Jurgenstaad	30	30	7	1	f	r
5111	Innkeeper Firebrew	30	30	7	1	f	r
5112	Gwenna Firebrew	30	30	7	1	f	r
5113	Kelv Sternhammer	45	45	7	1	f	r
5114	Bilban Tosslespanner	45	45	7	1	f	r
5115	Daera Brightspear	60	60	7	1	f	r
5116	Olmin Burningbeard	50	50	7	1	f	r
5117	Regnus Thundergranite	40	40	7	1	f	r
5118	Brogun Stoneshield	61	61	7	0	f	r
5119	Hegnar Swiftaxe	30	30	7	1	f	r
5120	Brenwyn Wintersteel	30	30	7	1	f	r
5121	Kelomir Ironhand	30	30	7	1	f	r
5122	Skolmin Goldfury	30	30	7	1	f	r
5123	Bretta Goldfury	30	30	7	1	f	r
5124	Sognar Cliffbeard	30	30	7	1	f	r
5125	Dolkin Craghelm	30	30	7	1	f	r
5126	Olthran Craghelm	30	30	7	1	f	r
5127	Fimble Finespindle	35	35	7	1	f	r
5128	Bombus Finespindle	30	30	7	1	f	r
5129	Lissyphus Finespindle	30	30	7	1	f	r
5130	Jondor Steelbrow	60	60	7	1	f	r
5131	[UNUSED] Kiren Tyrngaarde	30	30	7	0	f	r
5132	Pithwick	30	30	7	1	f	r
5133	Harick Boulderdrum	30	30	7	1	f	r
5134	Jonivera Farmountain	55	55	7	1	f	r
5135	Svalbrad Farmountain	55	55	7	1	f	r
5137	Reyna Stonebranch	35	35	7	1	f	r
5138	Gwina Stonebranch	30	30	7	1	f	r
5139	Kurdrum Barleybeard	55	55	7	1	f	r
5140	Edris Barleybeard	30	30	7	1	f	r
5141	Theodrus Frostbeard	60	60	7	1	f	r
5142	Braenna Flintcrag	50	50	7	1	f	r
5143	Toldren Deepiron	40	40	7	1	f	r
5144	Bink	40	40	7	1	f	r
5145	Juli Stormkettle	50	50	7	1	f	r
5146	Nittlebur Sparkfizzle	60	60	7	1	f	r
5147	Valgar Highforge	60	60	7	1	f	r
5148	Beldruk Doombrow	50	50	7	1	f	r
5149	Brandur Ironhammer	50	50	7	1	f	r
5150	Nissa Firestone	35	35	7	1	f	r
5151	Ginny Longberry	30	30	7	1	f	r
5152	Bingus	30	30	7	1	f	r
5153	Jormund Stonebrow	35	35	7	1	f	r
5154	Poranna Snowbraid	30	30	7	1	f	r
5155	Ingrys Stonebrow	30	30	7	1	f	r
5156	Maeva Snowbraid	30	30	7	1	f	r
5157	Gimble Thistlefuzz	35	35	7	1	f	r
5158	Tilli Thistlefuzz	30	30	7	1	f	r
5159	Daryl Riknussun	35	35	7	1	f	r
5160	Emrul Riknussun	30	30	7	1	f	r
5161	Grimnur Stonebrand	35	35	7	1	f	r
5162	Tansy Puddlefizz	30	30	7	1	f	r
5163	Burbik Gearspanner	30	30	7	1	f	r
5164	Grumnus Steelshaper	60	60	7	1	f	r
5165	Hulfdan Blackbeard	60	60	7	1	f	r
5166	Ormyr Flinteye	50	50	7	1	f	r
5167	Fenthwick	40	40	7	1	f	r
5169	Tynnus Venomsprout	30	30	7	1	f	r
5170	Hjoldir Stoneblade	30	30	7	1	f	r
5171	Thistleheart	40	40	7	1	f	r
5172	Briarthorn	50	50	7	1	f	r
5173	Alexander Calder	60	60	7	1	f	r
5174	Springspindle Fizzlegear	45	45	7	1	f	r
5175	Gearcutter Cogspinner	30	30	7	1	f	r
5177	Tally Berryfizz	35	35	7	1	f	r
5178	Soolie Berryfizz	30	30	7	1	f	r
5184	Theramore Sentry	35	36	7	0	f	r
5185	Hammerhead Shark	31	32	1	0	r	r
5186	Basking Shark	41	42	1	0	r	r
5187	Southsea Cannon	13	14	9	0	r	r
5188	Garyl	30	30	7	1	r	f
5189	Thrumn	25	25	7	1	r	f
5190	Merill Pleasance	25	25	7	1	r	f
5191	Shalumon	25	25	7	1	f	r
5192	[UNUSED] Nils Stonebrow	25	25	7	0	f	r
5193	Rebecca Laughlin	25	25	7	1	f	r
5194	Black Riding Wolf	10	10	1	1	r	f
5195	Brown Riding Wolf	10	10	1	1	f	f
5196	Gray Riding Wolf	10	10	1	1	r	f
5197	Red Riding Wolf	10	10	1	1	r	f
5198	Arctic Riding Wolf	10	10	1	1	f	f
5199	Medic Tamberlyn	51	51	7	1	f	r
5200	Medic Helaina	51	51	7	1	f	r
5201	Pat's Test Human	1	2	7	0	f	f
5202	Archery Target	1	1	9	1	r	r
5204	Apothecary Zinge	29	29	7	1	r	f
5224	Murk Slitherer	45	46	1	0	r	r
5225	Murk Spitter	46	47	1	0	r	r
5226	Murk Worm	47	48	1	0	r	r
5228	Saturated Ooze	47	48	10	0	r	r
5229	Gordunni Ogre	40	41	7	0	r	r
5231	Gordunni Enforcer	41	42	7	0	r	r
5232	Gordunni Brute	42	43	7	0	r	r
5234	Gordunni Mauler	43	44	7	0	r	r
5235	Fungal Ooze	45	46	10	0	r	r
5236	Gordunni Shaman	44	45	7	0	r	r
5237	Gordunni Ogre Mage	41	42	7	0	r	r
5238	Gordunni Battlemaster	45	46	7	0	r	r
5239	Gordunni Mage-Lord	45	46	7	0	r	r
5240	Gordunni Warlock	43	44	7	0	r	r
5241	Gordunni Warlord	46	47	7	0	r	r
5243	Cursed Atal'ai	45	46	7	0	r	r
5244	Zukk'ash Stinger	45	46	10	0	r	r
5245	Zukk'ash Wasp	44	45	10	0	r	r
5246	Zukk'ash Worker	44	45	10	0	r	r
5247	Zukk'ash Tunneler	45	46	10	0	r	r
5249	Woodpaw Mongrel	40	41	7	0	r	r
5251	Woodpaw Trapper	41	42	7	0	r	r
5253	Woodpaw Brute	41	42	7	0	r	r
5254	Woodpaw Mystic	42	43	7	0	r	r
5255	Woodpaw Reaver	42	43	7	0	r	r
5256	Atal'ai Warrior	48	49	7	0	r	r
5258	Woodpaw Alpha	43	44	7	0	r	r
5259	Atal'ai Witch Doctor	49	50	7	0	r	r
5260	Groddoc Ape	42	43	1	0	r	r
5261	Enthralled Atal'ai	45	46	7	0	r	r
5262	Groddoc Thunderer	49	50	1	0	r	r
5263	Mummified Atal'ai	46	47	6	0	r	r
5264	Groddoc Chestpounder	45	46	1	0	r	r
5267	Unliving Atal'ai	48	49	6	0	r	r
5268	Ironfur Bear	41	42	1	0	r	r
5269	Atal'ai Priest	46	47	7	0	r	r
5270	Atal'ai Corpse Eater	49	50	6	0	r	r
5271	Atal'ai Deathwalker	50	51	6	0	r	r
5272	Grizzled Ironfur Bear	44	45	1	0	r	r
5273	Atal'ai High Priest	50	51	7	0	r	r
5274	Ironfur Patriarch	48	49	1	0	r	r
5276	Sprite Dragon	47	50	2	0	y	y
5277	Nightmare Scalebane	50	51	2	0	r	r
5278	Sprite Darter	43	45	2	0	f	y
5280	Nightmare Wyrmkin	50	51	2	0	r	r
5283	Nightmare Wanderer	49	50	2	0	r	r
5286	Longtooth Runner	40	41	1	0	r	r
5287	Longtooth Howler	43	44	1	0	r	r
5288	Rabid Longtooth	47	48	1	0	r	r
5291	Hakkari Frostwing	49	50	1	0	r	r
5292	Feral Scar Yeti	43	44	7	0	r	r
5293	Hulking Feral Scar	45	46	7	0	r	r
5295	Enraged Feral Scar	44	45	7	0	r	r
5296	Rage Scar Yeti	46	47	7	0	r	r
5297	Elder Rage Scar	48	49	7	0	r	r
5299	Ferocious Rage Scar	47	48	7	0	r	r
5300	Frayfeather Hippogryph	43	44	1	0	r	r
5304	Frayfeather Stagwing	44	45	1	0	r	r
5305	Frayfeather Skystormer	45	46	1	0	r	r
5306	Frayfeather Patriarch	46	47	1	0	r	r
5307	Vale Screecher	41	43	1	0	r	r
5308	Rogue Vale Screecher	44	46	1	0	r	r
5312	Lethlas	62	62	2	0	r	r
5314	Phantim	62	62	2	0	r	r
5315	Jademir Dragonspawn	60	60	2	0	r	r
5317	Jademir Oracle	61	61	2	0	r	r
5319	Jademir Tree Warder	60	60	2	0	r	r
5320	Jademir Boughguard	62	62	2	0	r	r
5326	Coast Crawl Clacker	50	50	7	0	r	r
5327	Coast Crawl Snapclaw	44	45	7	0	r	r
5328	Coast Crawl Deepseer	43	44	7	0	r	r
5331	Hatecrest Warrior	42	43	7	0	r	r
5332	Hatecrest Wave Rider	41	42	7	0	r	r
5333	Hatecrest Serpent Guard	44	45	7	0	r	r
5334	Hatecrest Myrmidon	43	44	7	0	r	r
5335	Hatecrest Screamer	41	42	7	0	r	r
5336	Hatecrest Sorceress	43	44	7	0	r	r
5337	Hatecrest Siren	42	43	7	0	r	r
5343	Lady Szallah	46	46	7	0	r	r
5345	Diamond Head	45	45	7	0	r	r
5346	Bloodroar the Stalker	48	48	7	0	r	r
5347	Antilus the Soarer	48	48	1	0	r	r
5348	Dreamwatcher Forktongue	55	55	2	0	f	f
5349	Arash-ethis	49	49	1	0	r	r
5350	Qirot	47	47	10	0	r	r
5352	Old Grizzlegut	43	43	1	0	r	r
5353	Itharius	45	45	7	1	f	f
5354	Gnarl Leafbrother	44	44	4	0	r	r
5355	Blink (Reuse)	63	63	2	0	r	r
5356	Snarler	42	42	1	0	r	r
5357	Land Walker	48	49	5	0	r	r
5358	Cliff Giant	49	50	5	0	r	r
5359	Shore Strider	48	49	5	0	r	r
5360	Deep Strider	47	49	5	0	r	r
5361	Wave Strider	47	48	5	0	r	r
5362	Northspring Harpy	48	49	7	0	r	r
5363	Northspring Roguefeather	48	49	7	0	r	r
5364	Northspring Slayer	49	50	7	0	r	r
5366	Northspring Windcaller	49	50	7	0	r	r
5367	Scillia Daggerquil	35	35	7	0	r	r
5384	Brohann Caskbelly	40	40	7	1	f	r
5385	Watcher Mahar Ba	45	45	7	1	f	r
5386	Acolyte Dellis	15	15	7	1	f	r
5387	High Explorer Magellas	60	60	7	1	f	r
5388	Ingo Woolybush	39	39	7	1	f	r
5389	Prospector Gunstan	45	45	7	1	f	r
5390	Sage Palerunner	49	49	7	1	r	f
5391	Galen Goodward	37	37	7	0	f	f
5392	Yarr Hammerstone	10	10	7	1	f	r
5393	Quartermaster Lungertz	54	54	7	1	f	r
5394	Neeka Bloodscar	45	45	7	1	r	f
5395	Felgur Twocuts	44	44	7	1	r	f
5396	Captain Pentigast	42	42	7	1	f	r
5397	Uthek the Wise	44	44	7	1	f	f
5398	Warug	44	44	7	1	f	f
5399	Veyzhak the Cannibal	48	48	7	0	r	r
5400	Zekkis	48	48	6	0	r	r
5401	Kazkaz the Unholy	48	48	7	0	r	r
5402	Khan Hratha	42	42	7	0	r	r
5403	White Stallion	1	2	1	1	f	f
5404	Black Stallion	1	2	1	1	f	f
5405	Pinto	1	2	1	1	f	f
5406	Palomino	1	2	1	1	f	f
5407	Nightmare	1	1	3	1	f	f
5409	Harvester Swarm	24	24	1	0	r	r
5411	Krinkle Goodsteel	40	40	7	1	y	y
5412	Gurda Wildmane	35	35	7	1	r	f
5413	Furen Longbeard	40	40	7	1	f	r
5414	Apothecary Faustin	40	40	7	1	r	f
5415	Centaur Outrunner	38	38	7	0	r	r
5416	Infiltrator Marksen	40	40	7	1	f	f
5418	Deathstalker Zraedus	40	40	7	1	r	f
5419	Glasshide Basilisk	42	43	1	0	r	r
5420	Glasshide Gazer	45	46	1	0	r	r
5421	Glasshide Petrifier	48	49	1	0	r	r
5422	Scorpid Hunter	40	41	1	0	r	r
5423	Scorpid Tail Lasher	43	44	1	0	r	r
5424	Scorpid Dunestalker	46	47	1	0	r	r
5425	Starving Blisterpaw	41	42	1	0	r	r
5426	Blisterpaw Hyena	44	45	1	0	r	r
5427	Rabid Blisterpaw	47	48	1	0	r	r
5428	Roc	41	43	1	0	r	r
5429	Fire Roc	43	45	1	0	r	r
5430	Searing Roc	47	49	1	0	r	r
5431	Surf Glider	48	50	1	0	r	r
5432	Giant Surf Glider	48	50	1	0	r	r
5433	Tamed Bear	50	50	1	0	y	y
5434	Coral Shark	46	47	1	0	r	r
5435	Sand Shark	12	13	1	0	r	r
5436	Tamed Bird	50	50	1	0	y	y
5437	Tamed Boar	50	50	1	0	y	y
5438	Tamed Cat	50	50	1	0	y	y
5439	Tamed Crawler	50	50	1	0	y	y
5440	Tamed Crocolisk	50	50	1	0	y	y
5441	Hazzali Wasp	47	48	10	0	r	r
5442	Tamed Gorilla	50	50	1	0	y	y
5443	Tamed Zhevra	50	50	1	0	y	y
5444	Tamed Raptor	50	50	1	0	y	y
5445	Tamed Scorpid	50	50	1	0	y	y
5446	Tamed Spider	50	50	1	0	y	y
5447	Tamed Tallstrider	50	50	1	0	y	y
5448	Tamed Turtle	50	50	1	0	y	y
5449	Tamed Wolf	50	50	1	0	y	y
5450	Hazzali Stinger	49	50	10	0	r	r
5451	Hazzali Swarmer	49	50	10	0	r	r
5452	Hazzali Worker	47	48	10	0	r	r
5453	Hazzali Tunneler	48	49	10	0	r	r
5454	Hazzali Sandreaver	49	50	10	0	r	r
5455	Centipaar Wasp	47	48	10	0	r	r
5456	Centipaar Stinger	48	49	10	0	r	r
5457	Centipaar Swarmer	49	50	10	0	r	r
5458	Centipaar Worker	48	49	10	0	r	r
5459	Centipaar Tunneler	47	48	10	0	r	r
5460	Centipaar Sandreaver	49	50	10	0	r	r
5461	Sea Elemental	48	49	4	0	r	r
5462	Sea Spray	47	48	4	0	r	r
5464	Watchmaster Sorigal	29	29	7	1	f	r
5465	Land Rager	45	47	4	0	r	r
5466	Coast Strider	48	49	5	0	r	r
5467	Deep Dweller	47	47	5	0	r	r
5468	Wandering Dune Smasher	47	48	5	0	r	r
5469	Dune Smasher	48	49	5	0	r	r
5470	Raging Dune Smasher	49	50	5	0	r	r
5471	Dunemaul Ogre	45	46	7	0	r	r
5472	Dunemaul Enforcer	46	47	7	0	r	r
5473	Dunemaul Ogre Mage	46	47	7	0	r	r
5474	Dunemaul Brute	47	48	7	0	r	r
5475	Dunemaul Warlock	47	48	7	0	r	r
5476	Watcher Biggs	33	33	7	1	f	r
5477	Noboru the Cudgel	39	39	7	0	r	r
5479	Wu Shen	50	50	7	1	f	r
5480	Ilsa Corbin	40	40	7	1	f	r
5481	Thistleshrub Dew Collector	47	48	4	0	r	r
5482	Stephen Ryback	35	35	7	1	f	r
5483	Erika Tate	30	30	7	1	f	r
5484	Brother Benjamin	40	40	7	1	f	r
5485	Thistleshrub Rootshaper	49	50	4	0	r	r
5489	Brother Joshua	50	50	7	1	f	r
5490	Gnarled Thistleshrub	48	49	4	0	r	r
5491	Arthur the Faithful	40	40	7	1	f	r
5492	Katherine the Pure	50	50	7	1	f	r
5493	Arnold Leland	35	35	7	1	f	r
5494	Catherine Leland	30	30	7	1	f	r
5495	Ursula Deline	40	40	7	1	f	r
5496	Sandahl	50	50	7	1	f	r
5497	Jennea Cannon	40	40	7	1	f	r
5498	Elsharin	50	50	7	1	f	r
5499	Lilyssia Nightbreeze	35	35	7	1	f	r
5500	Tel'Athir	31	31	7	1	f	r
5501	Kaerbrus	57	57	7	1	f	r
5502	Shylamiir	35	35	7	1	f	r
5503	Eldraeith	30	30	7	1	f	r
5504	Sheldras Moontree	60	60	7	1	f	r
5505	Theridran	50	50	7	1	f	r
5506	Maldryn	40	40	7	1	f	r
5507	Celmoridan	35	35	7	0	f	r
5508	Strumner Flintheel	40	40	7	1	f	r
5509	Kathrum Axehand	30	30	7	1	f	r
5510	Thulman Flintcrag	30	30	7	1	f	r
5511	Therum Deepforge	33	33	7	1	f	r
5512	Kaita Deepforge	30	30	7	1	f	r
5513	Gelman Stonehand	35	35	7	1	f	r
5514	Brooke Stonebraid	30	30	7	1	f	r
5515	Einris Brightspear	60	60	7	1	f	r
5516	Ulfir Ironbeard	50	50	7	1	f	r
5517	Thorfin Stoneshield	40	40	7	1	f	r
5518	Lilliam Sparkspindle	35	35	7	1	f	r
5519	Billibub Cogspinner	30	30	7	1	f	r
5520	Spackle Thornberry	40	40	7	1	f	r
5521	Glenrunner	10	10	1	0	f	r
5522	Ironclaw	10	10	1	0	f	r
5523	War Party Kodo	29	30	1	0	r	f
5524	Caravan Watcher	35	40	7	0	f	y
5525	Caravan Packhorse	30	30	1	0	f	y
5526	Caravan Merchant	41	41	7	0	f	y
5542	Stormwind Traveling Merchant	41	41	7	0	f	r
5543	Clarice Foster	17	17	7	1	r	f
5544	[UNUSED] Yuriv Adhem	20	20	7	0	f	r
5546	Grunt Zuul	55	55	7	0	r	f
5547	Grunt Tharlak	55	55	7	0	r	f
5548	[PH] Mine Boss	21	21	7	0	r	r
5549	[PH] Mine Guard	18	18	7	0	r	r
5550	[PH] PVP Peasent	15	17	7	0	f	r
5551	[PH] Caravan Guard	50	50	7	0	r	r
5552	[PH] PVP Peon	15	17	7	0	r	f
5553	[PH] Caravan Scout	50	50	7	0	r	r
5554	[PH] PVP Wildlife	14	17	1	0	r	r
5555	[PH] Ogre Caravan Packhorse	50	50	1	0	y	y
5556	[PH] Alliance Commander	21	21	7	0	f	r
5557	[PH] Horde Commander	21	21	7	0	r	f
5558	[PH] Alliance Guard	15	18	7	0	f	r
5559	[PH] Horde Guard	15	18	7	0	r	f
5560	[PH] Alliance Raider	15	18	7	0	f	r
5561	[PH] Horde Raider	15	18	7	0	r	f
5562	[PH] Alliance Archer	15	18	7	0	f	r
5563	[PH] Horde Archer	15	18	7	0	r	f
5564	Simon Tanner	35	35	7	1	f	r
5565	Jillian Tanner	30	30	7	1	f	r
5566	Tannysa	35	35	7	1	f	r
5567	Sellandus	31	31	7	1	f	r
5568	Captured Leper Gnome	8	8	7	1	f	f
5569	Fizzlebang Booms	40	40	7	1	f	r
5570	Bruuk Barleybeard	50	50	7	1	f	r
5587	[PH] Alliance Mine Boss	21	21	7	0	f	r
5588	[PH] Alliance Mine Guard	18	18	7	0	f	r
5589	[PH] Horde Mine Boss	21	21	7	0	r	f
5590	[PH] Horde Mine Guard	18	18	7	0	r	f
5591	Dar	40	40	7	1	r	f
5592	Tok'Kar	43	43	7	1	r	f
5593	Katar	45	45	7	1	r	f
5594	Alchemist Pestlezugg	45	45	7	1	y	y
5595	Ironforge Guard	55	55	7	0	f	r
5596	Twain Test Prop	7	8	1	0	r	r
5597	Grunt Komak	38	38	7	1	r	f
5598	Atal'ai Exile	45	45	7	1	f	f
5599	Kon Yelloweyes	25	25	7	1	r	f
5600	Khan Dez'hepah	35	35	7	0	r	r
5601	Khan Jehn	37	37	7	0	r	r
5602	Khan Shaka	37	37	7	0	r	r
5603	Grunt Mojka	38	38	7	1	r	f
5604	[UNUSED] [PH] Orcish Barfly	1	1	7	0	r	f
5605	Tisa Martine	30	30	7	1	f	r
5606	Goma	12	12	7	1	r	f
5607	Roger	1	1	7	1	f	f
5608	Jamin	1	1	7	1	f	f
5609	Zazo	14	14	7	1	r	f
5610	Kozish	12	12	7	1	r	f
5611	Barkeep Morag	13	13	7	1	r	f
5612	Gimrizz Shadowcog	15	15	7	1	f	r
5613	Doyo'da	11	11	7	1	r	f
5614	Sarok	25	25	7	1	r	f
5615	Wastewander Rogue	43	44	7	0	r	r
5616	Wastewander Thief	40	41	7	0	r	r
5617	Wastewander Shadow Mage	42	43	7	0	r	r
5618	Wastewander Bandit	41	42	7	0	r	r
5620	Bartender Wental	21	21	7	1	f	r
5621	Timmy	1	1	6	0	r	f
5622	Ongeku	37	37	7	0	r	r
5623	Wastewander Assassin	44	45	7	0	r	r
5624	Undercity Guardian	55	55	6	0	r	f
5625	Theramore Transport	50	50	9	0	f	f
5626	Joey	1	1	6	0	r	f
5627	Johnny	1	1	6	0	r	f
5628	Lieutenant Beech	22	22	7	0	f	r
5629	Theramore Commando	15	15	7	0	f	r
5630	Theramore Mage	21	21	7	0	f	r
5631	Theramore Medic	20	20	7	0	f	r
5632	Theramore Incursion Master Control Program	1	1	10	0	f	f
5633	Lieutenant Baxter	22	22	7	0	f	r
5634	Rhapsody Shindigger	44	44	7	1	f	f
5635	Falstad Wildhammer	50	50	7	1	f	r
5636	Gryphon Master Talonaxe	44	44	7	1	f	r
5637	Roetten Stonehammer	40	40	7	1	f	r
5638	Kreldig Ungor	35	35	7	1	f	r
5639	Craven Drok	35	35	7	1	r	f
5640	Keldran	38	38	7	1	r	f
5641	Takata Steelblade	40	40	7	1	r	f
5642	Vahlarriel Demonslayer	37	37	7	1	f	r
5643	Tyranis Malem	36	36	7	0	r	r
5644	Dalinda Malem	35	35	7	1	f	f
5645	Sandfury Hideskinner	42	43	7	0	r	r
5646	Sandfury Axe Thrower	42	44	7	0	r	r
5647	Sandfury Firecaller	43	44	7	0	r	r
5648	Sandfury Shadowcaster	43	44	7	0	r	r
5649	Sandfury Blood Drinker	44	45	7	0	r	r
5650	Sandfury Witch Doctor	44	45	7	0	r	r
5651	Patrick Garrett	15	15	7	1	r	f
5652	Practice Dummy	25	25	9	1	y	y
5653	Tyler	20	20	7	0	r	f
5654	Edward	20	20	7	0	r	f
5655	Robert Gossom	20	20	7	0	r	f
5656	Richard Van Brunt	20	20	7	0	r	f
5657	Marla Fowler	20	20	7	0	r	f
5658	Chloe Curthas	20	20	7	0	r	f
5659	Andrew Hartwell	20	20	7	0	r	f
5660	Riley Walker	20	20	7	0	r	f
5661	Brother Malach	20	20	7	1	r	f
5662	Sergeant Houser	40	40	7	1	r	f
5663	Travist Bosk	20	20	7	1	r	f
5664	Eldin Partridge	20	20	7	1	r	f
5665	Alyssa Blaye	20	20	7	1	r	f
5666	Gunther's Visage	53	53	7	1	r	f
5667	Venya Marthand	10	10	7	1	r	f
5668	Mattie Alred	20	20	7	1	r	f
5669	Helena Atwood	20	20	7	1	r	f
5670	Edrick Killian	20	20	7	1	r	f
5671	[UNUSED] Lawrence Sawyer	20	20	7	0	r	f
5672	[UNUSED] Charles Brewton	35	35	7	0	r	f
5674	Practice Target	25	25	9	1	r	f
5675	Carendin Halgar	50	50	7	1	r	f
5676	Summoned Voidwalker	10	10	3	1	f	f
5677	Summoned Succubus	20	20	3	1	r	r
5678	[UNUSED] Deathstalker Vincent DEBUG	5	5	7	0	r	r
5679	Lysta Bancroft	30	30	7	0	r	f
5680	Male Human Captive	5	5	7	0	r	r
5681	Female Human Captive	7	7	7	0	r	r
5682	Dalin Forgewright	20	20	7	0	f	r
5683	Comar Villard	22	22	7	0	f	r
5685	Captive Ghoul	10	10	6	0	r	r
5686	Captive Zombie	8	8	6	0	r	r
5687	Captive Abomination	20	20	6	0	r	r
5688	Innkeeper Renee	30	30	7	1	r	f
5689	Steed	5	5	8	0	f	f
5690	Clyde Kellen	16	16	7	1	r	f
5691	Dalin Forgewright Projection	20	20	7	1	f	f
5692	Comar Villard Projection	20	20	7	1	f	f
5693	Godrick Farsan	15	15	7	1	r	f
5694	High Sorcerer Andromath	62	62	7	1	f	r
5695	Vance Undergloom	31	31	7	1	r	f
5696	Gerard Abernathy	40	40	7	1	r	f
5697	Theresa	5	5	7	0	r	f
5698	Joanna Whitehall	40	40	7	1	r	f
5699	Leona Tharpe	40	40	7	0	r	f
5700	Samantha Shackleton	20	20	7	1	r	f
5701	Selina Pickman	20	20	7	1	r	f
5702	Jezelle Pruitt	40	40	7	1	r	f
5703	Winifred Kerwin	20	20	7	1	r	f
5704	Adrian Bartlett	20	20	7	1	r	f
5705	Victor Bartholomew	20	20	7	1	r	f
5706	Davitt Hickson	20	20	7	1	r	f
5707	Reginald Grimsford	20	20	7	1	r	f
5708	Spawn of Hakkar	51	51	1	0	r	r
5709	Shade of Eranikus	55	55	2	0	r	r
5710	Jammal'an the Prophet	54	54	7	0	r	r
5711	Ogom the Wretched	53	53	6	0	r	r
5712	Zolo	51	51	6	0	r	r
5713	Gasher	51	51	6	0	r	r
5714	Loro	51	51	6	0	r	r
5715	Hukku	52	52	6	0	r	r
5716	Zul'Lor	52	52	6	0	r	r
5717	Mijan	52	52	6	0	r	r
5718	Rothos	62	62	2	0	r	r
5719	Morphaz	52	52	2	0	r	r
5720	Weaver	51	51	2	0	r	r
5721	Dreamscythe	53	53	2	0	r	r
5722	Hazzas	53	53	2	0	r	r
5723	Warug's Target Dummy	26	26	9	1	r	r
5724	Ageron Kargal	15	15	7	1	r	f
5725	Deathguard Lundmark	15	15	7	0	r	f
5726	Jezelle's Felhunter	30	30	3	1	r	f
5727	Jezelle's Felsteed	40	40	3	1	r	f
5728	Jezelle's Succubus	40	40	3	1	r	f
5729	Jezelle's Voidwalker	40	40	3	1	r	f
5730	Jezelle's Imp	40	40	3	1	r	f
5731	Apothecary Vallia	20	20	7	1	r	f
5732	Apothecary Katrina	20	20	7	1	r	f
5733	Apothecary Lycanus	20	20	7	1	r	f
5734	Apothecary Keever	20	20	7	1	r	f
5735	Caged Human Female	5	5	7	1	r	f
5736	Caged Human Male	5	5	7	1	r	f
5737	Caged Dwarf Female	5	5	7	0	r	f
5738	Caged Dwarf Male	5	5	7	1	r	f
5739	Caged Squirrel	5	5	8	1	r	f
5740	Caged Chicken	5	5	8	0	r	f
5741	Caged Rabbit	5	5	8	1	r	f
5742	Caged Toad	5	5	8	1	r	f
5743	Caged Sheep	5	5	8	1	r	f
5744	Cedric Stumpel	20	20	7	1	r	f
5745	Lazlow Ashby	20	20	7	0	r	f
5746	Appolonia Kimble	20	20	7	0	r	f
5747	Hepzibah Sedgewick	20	20	7	1	r	f
5748	Killian Sanatha	18	20	7	1	r	f
5749	Kayla Smithe	10	10	7	1	r	f
5750	Gina Lang	10	10	7	1	r	f
5752	Corporal Melkins	39	39	7	1	f	r
5753	Martha Strain	20	20	7	1	r	f
5754	Zane Bradford	10	10	7	1	r	f
5755	Deviate Viper	19	20	1	0	r	r
5756	Deviate Venomwing	20	21	1	0	r	r
5757	Lilly	19	19	7	1	r	f
5758	Leo Sarn	18	18	7	1	r	f
5759	Nurse Neela	10	10	7	1	r	f
5760	Lord Azrethoc	40	40	3	0	r	r
5761	Deviate Shambler	19	20	4	0	r	r
5762	Deviate Moccasin	20	21	1	0	r	r
5763	Nightmare Ectoplasm	20	21	10	0	r	r
5764	Guardian of Blizzard	63	63	4	0	r	r
5765	Ruzan	10	10	7	1	r	f
5766	Savannah Cub	4	5	1	0	r	r
5767	Nalpak	14	14	7	1	f	f
5768	Ebru	14	14	7	1	f	f
5769	Arch Druid Hamuul Runetotem	62	62	7	1	r	f
5770	Nara Wildmane	55	55	7	1	r	f
5771	Jugkar Grim'rod	40	40	7	1	r	r
5772	Lord Azrethoc's Image	40	40	3	0	r	r
5773	Jugkar Grim'rod's Image	40	40	7	1	f	f
5774	Riding Wolf	1	2	1	1	f	f
5775	Verdan the Everliving	21	21	4	0	r	r
5776	Evolving Ectoplasm (Red)	17	18	10	0	r	r
5777	Evolving Ectoplasm (Green)	17	18	10	0	r	r
5778	Evolving Ectoplasm (Black)	17	18	10	0	r	r
5779	Summoned Viper	20	20	7	0	r	r
5780	Cloned Ectoplasm	16	17	10	0	r	r
5781	Silithid Creeper Egg	21	21	10	0	r	r
5782	Crildor	55	55	7	1	f	r
5783	Kalldan Felmoon	27	27	7	1	f	f
5784	Waldor	28	28	7	1	f	f
5785	Sister Hatelash	11	11	7	0	r	r
5786	Snagglespear	9	9	7	0	r	r
5787	Enforcer Emilgund	11	11	7	0	r	r
5788	Gelgann Direforge	10	10	7	0	f	r
5789	Serra Mountainhome	10	10	7	0	f	r
5790	Lizzle Sprysprocket	9	9	7	0	f	r
5791	Cobrahn Snake Form	1	1	7	0	f	f
5792	Drag Master Miglen	35	35	7	1	f	f
5793	Captain Armistice	10	10	7	0	f	r
5794	Thurmonde the Devout	10	10	7	0	f	r
5795	Grash Thunderbrew	9	9	7	0	f	r
5796	Ben	8	8	1	0	f	r
5797	Aean Swiftriver	25	25	7	0	f	r
5798	Thora Feathermoon	25	25	7	0	f	r
5799	Hannah Bladeleaf	24	24	7	0	f	r
5800	Marcus Bel	24	24	7	0	f	r
5801	[PH] Party Bot	15	15	7	0	f	f
5806	Treant Ally	22	23	4	0	f	r
5807	The Rake	10	10	1	0	r	r
5808	Warlord Kolkanis	9	9	7	0	r	r
5809	Watch Commander Zalaphil	9	9	7	0	f	r
5810	Uzzek	20	20	7	1	r	f
5811	Kamari	26	26	7	1	r	f
5812	Tumi	30	30	7	1	r	f
5813	[UNUSED] Shikar	30	30	7	0	r	f
5814	Innkeeper Thulbek	30	30	7	1	r	f
5815	Kurgul	45	45	7	1	r	f
5816	Katis	30	30	7	1	r	f
5817	Shimra	30	30	7	1	r	f
5818	[UNUSED] Tren'Shan	35	35	7	0	f	f
5819	Mirelle Tremayne	30	30	7	1	r	f
5820	Gillian Moore	30	30	7	1	r	f
5821	Sheldon Von Croy	30	30	7	1	r	f
5822	Felweaver Scornn	11	11	7	0	r	r
5823	Death Flayer	11	11	1	0	r	r
5824	Captain Flat Tusk	11	11	7	0	r	r
5825	Corrupt Tyranis Malem	35	35	7	0	r	r
5826	Geolord Mottle	9	9	7	0	r	r
5827	Brontus	27	27	1	0	y	y
5828	Humar the Pridelord	23	23	1	0	r	r
5829	Snort the Heckler	17	17	1	0	r	r
5830	Sister Rathtalon	19	19	7	0	r	r
5831	Swiftmane	21	21	1	0	y	y
5832	Thunderstomp	24	24	1	0	r	r
5833	Margol the Rager	48	48	1	0	r	r
5834	Azzere the Skyblade	25	25	1	0	r	r
5835	Foreman Grills	19	19	7	0	r	r
5836	Engineer Whirleygig	19	19	7	0	r	r
5837	Stonearm	15	15	7	0	r	r
5838	Brokespear	17	17	7	0	r	r
5839	Dark Iron Geologist	43	44	7	0	r	r
5840	Dark Iron Steamsmith	46	47	7	0	r	r
5841	Rocklance	17	17	7	0	r	r
5842	Takk the Leaper	19	19	1	0	r	r
5843	Slave Worker	45	47	7	0	y	y
5844	Dark Iron Slaver	45	46	7	0	r	r
5846	Dark Iron Taskmaster	47	48	7	0	r	r
5847	Heggin Stonewhisker	24	24	7	0	f	r
5848	Malgin Barleybrew	25	25	7	0	f	r
5849	Digger Flameforge	24	24	7	0	f	r
5850	Blazing Elemental	45	47	4	0	r	r
5851	Captain Gerogg Hammertoe	27	27	7	0	f	r
5852	Inferno Elemental	47	49	4	0	r	r
5853	Tempered War Golem	45	47	4	0	r	r
5854	Heavy War Golem	47	49	4	0	r	r
5855	Magma Elemental	46	48	4	0	r	r
5856	Glassweb Spider	43	45	1	0	r	r
5857	Searing Lava Spider	45	47	1	0	r	r
5858	Greater Lava Spider	47	49	1	0	r	r
5859	Hagg Taurenbane	26	26	7	0	r	r
5860	Twilight Dark Shaman	47	48	7	0	r	r
5861	Twilight Fire Guard	48	49	7	0	r	r
5862	Twilight Geomancer	49	50	7	0	r	r
5863	Geopriest Gukk'rok	19	19	7	0	r	r
5864	Swinegart Spearhide	22	22	7	0	r	r
5865	Dishu	13	13	1	0	r	r
5866	Equipment Squirrel	1	1	8	0	y	y
5867	Maximum Squirrel	1	1	8	0	y	y
5868	Evil Squirrel	1	1	8	0	y	y
5870	Krond	27	27	7	1	r	f
5871	Larhka	18	18	7	1	r	f
5872	Serpent Form	1	1	1	0	f	f
5873	Stoneskin Totem	9	9	11	0	f	f
5874	Strength of Earth Totem	14	14	11	0	f	f
5875	Gan'rul Bloodeye	40	40	7	1	r	f
5876	[UNUSED] Grumol	10	10	7	0	r	f
5877	[UNUSED] Yar'luk	10	10	7	0	r	f
5878	Thun'grim Firegaze	29	29	7	1	r	f
5879	Fire Nova Totem	14	14	11	0	f	f
5880	Un'Thuwa	14	14	7	1	r	f
5881	Cursed Sycamore	45	45	4	0	y	y
5882	Pephredo	60	60	7	1	r	f
5883	Enyo	50	50	7	1	r	f
5884	Mai'ah	10	10	7	1	r	f
5885	Deino	40	40	7	1	r	f
5886	Gwyn Farrow	16	16	7	1	r	f
5887	Canaga Earthcaller	8	8	7	1	r	f
5888	Seer Ravenfeather	10	10	7	1	r	f
5889	Mesa Earth Spirit	5	6	4	0	r	r
5890	Redrock Earth Spirit	1	1	4	0	y	y
5891	Minor Manifestation of Earth	15	15	4	1	f	f
5892	Searn Firewarder	15	15	7	1	r	f
5893	Minor Manifestation of Fire	12	12	4	0	r	r
5894	Corrupt Minor Manifestation of Water	22	22	4	0	y	y
5895	Minor Manifestation of Water	22	22	4	1	f	f
5896	Fire Spirit	9	10	4	0	r	r
5897	Corrupt Water Spirit	19	20	4	0	y	y
5898	Air Spirit	29	30	4	0	r	r
5899	Brine	23	23	7	1	r	f
5900	Telf Joolam	35	35	7	1	r	f
5901	Islen Waterseer	37	37	7	1	f	f
5902	Minor Manifestation of Air	1	1	4	0	r	r
5903	Nyx Bloodrage	35	35	7	0	r	f
5904	[UNUSED] Hurll Kans	37	37	7	0	r	f
5905	Prate Cloudseer	37	37	7	1	r	f
5906	Xanis Flameweaver	15	15	7	1	r	f
5907	Kranal Fiss	15	15	7	1	r	f
5908	Grunt Dogran	20	20	7	1	r	f
5909	Cazul	40	40	7	1	r	f
5910	Zankaja	15	15	7	1	r	f
5911	Grunt Logmar	20	20	7	1	r	f
5912	Deviate Faerie Dragon	20	20	2	0	r	r
5913	Tremor Totem	53	53	11	0	f	f
5914	Deviate Nightmare	19	21	10	0	f	f
5915	Brother Ravenoak	29	29	7	0	f	r
5916	Sentinel Amarassan	27	27	7	0	f	r
5917	Clara Charles	1	2	7	1	f	r
5918	Owl Form	1	1	1	1	f	f
5919	Stoneskin Totem II	14	14	11	0	f	f
5920	Stoneskin Totem III	25	25	11	0	f	f
5921	Strength of Earth Totem II	24	24	11	0	f	f
5922	Strength of Earth Totem III	38	38	11	0	f	f
5923	Poison Cleansing Totem	38	38	11	0	f	f
5924	Disease Cleansing Totem	38	38	11	0	f	f
5925	Grounding Totem	38	38	11	0	f	f
5926	Frost Resistance Totem	24	24	11	0	f	f
5927	Fire Resistance Totem	35	35	11	0	f	f
5928	Sorrow Wing	27	27	1	0	r	r
5929	Magma Totem	31	31	11	0	f	f
5930	Sister Riven	28	28	7	0	r	r
5931	Foreman Rigger	24	24	7	0	r	r
5932	Taskmaster Whipfang	22	22	7	0	r	r
5933	Achellios the Banished	31	31	7	0	r	r
5934	Heartrazor	32	32	1	0	r	r
5935	Ironeye the Invincible	37	37	1	0	r	r
5936	Orca	60	61	1	0	r	r
5937	Vile Sting	35	35	1	0	r	r
5938	Uthan Stillwater	14	14	7	1	r	f
5939	Vira Younghoof	13	13	7	1	r	f
5940	Harn Longcast	9	9	7	1	r	f
5941	Lau'Tiki	14	14	7	1	r	f
5942	Zansoa	14	14	7	1	r	f
5943	Rawrk	15	15	7	1	r	f
5944	Yonada	25	25	7	1	r	f
5945	Owl Companion	5	5	1	0	y	y
5946	Male Dark Assassin	1	1	7	0	f	f
5947	Female Dark Assassin	1	1	7	0	f	f
5948	Female Pirate	1	1	7	0	f	f
5949	Male Pirate	1	1	7	0	f	f
5950	Flametongue Totem	28	28	11	0	f	f
5951	Hare	1	1	8	1	y	y
5952	Den Grunt	55	55	7	0	r	f
5953	Razor Hill Grunt	28	32	7	0	r	f
5954	Shade	1	1	6	0	r	r
5955	Tooga	45	45	1	0	f	f
5956	Graznab	35	35	7	0	y	y
5957	Birgitte Cranston	45	45	7	1	r	f
5958	Thuul	45	45	7	1	r	f
5959	World Dwarf Male Warrior Trainer	10	10	7	0	f	f
5960	World Human Male Rogue Trainer	10	10	7	0	f	f
5961	World Gnome Male Mage Trainer	10	10	7	0	f	f
5962	World Orc Male Warlock Trainer	10	10	7	0	f	f
5963	World Tauren Male Druid Trainer	10	10	7	0	f	f
5964	World Undead Male Priest Trainer	10	10	7	0	f	f
5965	World Troll Male Shaman Trainer	10	10	7	0	f	f
5966	World Night Elf Male Warrior Trainer	10	10	7	0	f	f
5967	World Dwarf Female Warrior Trainer	10	10	7	0	f	f
5968	World Human Female Rogue Trainer	10	10	7	0	f	f
5969	World Gnome Female Mage Trainer	10	10	7	0	f	f
5970	World Orc Female Warlock Trainer	10	10	7	0	f	f
5971	World Troll Female Shaman Trainer	10	10	7	0	f	f
5972	World Tauren Female Druid Trainer	10	10	7	0	f	f
5973	World Undead Female Priest Trainer	10	10	7	0	f	f
5974	Dreadmaul Ogre	45	46	7	0	r	r
5975	Dreadmaul Ogre Mage	46	47	7	0	r	r
5976	Dreadmaul Brute	46	47	7	0	r	r
5977	Dreadmaul Mauler	53	54	7	0	r	r
5978	Dreadmaul Warlock	54	55	7	0	r	r
5979	Wretched Lost One	45	47	7	0	r	r
5980	Broken One	48	50	7	0	r	r
5981	Portal Seeker	51	53	7	0	r	r
5982	Black Slayer	46	48	1	0	r	r
5983	Bonepicker	49	50	1	0	r	r
5984	Starving Snickerfang	45	46	1	0	r	r
5985	Snickerfang Hyena	49	50	1	0	r	r
5986	Rabid Snickerfang	53	54	1	0	r	r
5987	Scorpok Snapper	46	47	1	0	r	r
5988	Scorpok Stinger	50	51	1	0	r	r
5989	Scorpok Lasher	52	53	1	0	r	r
5990	Redstone Basilisk	47	48	1	0	r	r
5991	Redstone Crystalhide	51	52	1	0	r	r
5992	Ashmane Boar	48	49	1	0	r	r
5993	Helboar	52	53	3	0	r	r
5994	Zayus	60	60	7	1	r	f
5995	Nethergarde Worker	46	47	7	0	f	r
5996	Nethergarde Miner	47	48	7	0	f	r
5997	Nethergarde Engineer	47	48	7	0	f	r
5998	Nethergarde Foreman	46	48	7	0	f	r
5999	Nethergarde Soldier	49	50	7	0	f	r
6000	Nethergarde Cleric	49	51	7	0	f	r
6001	Nethergarde Analyst	49	51	7	0	f	r
6002	Nethergarde Riftwatcher	49	51	7	0	f	r
6003	Nethergarde Officer	50	51	7	0	f	r
6004	Shadowsworn Cultist	51	52	7	0	r	r
6005	Shadowsworn Thug	52	53	7	0	r	r
6006	Shadowsworn Adept	52	53	7	0	r	r
6007	Shadowsworn Enforcer	53	54	7	0	r	r
6008	Shadowsworn Warlock	53	54	7	0	r	r
6009	Shadowsworn Dreadweaver	54	55	7	0	r	r
6010	Felhound	54	55	3	0	r	r
6011	Felguard Sentry	54	55	3	0	r	r
6012	Flametongue Totem II	46	46	11	0	f	f
6013	Wayward Buzzard	35	37	1	0	r	r
6014	X'yera	50	50	7	1	r	f
6015	Torta	45	45	1	0	f	f
6016	Elemental Protection Totem	54	54	11	0	r	r
6017	Lava Spout Totem	37	37	11	0	r	r
6018	Ur'kyo	40	40	7	1	r	f
6019	Hornizz Brimbuzzle	30	30	7	1	y	y
6020	Slimeshell Makrura	18	19	7	0	r	r
6021	Boar Spirit	19	20	1	0	r	r
6022	Captain Drakoar	31	31	7	0	r	r
6023	Kernon Shadowclaw	33	33	7	0	r	r
6026	Breyk	55	55	7	1	r	f
6027	Kitha	17	17	7	1	r	f
6028	Burkrum	30	30	7	1	r	f
6030	Thorvald Deepforge	21	21	7	1	f	r
6031	Tormus Deepforge	30	30	7	1	f	r
6032	[UNUSED] Sharn	45	45	7	0	f	f
6033	Lake Frenzy	15	16	10	0	r	r
6034	Lotherias	35	35	7	1	f	r
6035	Razorfen Stalker	28	29	7	0	r	r
6036	Guardian of Backus	62	62	6	0	f	f
6046	[UNUSED] Gozwin Vilesprocket	10	10	7	0	f	r
6047	Aqua Guardian	22	23	4	0	r	r
6066	Earthgrab Totem	50	50	11	0	r	r
6067	[UNUSED] Meritt Herrion	10	10	7	0	f	r
6068	Warug's Bodyguard	35	36	7	0	f	f
6069	Maraudine Khan Guard	39	40	7	0	r	r
6070	Maraudine Khan Advisor	38	39	7	0	r	r
6071	Legion Hound	29	30	3	0	r	r
6072	Diathorus the Seeker	34	34	3	0	r	r
6073	Searing Infernal	29	30	3	0	r	r
6074	Riding Tiger (White Striped)	1	1	1	1	f	f
6075	Riding Raptor (Emerald)	1	1	1	1	f	f
6076	Riding Tallstrider (Ivory)	1	1	1	1	f	f
6086	Auberdine Sentinel	40	40	7	0	f	r
6087	Astranaar Sentinel	40	40	7	0	f	r
6089	Harry Burlguard	50	50	7	1	f	r
6090	Bartleby	10	10	7	0	f	r
6091	Dellylah	9	9	7	1	f	r
6092	Minor Phantasm	14	14	6	0	r	r
6093	Dead-Tooth Jack	11	11	7	0	r	r
6094	Byancie	22	22	7	1	f	r
6106	Lesser Phantasm	22	22	6	0	r	r
6107	Phantasm	60	60	6	0	y	y
6108	Greater Phantasm	38	38	6	0	r	r
6109	Azuregos	63	63	2	0	y	y
6110	Fire Nova Totem II	24	24	11	0	f	f
6111	Fire Nova Totem III	37	37	11	0	f	f
6112	Windfury Totem	35	35	11	0	f	f
6113	Vejrek	11	11	7	0	r	r
6114	Muren Stormpike	50	50	7	1	f	r
6115	Felguard	29	30	3	0	r	r
6116	Highborne Apparition	45	46	6	0	r	r
6117	Highborne Lichling	46	47	6	0	r	r
6118	Varo'then's Ghost	48	48	6	0	r	r
6119	Tog Rustsprocket	10	10	7	1	f	r
6120	Lago Blackwrench	30	30	7	1	f	r
6121	Remen Marcot	10	10	7	1	f	r
6122	Gakin the Darkbinder	50	50	7	1	f	r
6123	Dark Iron Spy	9	10	7	0	r	r
6124	Captain Beld	11	11	7	0	r	r
6125	Haldarr Satyr	45	46	3	0	r	r
6126	Haldarr Trickster	45	47	3	0	r	r
6127	Haldarr Felsworn	46	47	3	0	r	r
6128	Vorlus Vilehoof	10	10	3	0	r	r
6129	Draconic Magelord	53	54	2	0	r	r
6130	Blue Scalebane	52	53	2	0	r	r
6131	Draconic Mageweaver	51	52	2	0	r	r
6132	Razorfen Servitor	23	24	7	0	r	r
6133	Shade of Elura	11	11	6	0	r	r
6134	Lord Arkkoroc	60	60	5	1	f	f
6135	Arkkoran Clacker	53	54	7	0	r	r
6136	Arkkoran Muckdweller	53	54	7	0	r	r
6137	Arkkoran Pincer	54	55	7	0	r	r
6138	Arkkoran Oracle	54	55	7	0	r	r
6139	Highperch Soarer	28	29	1	1	r	r
6140	Hetaera	55	55	10	0	r	r
6141	Pridewing Soarer	21	22	1	1	r	r
6142	Mathiel	33	33	7	1	f	r
6143	Servant of Arkkoroc	53	54	5	0	r	r
6144	Son of Arkkoroc	54	55	5	0	r	r
6145	School of Fish	1	1	8	1	y	y
6146	Cliff Breaker	54	55	5	0	r	r
6147	Cliff Thunderer	53	54	5	0	r	r
6148	Cliff Walker	52	53	5	0	r	r
6166	Yorus Barleybrew	24	24	7	1	f	r
6167	Chimaera Matriarch	28	28	1	0	r	r
6168	Roogug	28	28	7	0	r	r
6169	Klockmort Spannerspan	43	45	7	1	f	r
6170	Gutspill	32	32	7	0	r	r
6171	Duthorian Rall	60	60	7	1	f	r
6172	Henze Faulk	10	10	7	0	f	r
6173	Gazin Tenorm	9	9	7	0	f	r
6174	Stephanie Turner	5	5	7	1	f	r
6175	John Turner	8	8	7	1	f	r
6176	Bath'rah the Windwatcher	35	35	7	1	f	f
6177	Narm Faulk	8	8	7	0	f	r
6178	Muiredon Battleforge	10	10	7	1	f	r
6179	Tiza Battleforge	60	60	7	1	f	r
6180	Defias Raider	17	18	7	0	r	r
6181	Jordan Stilwell	30	30	7	1	f	r
6182	Daphne Stilwell	20	20	7	0	f	y
6183	[UNUSED] Briton Kilras	30	30	7	0	f	r
6184	Timbermaw Pathfinder	46	47	7	0	r	r
6185	Timbermaw Warrior	47	48	7	0	r	r
6186	Timbermaw Totemic	48	49	7	0	r	r
6187	Timbermaw Den Watcher	49	50	7	0	r	r
6188	Timbermaw Shaman	50	51	7	0	r	r
6189	Timbermaw Ursa	51	52	7	0	r	r
6190	Spitelash Warrior	46	47	7	0	r	r
6193	Spitelash Screamer	47	48	7	0	r	r
6194	Spitelash Serpent Guard	48	49	7	0	r	r
6195	Spitelash Siren	51	52	7	0	r	r
6196	Spitelash Myrmidon	50	51	7	0	r	r
6197	Spitelash Sorceress	49	50	7	0	r	r
6198	Blood Elf Surveyor	51	52	7	0	r	r
6199	Blood Elf Reclaimer	52	53	7	0	r	r
6200	Legashi Satyr	51	52	3	0	r	r
6201	Legashi Rogue	51	53	3	0	r	r
6202	Legashi Hellcaller	52	53	3	0	r	r
6206	Caverndeep Burrower	25	27	7	0	r	r
6207	Caverndeep Ambusher	25	27	7	0	r	r
6208	Caverndeep Invader	25	26	7	0	r	r
6209	Caverndeep Looter	26	26	7	0	r	r
6210	Caverndeep Pillager	24	25	7	0	r	r
6211	Caverndeep Reaver	27	28	7	0	r	r
6212	Dark Iron Agent	32	33	7	0	r	r
6213	Irradiated Invader	24	26	7	0	r	r
6214	Irradiated Burrower	27	27	7	0	r	r
6215	Chomper	30	30	1	0	r	r
6218	Irradiated Slime	27	28	10	0	r	r
6219	Corrosive Lurker	28	29	10	0	r	r
6220	Irradiated Horror	28	29	4	0	r	r
6221	Addled Leper	24	25	7	0	r	r
6222	Leprous Technician	29	30	7	0	r	r
6223	Leprous Defender	28	29	7	0	r	r
6224	Leprous Machinesmith	29	30	7	0	r	r
6225	Mechano-Tank	29	30	9	0	r	r
6226	Mechano-Flamewalker	30	31	9	0	r	r
6227	Mechano-Frostwalker	31	32	9	0	r	r
6228	Dark Iron Ambassador	33	33	7	0	r	r
6229	Crowd Pummeler 9-60	32	32	9	0	r	r
6230	Peacekeeper Security Suit	30	31	9	0	r	r
6231	Techbot	26	26	9	0	r	r
6232	Arcane Nullifier X-21	32	33	9	0	r	r
6233	Mechanized Sentry	28	29	9	0	r	r
6234	Mechanized Guardian	31	32	9	0	r	r
6235	Electrocutioner 6000	32	32	9	0	r	r
6236	Klannoc Macleod	60	60	7	1	f	f
6237	Stockade Archer	45	45	7	0	f	r
6238	Big Will	33	33	7	0	y	y
6239	Cyclonian	40	40	4	0	r	r
6240	Affray Challenger	26	27	7	0	r	r
6241	Bailor Stonehand	20	20	7	1	f	r
6242	World Skinning Trainer	10	10	7	0	f	f
6243	Gelihast	26	26	7	0	r	r
6244	Takar the Seer	45	45	7	1	f	r
6245	Anathera	19	19	7	1	f	f
6246	Latherion	19	19	7	1	f	f
6247	Doan Karhan	40	40	7	1	f	f
6248	Twiggy Flathead	35	35	7	0	f	f
6249	Affray Spectator	22	43	7	0	f	f
6250	Crawler	11	12	1	0	r	r
6251	Strahad Farsan	60	60	7	1	f	f
6252	Acolyte Magaz	20	20	7	1	f	f
6253	Acolyte Fenrick	20	20	7	1	f	f
6254	Acolyte Wytula	20	20	7	1	f	f
6266	Menara Voidrender	50	50	7	1	f	f
6267	Acolyte Porena	20	20	7	1	f	r
6268	Summoned Felhunter	30	30	3	1	f	f
6269	Azgalaril	10	10	3	0	f	f
6270	Asjorah	20	20	3	0	f	f
6271	Mouse	1	1	8	1	y	y
6272	Innkeeper Janene	30	30	7	1	f	r
6286	Zarrin	13	13	7	1	f	r
6287	Radnaal Maneweaver	19	19	7	1	f	r
6288	Jayla	23	23	7	1	f	r
6289	Rand Rhobart	13	13	7	1	r	f
6290	Yonn Deepcut	8	8	7	1	r	f
6291	Balthus Stoneflayer	35	35	7	1	f	r
6292	Eladriel	35	35	7	1	f	r
6293	Jorah Annison	20	20	7	1	r	f
6294	Krom Stoutarm	20	20	7	1	f	r
6295	Wilma Ranthal	29	29	7	1	f	r
6296	Flame Elemental	17	18	4	0	r	r
6297	Kurdram Stonehammer	35	35	7	1	f	r
6298	Thelgrum Stonehammer	30	30	7	1	f	r
6299	Delfrum Flintbeard	25	25	7	1	f	r
6300	Elisa Steelhand	30	30	7	1	f	r
6301	Gorbold Steelhand	30	30	7	1	f	r
6306	Helene Peltskinner	12	12	7	1	f	r
6326	Horde Wargryphoner	45	45	7	0	f	f
6327	Alliance Wargryphoner	45	45	7	0	f	f
6328	Dannie Fizzwizzle	14	14	7	1	f	r
6329	Irradiated Pillager	25	26	7	0	r	r
6346	Skeletal Horse	1	1	6	0	f	f
6347	Young Wavethrasher	51	52	10	0	r	r
6348	Wavethrasher	52	53	10	0	r	r
6349	Great Wavethrasher	53	54	10	0	r	r
6350	Makrinni Razorclaw	54	55	7	0	r	r
6351	Storm Bay Oracle	54	55	7	0	r	r
6352	Coralshell Lurker	53	54	1	0	y	y
6366	Kurzen Mindslave	44	44	7	0	r	r
6367	Donni Anthania	5	5	7	1	f	r
6368	Cat	1	1	8	1	y	y
6369	Coralshell Tortoise	50	52	1	0	y	y
6370	Makrinni Scrabbler	52	53	7	0	r	r
6371	Storm Bay Warrior	51	52	7	0	r	r
6372	Makrinni Snapclaw	50	51	7	0	r	r
6373	Dane Winslow	8	8	7	1	f	r
6374	Cylina Darkheart	11	11	7	1	f	r
6375	Thunderhead Hippogryph	46	48	1	0	r	r
6376	Wren Darkspring	5	5	7	1	f	r
6377	Thunderhead Stagwing	48	50	1	0	r	r
6378	Thunderhead Skystormer	50	52	1	0	r	r
6379	Thunderhead Patriarch	52	54	1	0	r	r
6380	Thunderhead Consort	52	54	1	0	r	r
6382	Jubahl Corpseseeker	60	60	7	1	f	r
6386	Ward of Zanzil	46	46	9	0	r	r
6387	Dranh	15	15	7	1	r	f
6388	Zanzil Skeleton	45	45	6	0	r	r
6389	Deathguard Podrig	25	25	7	1	r	f
6390	Ulag the Cleaver	11	11	7	0	r	r
6391	Holdout Warrior	29	30	7	0	f	r
6392	Holdout Medic	29	30	7	0	f	r
6393	Henen Ragetotem	62	62	7	1	r	f
6394	Ruga Ragetotem	30	30	7	1	r	f
6395	Sergeant Rutger	62	62	7	1	r	f
6407	Holdout Technician	29	30	7	0	f	r
6408	Ula'elek	35	35	7	1	r	f
6410	Orm Stonehoof	45	45	7	1	r	f
6411	Velora Nitely	45	45	7	1	r	f
6412	Skeleton	24	25	6	0	r	r
6426	Anguished Dead	31	33	6	0	r	r
6427	Haunting Phantasm	32	33	6	0	r	r
6446	Therzok	20	20	7	1	r	f
6466	Gamon	12	12	7	0	y	y
6467	Mennet Carkad	30	30	7	1	r	f
6486	Riding Skeletal Horse (Black)	1	1	6	1	f	f
6487	Arcanist Doan	37	37	7	0	r	r
6488	Fallen Champion	33	33	6	0	r	r
6489	Ironspine	33	33	6	0	r	r
6490	Azshir the Sleepless	33	33	6	0	y	y
6491	Spirit Healer	60	60	7	1	f	f
6492	Rift Spawn	16	17	4	0	r	r
6493	Illusionary Phantasm	32	33	6	0	r	r
6494	Tazan	13	13	7	0	r	r
6495	Riznek	35	35	7	1	f	f
6496	Brivelthwerp	35	35	7	1	f	f
6497	Astor Hadren	13	13	7	0	r	f
6498	Devilsaur	54	55	1	0	r	r
6499	Ironhide Devilsaur	54	56	1	0	r	r
6500	Tyrant Devilsaur	54	55	1	0	r	r
6501	Stegodon	52	53	1	0	r	r
6502	Plated Stegodon	52	54	1	0	r	r
6503	Spiked Stegodon	53	54	1	0	r	r
6504	Thunderstomp Stegodon	54	55	1	0	r	r
6505	Ravasaur	48	49	1	0	r	r
6506	Ravasaur Runner	49	50	1	0	r	r
6507	Ravasaur Hunter	49	50	1	0	r	r
6508	Venomhide Ravasaur	50	51	1	0	r	r
6509	Bloodpetal Lasher	48	49	10	0	y	y
6510	Bloodpetal Flayer	51	52	10	0	y	y
6511	Bloodpetal Thresher	49	50	10	0	y	y
6512	Bloodpetal Trapper	52	53	10	0	y	y
6513	Un'Goro Stomper	51	52	1	0	r	r
6514	Un'Goro Gorilla	50	51	1	0	r	r
6516	Un'Goro Thunderer	52	53	1	0	r	r
6517	Tar Beast	50	51	4	0	r	r
6518	Tar Lurker	52	54	4	0	r	r
6519	Tar Lord	53	54	4	0	r	r
6520	Scorching Elemental	53	54	4	0	r	r
6521	Living Blaze	54	55	4	0	r	r
6522	Andron Gant	15	15	7	1	r	f
6523	Dark Iron Rifleman	27	28	7	0	r	r
6526	GOSSIP TEST DUDE	1	1	7	0	f	f
6527	Tar Creeper	51	52	4	0	r	r
6546	Tabetha	62	62	7	1	f	f
6547	Suffering Victim	25	25	7	1	r	f
6548	Magus Tirth	51	51	7	1	f	f
6549	Demon of the Orb	40	40	3	0	r	r
6550	Mana Surge	40	40	4	0	r	r
6551	Gorishi Wasp	51	52	10	0	r	r
6552	Gorishi Worker	51	52	10	0	r	r
6553	Gorishi Reaver	51	53	10	0	r	r
6554	Gorishi Stinger	52	53	10	0	r	r
6555	Gorishi Tunneler	52	53	10	0	r	r
6556	Muculent Ooze	48	50	10	0	r	r
6557	Primal Ooze	50	52	10	0	r	r
6559	Glutinous Ooze	52	54	10	0	r	r
6560	Stone Guardian	60	61	4	0	y	y
6561	Stone Warden	60	61	4	0	y	y
6566	Estelle Gendry	25	25	7	1	r	f
6567	Ghok'kah	43	43	7	1	r	f
6568	Vizzklick	50	50	7	1	y	y
6569	Gnoarn	20	20	7	1	f	r
6570	Fenwick Thatros	16	16	7	0	r	r
6571	Cat Form (Night Elf Druid)	1	1	1	1	f	f
6572	Cat Form (Tauren Druid)	1	1	1	1	f	f
6573	Travel Form (Druid)	1	1	1	1	f	f
6574	Jun'ha	31	31	7	1	r	f
6575	Scarlet Trainee	30	30	7	0	r	r
6576	Brienna Starglow	40	40	7	1	f	r
6577	Bingles Blastenheimer	16	16	7	1	f	r
6578	Peasant (Wood)	1	2	7	0	f	r
6579	Shoni the Shilent	17	17	7	1	f	r
6581	Ravasaur Matriarch	50	50	1	0	r	r
6582	Clutchmother Zavas	54	54	10	0	r	r
6583	Gruff	57	57	1	0	r	r
6584	King Mosh	60	60	1	0	r	r
6585	Uhk'loc	52	53	1	0	r	r
6586	Rokar Bladeshadow	35	35	7	1	r	f
6606	Overseer Glibby	16	16	7	0	r	r
6607	Harroc	5	5	7	1	r	f
6626	"Plucky" Johnson	1	1	7	0	y	y
6646	Monnos the Elder	53	54	5	0	r	r
6647	Magister Hawkhelm	51	52	7	0	r	r
6648	Antilos	50	50	1	0	r	r
6649	Lady Sesspira	51	51	7	0	r	r
6650	General Fangferror	50	51	7	0	r	r
6651	Gatekeeper Rageroar	49	50	7	0	r	r
6652	Master Feardred	51	52	3	0	r	r
6653	Huge Toad	1	1	8	1	y	y
6666	"Plucky" Johnson's Human Form	1	1	7	0	f	f
6667	Gelkak Gyromast	18	18	7	1	f	r
6668	Lord Cyrik Blackforge	23	23	7	0	f	r
6669	The Threshwackonator 4100	20	20	9	0	f	f
6670	Westfall Woodworker	5	5	7	1	f	r
6687	Druid 40 (faster)!	40	40	7	0	y	y
6688	Druid 40 (fastest!)	40	40	7	0	y	y
6706	Baritanas Skyriver	55	55	7	1	f	r
6707	Fahrad	60	60	7	1	y	y
6726	Thalon	55	55	7	1	r	f
6727	Innkeeper Brianna	30	30	7	1	f	r
6728	Narnie	1	1	1	1	y	y
6729	Morridune	27	27	7	1	f	r
6730	Jinky Twizzlefixxit	30	30	7	1	f	f
6731	Harlown Darkweave	27	27	7	1	f	r
6732	Amie Pierce	30	30	7	1	f	r
6733	Stonevault Basher	39	40	7	0	r	r
6734	Innkeeper Hearthstove	30	30	7	1	f	r
6735	Innkeeper Saelienne	30	30	7	1	f	r
6736	Innkeeper Keldamyr	30	30	7	1	f	r
6737	Innkeeper Shaussiy	30	30	7	1	f	r
6738	Innkeeper Kimlya	30	30	7	1	f	r
6739	Innkeeper Bates	30	30	7	1	r	f
6740	Innkeeper Allison	30	30	7	1	f	r
6741	Innkeeper Norman	30	30	7	1	r	f
6746	Innkeeper Pala	30	30	7	1	r	f
6747	Innkeeper Kauth	30	30	7	1	r	f
6748	Water Spirit	19	19	4	0	f	f
6749	Erma	30	30	7	1	f	r
6766	Ravenholdt Guard	50	50	7	0	y	y
6767	Garona	60	60	7	0	y	y
6768	Lord Jorach Ravenholdt	60	60	7	1	y	y
6769	[UNUSED] Ravenholdt Falconer	50	50	7	0	y	y
6770	[UNUSED] Ravenholdt Houndmaster	50	50	7	0	y	y
6771	Ravenholdt Assassin	50	50	7	0	y	y
6772	Attack Hound	45	45	1	0	y	y
6773	Shadowhawk	45	45	1	0	y	y
6774	Falkhaan Isenstrider	10	10	7	1	f	r
6775	Antur Fallow	3	3	7	1	r	f
6776	Magrin Rivermane	6	6	7	1	r	f
6777	Zan Shivsproket	60	60	7	1	y	y
6778	Melika Isenstrider	11	11	7	1	f	r
6779	Smudge Thunderwood	45	45	7	1	y	y
6780	Porthannius	7	7	7	0	f	r
6781	Melarith	10	10	7	1	f	r
6782	Hands Springsprocket	10	10	7	1	f	r
6783	[UNUSED] Lorek Belm	10	10	7	0	f	r
6784	Calvin Montague	5	5	7	0	r	f
6785	Ratslin Maime	7	7	7	1	r	f
6786	Ukor	4	4	7	1	r	f
6787	Yelnagi Blackarm	16	16	7	1	r	f
6788	Den Mother	18	19	1	1	r	r
6789	Thistle Cub	9	10	1	1	r	r
6790	Innkeeper Trelayne	30	30	7	1	f	r
6791	Innkeeper Wiley	35	35	7	1	y	y
6806	Tannok Frosthammer	10	10	7	1	f	r
6807	Innkeeper Skindle	46	46	7	1	y	y
6826	Talvash del Kissel	50	50	7	1	f	r
6827	Crab	1	1	8	0	y	y
6846	Defias Dockmaster	10	10	7	0	r	r
6866	Defias Bodyguard	10	10	7	0	r	r
6867	Tracking Hound	30	30	1	0	r	f
6868	Jarkal Mossmeld	35	35	7	1	r	f
6886	Onin MacHammar	12	12	7	1	f	r
6887	Yalda	50	55	7	1	f	r
6906	Baelog	41	41	7	0	f	r
6907	Eric "The Swift"	40	40	7	0	f	r
6908	Olaf	40	40	7	0	f	r
6909	Sethir the Ancient	12	12	7	0	r	r
6910	Revelosh	40	40	7	0	r	r
6911	Minion of Sethir	8	10	7	0	r	r
6912	Remains of a Paladin	35	35	7	0	f	f
6913	Lost One Rift Traveler	25	25	7	0	r	r
6926	Test Satyr	13	13	7	0	r	r
6927	Defias Dockworker	8	9	7	0	r	r
6928	Innkeeper Grosk	30	30	7	1	r	f
6929	Innkeeper Gryshka	30	30	7	1	r	f
6930	Innkeeper Karakul	30	30	7	1	r	f
6931	Respawn Test Mob	1	1	7	0	y	y
6932	Swamp Spirit	40	40	4	0	r	r
6946	Renzik "The Shiv"	40	40	7	1	f	r
6966	Lucius	20	20	7	1	f	r
6986	Dran Droffers	45	45	7	1	r	f
6987	Malton Droffers	40	40	7	0	r	f
7006	Blackrock Assassin	18	18	7	0	r	r
7007	Tiev Mordune	22	22	7	1	r	f
7008	Blackrock Reaver	20	20	7	0	r	f
7009	Arantir	45	45	7	1	f	r
7010	Zilzibin Drumlore	35	35	7	1	r	f
7011	Earthen Rocksmasher	42	43	7	0	r	r
7012	Earthen Sculptor	42	43	7	0	r	r
7013	Blackrock Rampager	17	18	7	0	r	r
7014	Commander Kartak Dwarfdefiler	30	30	7	0	r	f
7015	Flagglemurk the Cruel	16	16	7	0	r	r
7016	Lady Vespira	22	22	7	0	r	r
7017	Lord Sinslayer	15	16	7	0	r	r
7022	Venomlash Scorpid	39	40	1	0	r	r
7023	Obsidian Sentinel	42	42	9	0	r	r
7024	Agent Kearnen	22	22	7	1	f	r
7025	Blackrock Soldier	55	56	7	0	r	r
7026	Blackrock Sorcerer	55	56	7	0	r	r
7027	Blackrock Slayer	56	57	7	0	r	r
7028	Blackrock Warlock	56	57	7	0	r	r
7029	Blackrock Battlemaster	57	58	7	0	r	r
7030	Shadowforge Geologist	40	41	7	0	r	r
7031	Obsidian Elemental	51	53	4	0	r	r
7032	Greater Obsidian Elemental	55	57	4	0	r	r
7033	Firegut Ogre	50	51	7	0	r	r
7034	Firegut Ogre Mage	51	52	7	0	r	r
7035	Firegut Brute	52	53	7	0	r	r
7036	Thaurissan Spy	53	54	7	0	r	r
7037	Thaurissan Firewalker	53	55	7	0	r	r
7038	Thaurissan Agent	54	55	7	0	r	r
7039	War Reaver	53	55	4	0	r	r
7040	Black Dragonspawn	52	53	2	0	r	r
7041	Black Wyrmkin	53	54	2	0	r	r
7042	Flamescale Dragonspawn	56	57	2	0	r	r
7043	Flamescale Wyrmkin	57	58	2	0	r	r
7044	Black Drake	50	52	2	0	r	r
7045	Scalding Drake	53	55	2	0	r	r
7046	Searscale Drake	56	58	2	0	r	r
7047	Black Broodling	51	52	2	0	r	r
7048	Scalding Broodling	53	54	2	0	r	r
7049	Flamescale Broodling	55	56	2	0	r	r
7050	Defias Drone	22	22	6	0	r	r
7051	Malformed Defias Drone	23	23	7	0	r	r
7052	Defias Tower Patroller	23	23	7	0	r	r
7053	Klaven Mortwake	23	23	7	0	r	r
7055	Blackrock Worg	54	55	1	0	r	r
7056	Defias Tower Sentry	24	24	7	0	r	r
7057	Digmaster Shovelphlange	38	38	7	0	r	r
7067	Venture Co. Drone	22	22	6	0	r	r
7068	Condemned Acolyte	57	58	6	0	r	r
7069	Condemned Monk	58	59	6	0	r	r
7070	Condemned Cleric	59	60	6	0	r	r
7071	Cursed Paladin	57	58	6	0	r	r
7072	Cursed Justicar	59	60	6	0	r	r
7073	Arados the Damned	35	35	6	0	r	r
7074	Judge Thelgram	34	34	6	0	f	r
7075	Writhing Mage	58	59	6	0	r	r
7076	Earthen Guardian	44	45	7	0	r	r
7077	Earthen Hallshaper	44	45	7	0	r	r
7078	Cleft Scorpid	35	36	1	0	r	r
7079	Viscous Fallout	30	30	4	0	r	r
7086	Cursed Ooze	49	50	10	0	r	r
7087	Killian Hagey	35	35	7	1	r	f
7088	Thuwd	35	35	7	1	r	f
7089	Mooranta	35	35	7	1	r	f
7091	Shadowforge Ambusher	43	44	7	0	r	r
7092	Tainted Ooze	51	52	10	0	r	r
7093	Vile Ooze	53	53	10	0	r	r
7094	Crazed Stag	1	1	1	0	r	r
7095	Maddened Stag	1	1	1	0	r	r
7096	Corrupt Courser	1	1	1	0	r	r
7097	Ironbeak Owl	48	49	1	0	y	y
7098	Ironbeak Screecher	52	53	1	0	y	y
7099	Ironbeak Hunter	50	51	1	0	y	y
7100	Warpwood Moss Flayer	52	53	4	0	r	r
7101	Warpwood Shredder	53	54	4	0	r	r
7104	Dessecus	56	56	4	0	r	r
7105	Jadefire Satyr	49	50	3	0	r	r
7106	Jadefire Rogue	50	51	3	0	r	r
7107	Jadefire Trickster	52	53	3	0	r	r
7108	Jadefire Betrayer	52	53	3	0	r	r
7109	Jadefire Felsworn	50	51	3	0	r	r
7110	Jadefire Shadowstalker	51	52	3	0	r	r
7111	Jadefire Hellcaller	53	54	3	0	r	r
7112	Jaedenar Cultist	51	52	7	0	r	r
7113	Jaedenar Guardian	50	51	7	0	r	r
7114	Jaedenar Enforcer	52	53	7	0	r	r
7115	Jaedenar Adept	51	52	7	0	r	r
7116	Jaedenar Dreadweaver	1	1	7	0	r	r
7117	Jaedenar Instigator	1	1	7	0	r	r
7118	Jaedenar Darkweaver	53	54	7	0	r	r
7119	Jaedenar Summoner	1	1	7	0	r	r
7120	Jaedenar Warlock	53	54	7	0	r	r
7121	Jaedenar Arch Warlock	1	1	7	0	r	r
7122	Shadow Council Champion	1	1	7	0	r	r
7123	Shadow Council Master	1	1	7	0	r	r
7124	Shadow Council Highlord	1	1	7	0	r	r
7125	Jaedenar Hound	50	51	3	0	r	r
7126	Jaedenar Hunter	52	53	3	0	r	r
7127	Jaedenar Stalker	1	1	3	0	r	r
7128	Jaedenar Mana Leech	1	1	3	0	r	r
7129	Enslaved Voidwalker	1	1	3	0	r	r
7130	Voidwalker Servant	1	1	3	0	r	r
7131	Voidwalker Guardian	1	1	3	0	r	r
7132	Toxic Horror	53	54	4	0	r	r
7133	Noxious Horror	1	1	4	0	r	r
7134	Poison Flayer	1	1	4	0	r	r
7135	Infernal Bodyguard	53	54	3	0	r	r
7136	Infernal Sentry	52	53	3	0	r	r
7137	Immolatus	56	56	3	0	r	r
7138	Irontree Wanderer	52	53	4	0	r	r
7139	Irontree Stomper	52	53	4	0	r	r
7143	Decaying Treant	51	52	4	0	r	r
7144	Withered Treant	53	54	4	0	r	r
7146	Treant Protector	55	56	4	0	f	r
7149	Withered Protector	55	56	4	0	r	r
7150	Withered Guardian	1	1	4	0	r	r
7151	Withered Watcher	1	1	4	0	r	r
7152	Withered Forest Walker	1	1	4	0	r	r
7153	Deadwood Warrior	48	49	7	0	r	r
7154	Deadwood Gardener	48	49	7	0	r	r
7155	Deadwood Pathfinder	49	50	7	0	r	r
7156	Deadwood Den Watcher	53	54	7	0	r	r
7157	Deadwood Avenger	54	55	7	0	r	r
7158	Deadwood Shaman	53	54	7	0	r	r
7161	Wrenix the Wretched	20	20	7	1	y	y
7166	Wrenix's Gizmotronic Apparatus	20	20	9	1	y	y
7167	Polly	50	50	1	0	r	r
7168	Polly	18	18	1	0	y	y
7170	Thragomm	19	21	7	0	r	f
7172	Lore Keeper of Norgannon	60	60	5	0	f	f
7173	World Weaponsmithing Trainer	10	10	7	0	f	f
7174	World Armorsmithing Trainer	10	10	7	0	f	f
7175	Stonevault Ambusher	35	35	7	0	r	r
7186	A	1	1	8	0	f	f
7206	Ancient Stone Keeper	44	44	4	0	r	r
7207	Doc Mixilpixil	45	45	7	1	f	r
7208	Noarm	25	25	8	1	f	r
7209	Obsidian Shard	35	35	9	0	r	r
7226	Sand Storm	44	44	4	0	r	r
7227	Cobaltine Dragonspawn	48	49	2	0	r	r
7228	Ironaya	40	40	5	0	y	y
7229	Arantir's Shadow	55	55	7	0	f	r
7230	Shayis Steelfury	60	60	7	1	r	f
7231	Kelgruk Bloodaxe	60	60	7	1	r	f
7232	Borgus Steelhand	60	60	7	1	f	r
7233	Taskmaster Fizzule	30	30	7	0	r	r
7234	Ferocitas the Dream Eater	8	8	7	0	r	r
7235	Gnarlpine Mystic	6	7	7	0	r	r
7236	Test Anubisath	62	62	10	0	y	y
7246	Sandfury Shadowhunter	45	46	7	0	r	r
7247	Sandfury Soul Eater	45	46	7	0	r	r
7266	Ember	30	30	4	0	r	r
7267	Chief Ukorz Sandscalp	48	48	7	0	r	r
7268	Sandfury Guardian	45	46	1	0	r	r
7269	Scarab	44	46	1	0	y	y
7270	Sandfury Zombie	44	45	6	0	r	r
7271	Witch Doctor Zum'rah	46	46	7	0	f	f
7272	Theka the Martyr	45	46	6	0	r	r
7273	Gahz'rilla	46	46	10	0	r	r
7274	Sandfury Executioner	46	46	7	0	r	r
7275	Shadowpriest Sezz'ziz	47	47	7	0	r	r
7276	Zul'Farrak Dead Hero	45	46	6	0	r	r
7286	Zul'Farrak Zombie	43	44	6	0	r	r
7287	Foreman Silixiz	22	22	7	0	r	r
7288	Grand Foreman Puzik Gallywix	23	23	7	0	r	r
7290	Shadowforge Sharpshooter	43	44	7	0	r	r
7291	Galgann Firehammer	45	45	7	0	r	r
7292	Dinita Stonemantle	55	55	7	1	f	r
7293	[UNUSED] Drayl	35	35	7	0	r	f
7294	Shim'la	35	35	7	1	r	f
7295	Shailiea	35	35	7	1	f	r
7296	Corand	35	35	7	1	f	r
7297	Gothard Winslow	35	35	7	1	r	f
7298	Demnul Farmountain	45	45	7	1	f	r
7307	Venture Co. Lookout	23	23	7	0	r	r
7308	Venture Co. Patroller	22	22	7	0	r	r
7309	Earthen Custodian	44	45	7	0	r	r
7310	Mutated Venture Co. Drone	25	25	6	0	r	r
7311	Uthel'nay	40	40	7	1	r	f
7312	Dink	40	40	7	1	f	r
7313	Priestess A'moora	20	20	7	1	f	r
7314	Test BattleMaster	30	30	7	0	f	f
7315	Darnath Bladesinger	55	55	7	1	f	r
7316	Sister Aquinne	15	15	7	1	f	r
7317	Oben Rageclaw	40	40	7	1	f	r
7318	Rageclaw	10	10	7	0	r	r
7319	Lady Sathrah	12	12	1	0	r	r
7320	Stonevault Mauler	44	45	7	0	r	r
7321	Stonevault Flameweaver	44	45	7	0	r	r
7322	Riding Tiger (Black)	1	1	1	1	f	f
7323	Winstone Wolfe	52	52	7	1	y	y
7324	Simone Cantrell	45	45	7	1	y	y
7325	Master Kang	62	62	7	1	y	y
7327	Withered Warrior	34	35	6	0	r	r
7328	Withered Reaver	35	36	6	0	r	r
7329	Withered Quilguard	35	36	6	0	r	r
7332	Withered Spearhide	34	35	6	0	r	r
7333	Withered Battle Boar	34	34	6	0	r	r
7334	Battle Boar Horror	37	37	6	0	r	r
7335	Death's Head Geomancer	35	36	7	0	r	r
7337	Death's Head Necromancer	36	37	7	0	r	r
7340	Skeletal Shadowcaster	36	36	6	0	r	r
7341	Skeletal Frostweaver	37	38	6	0	r	r
7342	Skeletal Summoner	39	40	6	0	r	r
7343	Splinterbone Skeleton	35	35	6	0	r	r
7344	Splinterbone Warrior	37	38	6	0	r	r
7345	Splinterbone Captain	39	40	6	0	r	r
7346	Splinterbone Centurion	38	39	6	0	r	r
7347	Boneflayer Ghoul	38	39	6	0	r	r
7348	Thorn Eater Ghoul	37	38	6	0	r	r
7349	Tomb Fiend	35	35	6	0	r	r
7351	Tomb Reaver	37	37	6	0	r	r
7352	Frozen Soul	37	38	6	0	r	r
7353	Freezing Spirit	39	40	6	0	r	r
7354	Ragglesnout	40	40	7	0	r	r
7355	Tuten'kash	40	40	6	0	r	r
7356	Plaguemaw the Rotting	40	40	7	0	r	r
7357	Mordresh Fire Eye	39	39	6	0	r	r
7358	Amnennar the Coldbringer	41	41	6	0	r	r
7360	Dun Garok Soldier	28	29	7	0	f	r
7361	Grubbis	32	32	7	0	r	r
7363	Kum'isha the Collector	60	60	7	1	f	f
7364	Flawless Draenethyst Sphere	60	60	4	0	r	r
7365	Flawless Draenethyst Fragment	40	40	4	0	r	r
7366	Stoneskin Totem IV	38	38	11	0	f	f
7367	Stoneskin Totem V	45	45	11	0	f	f
7368	Stoneskin Totem VI	54	54	11	0	f	f
7369	Deadwind Brute	55	56	7	0	r	r
7370	Restless Shade	58	60	6	0	r	r
7371	Deadwind Mauler	56	57	7	0	r	r
7372	Deadwind Warlock	57	58	7	0	r	r
7373	Deadwind Enforcer	59	60	7	0	r	r
7374	Vengeful Wraith	59	60	6	0	r	r
7375	Spirit of Wrath	59	60	6	0	r	r
7376	Sky Shadow	55	56	1	0	r	r
7377	Doomhound Ravager	57	58	1	0	r	r
7378	Doomhound Mastiff	59	60	1	0	r	r
7379	Deadwind Ogre Mage	55	57	7	0	r	r
7380	Siamese	1	1	1	1	f	r
7381	Silver Tabby	1	1	1	1	y	y
7382	Orange Tabby	1	1	1	1	y	y
7383	Black Tabby	1	1	1	1	r	f
7384	Cornish Rex	1	1	1	1	y	y
7385	Bombay	1	1	1	1	y	y
7386	White Kitten	1	1	1	1	y	y
7387	Green Wing Macaw	1	1	1	1	f	r
7388	Cockatoo	1	1	1	0	y	y
7389	Senegal	1	1	1	1	y	y
7390	Cockatiel	1	1	1	1	y	y
7391	Hyacinth Macaw	1	1	1	1	f	r
7392	Prairie Chicken	1	1	1	1	f	r
7393	White Plymouth Rock	1	1	1	0	y	y
7394	Ancona Chicken	1	1	1	1	y	y
7395	Cockroach	1	1	1	1	y	y
7396	Earthen Stonebreaker	44	45	7	0	r	r
7397	Earthen Stonecarver	44	45	7	0	r	r
7398	Stoneclaw Totem V	53	53	11	0	f	f
7399	Stoneclaw Totem VI	58	58	11	0	f	f
7400	Searing Totem V	50	50	11	0	f	f
7401	Draenei Refugee	45	45	7	1	y	y
7402	Searing Totem VI	60	60	11	0	f	f
7403	Strength of Earth Totem IV	53	53	11	0	f	f
7404	Galak Flame Guard	30	30	7	0	r	r
7405	Deadly Cleft Scorpid	42	43	1	0	r	r
7406	Oglethorpe Obnoticus	50	50	7	1	y	y
7407	Chief Engineer Bilgewhizzle	50	50	7	1	y	y
7408	Spigot Operator Luglunket	40	40	7	1	y	y
7409	Faltering Draenethyst Sphere	1	1	4	0	r	r
7410	Thelman Slatefist	61	61	7	0	f	r
7411	Spirit of Sathrah	12	12	1	0	f	f
7412	Frost Resistance Totem II	52	52	11	0	f	f
7413	Frost Resistance Totem III	57	57	11	0	f	f
7414	Mana Spring Totem II	45	45	11	0	f	f
7415	Mana Spring Totem III	52	52	11	0	f	f
7416	Mana Spring Totem IV	56	56	11	0	f	f
7423	Flametongue Totem III	46	46	11	0	f	f
7424	Fire Resistance Totem II	55	55	11	0	f	f
7425	Fire Resistance Totem III	58	58	11	0	f	f
7427	Taim Ragetotem	61	61	7	0	r	f
7428	Frostmaul Giant	59	60	5	0	r	r
7429	Frostmaul Preserver	59	60	5	0	r	r
7430	Frostsaber Cub	55	56	1	0	r	r
7431	Frostsaber	56	57	1	0	r	r
7432	Frostsaber Stalker	59	60	1	0	r	r
7433	Frostsaber Huntress	58	59	1	0	r	r
7434	Frostsaber Pride Watcher	59	60	1	0	r	r
7435	Cobalt Wyrmkin	55	56	2	0	r	r
7436	Cobalt Scalebane	56	57	2	0	r	r
7437	Cobalt Mageweaver	57	58	2	0	r	r
7438	Winterfall Ursa	57	58	7	0	r	r
7439	Winterfall Shaman	56	57	7	0	r	r
7440	Winterfall Den Watcher	55	56	7	0	r	r
7441	Winterfall Totemic	54	55	7	0	r	r
7442	Winterfall Pathfinder	53	54	7	0	r	r
7443	Shardtooth Mauler	55	56	1	0	r	r
7444	Shardtooth Bear	53	54	1	0	r	r
7445	Elder Shardtooth	57	58	1	0	r	r
7446	Rabid Shardtooth	59	60	1	0	r	r
7447	Fledgling Chillwind	53	55	1	0	r	r
7448	Chillwind Chimaera	55	57	1	0	r	r
7449	Chillwind Ravager	57	59	1	0	r	r
7450	Ragged Owlbeast	53	55	7	0	r	r
7451	Raging Owlbeast	54	56	7	0	r	r
7452	Crazed Owlbeast	56	57	7	0	r	r
7453	Moontouched Owlbeast	57	58	7	0	r	r
7454	Berserk Owlbeast	58	59	7	0	r	r
7455	Winterspring Owl	54	56	1	0	y	y
7456	Winterspring Screecher	57	59	1	0	y	y
7457	Rogue Ice Thistle	53	55	7	0	r	r
7458	Ice Thistle Yeti	55	56	7	0	r	r
7459	Ice Thistle Matriarch	56	57	7	0	r	r
7460	Ice Thistle Patriarch	57	58	7	0	r	r
7461	Hederine Initiate	59	60	3	0	r	r
7462	Hederine Manastalker	59	60	3	0	r	r
7463	Hederine Slayer	59	60	3	0	r	r
7464	Magma Totem II	38	38	11	0	f	f
7465	Magma Totem III	51	51	11	0	f	f
7466	Magma Totem IV	56	56	11	0	f	f
7467	Nature Resistance Totem	34	34	11	0	f	f
7468	Nature Resistance Totem II	57	57	11	0	f	f
7469	Nature Resistance Totem III	60	60	11	0	f	f
7483	Windfury Totem II	48	48	11	0	f	f
7484	Windfury Totem III	60	60	11	0	f	f
7485	Nargatt	40	40	7	1	r	f
7486	Grace of Air Totem	43	43	11	0	f	f
7487	Grace of Air Totem II	60	60	11	0	f	f
7488	Haka'wani	40	40	7	0	r	f
7489	Silverpine Deathguard	40	40	7	0	r	f
7503	Curse of the Eye (Male)	1	1	6	0	f	f
7504	Curse of the Eye (Female)	1	1	6	0	f	f
7505	Bloodmage Drazial	50	50	7	1	f	f
7506	Bloodmage Lynnore	53	53	7	1	f	f
7523	Suffering Highborne	54	55	6	0	r	r
7524	Anguished Highborne	55	56	6	0	r	r
7525	World Leatherworking Dragonscale Trainer	10	10	7	0	f	f
7526	World Leatherworking Elemental Trainer	10	10	7	0	f	f
7527	Goblin Land Mine	43	43	9	0	r	r
7528	World Leatherworking Tribal Trainer	10	10	7	0	f	f
7543	Dark Whelpling	1	1	1	1	f	r
7544	Crimson Whelpling	1	1	1	1	f	r
7545	Emerald Whelpling	1	1	1	1	f	r
7546	Bronze Whelpling	1	1	2	1	f	f
7547	Azure Whelpling	1	1	1	1	f	f
7548	Faeling	1	1	1	1	f	f
7549	Tree Frog	1	1	1	1	f	r
7550	Wood Frog	1	1	1	1	f	r
7551	Dart Frog	1	1	1	1	f	f
7552	Island Frog	1	1	1	1	f	f
7553	Great Horned Owl	1	1	1	1	y	y
7554	Snowy Owl	1	1	1	1	f	f
7555	Hawk Owl	1	1	1	1	y	y
7556	Eagle Owl	1	1	1	1	f	f
7558	Cottontail Rabbit	1	1	1	1	f	f
7559	Spotted Rabbit	1	1	1	1	f	f
7560	Snowshoe Rabbit	1	1	1	1	f	r
7561	Albino Snake	1	1	1	1	f	f
7562	Brown Snake	1	1	1	1	y	y
7563	Blue Racer	1	1	1	0	y	y
7564	Marin Noggenfogger	40	40	7	1	y	y
7565	Black Kingsnake	1	1	1	1	y	y
7566	Scarlet Snake	1	1	1	1	r	r
7567	Crimson Snake	1	1	1	1	y	y
7568	Ribbon Snake	1	1	1	1	r	r
7569	Green Water Snake	1	1	1	1	r	r
7570	Elven Wisp	1	1	1	1	f	f
7572	Fallen Hero of the Horde	60	60	7	1	f	f
7583	Sprinkle	30	30	7	1	y	y
7584	Wandering Forest Walker	44	46	4	0	y	y
7603	Leprous Assistant	28	29	7	0	r	r
7604	Sergeant Bly	45	45	7	0	f	f
7605	Raven	44	44	7	0	f	f
7606	Oro Eyegouge	44	44	7	0	f	f
7607	Weegli Blastfuse	43	43	7	0	f	f
7608	Murta Grimgut	44	44	7	0	f	f
7623	Dispatch Commander Ruag	60	60	7	1	r	f
7624	Test Death Knight	60	60	6	0	f	f
7643	Bengor	45	45	7	1	r	f
7663	Ashenvale Warrior	40	40	7	0	f	r
7664	Razelikh the Defiler	60	60	3	0	r	r
7665	Grol the Destroyer	58	58	3	0	r	r
7666	Archmage Allistarj	58	58	3	0	r	r
7667	Lady Sevine	59	59	3	0	r	r
7668	Servant of Razelikh	57	57	7	0	r	r
7669	Servant of Grol	53	54	7	0	r	r
7670	Servant of Allistarj	54	55	7	0	r	r
7671	Servant of Sevine	55	56	7	0	r	r
7683	Alessandro Luca	35	35	7	1	r	f
7684	Riding Tiger (Yellow)	1	1	1	1	f	f
7686	Riding Tiger (Red)	1	1	1	1	f	f
7687	Riding Tiger (White Spotted)	1	1	1	1	f	f
7689	Riding Tiger (BlackSpotted)	1	1	1	1	f	f
7690	Riding Tiger (BlackStriped)	1	1	1	1	f	f
7703	Riding Raptor (Obsidian)	1	1	1	1	f	f
7704	Riding Raptor (Crimson)	1	1	1	1	f	f
7706	Riding Raptor (Ivory)	1	1	1	1	f	f
7707	Riding Raptor (Turquoise)	1	1	1	1	f	f
7708	Riding Raptor (Violet)	1	1	1	1	f	f
7709	Riding Tallstrider (Brown)	1	1	1	1	f	f
7710	Riding Tallstrider (Gray)	1	1	1	1	f	f
7711	Riding Tallstrider (Pink)	1	1	1	1	f	f
7712	Riding Tallstrider (Purple)	1	1	1	1	f	f
7713	Riding Tallstrider (Turquoise)	1	1	1	1	f	f
7714	Innkeeper Byula	30	30	7	1	r	f
7724	Senior Surveyor Fizzledowser	44	44	7	1	y	y
7725	Grimtotem Raider	42	43	7	0	r	r
7726	Grimtotem Naturalist	41	42	7	0	r	r
7727	Grimtotem Shaman	43	44	7	0	r	r
7728	Kirith the Damned	55	55	3	0	r	r
7729	Spirit of Kirith	55	55	7	1	f	f
7730	Stonetalon Grunt	40	40	7	0	r	f
7731	Innkeeper Jayka	30	30	7	1	r	f
7732	Dupe Bug	1	1	10	0	r	r
7733	Innkeeper Fizzgrimble	30	30	7	1	y	y
7734	Ilifar	60	60	3	0	r	r
7735	Felcular	60	60	3	0	r	r
7736	Innkeeper Shyria	30	30	7	1	f	r
7737	Innkeeper Greul	30	30	7	1	r	f
7738	Burning Servant	30	30	4	0	r	r
7739	Riding MechaStrider (Red)	1	1	9	1	f	f
7740	Gracina Spiritmight	55	55	7	1	f	r
7743	World Undead Horse Riding Trainer	10	10	7	0	f	f
7744	Innkeeper Thulfram	30	30	7	1	f	r
7745	World Raptor Riding Trainer	10	10	7	0	f	f
7746	World Mechastrider Riding Trainer	10	10	7	0	f	f
7747	World Mount Vendor	10	10	7	0	f	f
7748	World Horse Vendor	10	10	7	0	f	f
7749	Riding MechaStrider (Blue)	1	1	9	1	f	f
7750	Corporal Thund Splithoof	55	55	7	1	f	f
7763	Curgle Cranklehop	48	48	7	1	f	f
7764	Troyas Moonbreeze	50	50	7	1	f	r
7765	Rockbiter	45	45	5	1	f	r
7766	Tyrion	37	37	7	1	f	r
7767	Witherbark Felhunter	45	46	3	0	r	r
7768	Witherbark Bloodling	25	25	10	0	r	r
7769	Hazzali Parasite	45	45	10	0	r	r
7770	Winkey	40	40	7	1	f	f
7771	Marvon Rivetseeker	40	40	7	1	y	y
7772	Kalin Windflight	60	60	7	1	f	f
7773	Marli Wishrunner	60	60	7	1	f	f
7774	Shay Leafrunner	50	50	7	0	f	r
7775	Gregan Brewspewer	45	45	7	1	f	f
7776	Talo Thornhoof	50	50	7	1	r	f
7777	Rok Orhan	40	40	7	1	r	f
7778	Doran Steelwing	45	45	7	1	f	r
7779	Priestess Tyriona	25	25	7	1	f	r
7780	Rin'ji	46	46	7	0	r	f
7783	Loramus Thalipedes	60	60	7	1	f	f
7784	Homing Robot OOX-17/TN	42	42	9	0	f	f
7785	Ward of Zum'rah	46	46	10	0	r	r
7786	Skeleton of Zum'rah	35	35	6	0	r	r
7787	Sandfury Slave	43	44	7	0	r	r
7788	Sandfury Drudge	44	45	7	0	r	r
7789	Sandfury Cretin	43	45	7	0	r	r
7790	Orokk Omosh	45	45	7	1	r	f
7791	Theka the Martyr Shapeshift	1	1	6	0	f	f
7792	Aturk the Anvil	50	50	7	1	r	f
7793	Ox	53	53	7	1	r	f
7794	McGavan	55	55	7	1	y	y
7795	Hydromancer Velratha	46	46	7	0	r	r
7796	Nekrum Gutchewer	45	46	6	0	r	r
7797	Ruuzlu	46	46	7	0	r	r
7798	Hank the Hammer	50	50	7	1	f	r
7799	Gimblethorn	45	45	7	1	y	y
7800	Mekgineer Thermaplugg	34	34	9	0	r	r
7801	Gilveradin Sunchaser	45	45	7	1	f	f
7802	Galvan the Ancient	60	60	7	1	f	f
7803	Scorpid Duneburrower	46	47	1	0	r	r
7804	Trenton Lighthammer	55	55	7	1	y	y
7805	Wastewander Scofflaw	45	45	7	0	r	r
7806	Homing Robot OOX-09/HL	42	42	9	0	f	f
7807	Homing Robot OOX-22/FE	42	42	9	0	f	f
7808	Marauding Owlbeast	46	46	7	0	r	r
7809	Vilebranch Ambusher	47	47	7	0	r	r
7823	Bera Stonehammer	55	55	7	1	f	r
7824	Bulkrek Ragefist	55	55	7	1	r	f
7825	Oran Snakewrithe	50	50	7	1	r	f
7826	Ambassador Ardalan	55	55	7	1	y	y
7843	Gnomeregan Evacuee	24	25	7	1	f	r
7844	Fire Nova Totem IV	47	47	11	0	f	f
7845	Fire Nova Totem V	52	52	11	0	f	f
7846	Teremus the Devourer	60	60	2	0	r	r
7847	Caliph Scorpidsting	46	46	7	0	r	r
7848	Lurking Feral Scar	46	46	7	0	r	r
7849	Mobile Alert System	25	25	9	0	r	r
7850	Kernobee	28	28	7	1	f	f
7851	Nethergarde Elite	55	55	7	0	f	r
7852	Pratt McGrubben	55	55	7	1	f	r
7853	Scooty	30	30	7	1	y	y
7854	Jangdor Swiftstrider	49	49	7	1	r	f
7855	Southsea Pirate	44	45	7	0	r	r
7856	Southsea Freebooter	44	45	7	0	r	r
7857	Southsea Dock Worker	44	45	7	0	r	r
7858	Southsea Swashbuckler	44	45	7	0	r	r
7863	Dream Vision	1	1	10	0	r	r
7864	Lingering Highborne	48	50	6	0	r	r
7865	Wildhammer Sentry	55	55	7	0	f	r
7866	Peter Galen	50	50	7	1	f	r
7867	Thorkaf Dragoneye	50	50	7	1	r	f
7868	Sarah Tanner	50	50	7	1	f	r
7869	Brumn Winterhoof	50	50	7	1	r	f
7870	Caryssia Moonhunter	50	50	7	1	f	r
7871	Se'Jib	50	50	7	1	r	f
7872	Death's Head Cultist	33	34	7	0	r	r
7873	Razorfen Battleguard	33	34	7	0	r	r
7874	Razorfen Thornweaver	33	34	7	0	r	r
7875	Hadoken Swiftstrider	57	57	7	0	r	f
7876	Tran'rek	45	45	7	1	y	y
7877	Latronicus Moonspear	57	57	7	1	f	r
7878	Vestia Moonspear	55	55	7	1	f	r
7879	Quintis Jonespyre	55	55	7	1	f	r
7880	Ginro Hearthkindle	55	55	7	1	f	r
7881	Stoley	30	30	7	1	y	y
7882	Security Chief Bilgewhizzle	51	51	7	1	y	y
7883	Andre Firebeard	45	45	7	0	r	r
7884	Fraggar Thundermantle	60	60	7	0	f	r
7885	Spitelash Battlemaster	53	54	7	0	r	r
7886	Spitelash Enchantress	54	55	7	0	r	r
7895	Ambassador Bloodrage	36	36	6	0	r	r
7896	Southsea Buccaneer	44	45	7	0	r	r
7897	Alarm-a-bomb 2600	20	20	9	1	y	y
7898	Pirate treasure trigger mob	1	1	8	1	f	f
7899	Treasure Hunting Pirate	44	45	7	0	r	r
7900	Angelas Moonbreeze	50	50	7	1	f	r
7901	Treasure Hunting Swashbuckler	44	45	7	0	r	r
7902	Treasure Hunting Buccaneer	44	45	7	0	r	r
7903	Jewel	10	10	1	1	f	r
7904	Jacob	10	10	1	1	f	r
7906	Goldshire Guard	22	22	7	0	f	r
7907	Daryn Lightwind	30	30	7	1	f	r
7915	Walking Bomb	30	30	9	0	r	r
7916	Erelas Ambersky	30	30	7	1	f	r
7917	Brother Sarno	55	55	7	0	f	r
7918	Stone Watcher of Norgannon	60	60	5	0	f	f
7919	Gnomeregan - Matrix Punchograph 3005-A	43	45	7	0	f	f
7935	Irradiated Ozzie	10	10	7	0	f	r
7936	Lyon Mountainheart	40	40	7	0	f	r
7937	High Tinker Mekkatorque	63	63	7	1	f	r
7938	Test Auctioneer	50	50	7	0	f	f
7939	Feathermoon Sentinel	55	55	7	0	f	r
7940	Darnall	53	53	7	1	y	y
7941	Mardrack Greenwell	54	54	7	0	f	r
7942	Faralorn	53	53	7	0	f	r
7943	Harklane	49	49	7	0	f	r
7944	Tinkmaster Overspark	57	57	7	1	f	r
7945	Savanne	49	49	7	0	f	r
7946	Brannock	52	52	7	0	f	r
7947	Vivianna	52	52	7	0	f	r
7948	Kylanna Windwhisper	52	52	7	0	f	r
7949	Xylinnia Starshine	51	51	7	0	f	r
7950	Master Mechanic Castpipe	57	57	7	1	f	r
7951	Zas'Tysh	35	35	7	1	r	f
7952	Zjolnir	45	45	7	1	r	f
7953	Xar'Ti	50	50	7	1	r	f
7954	Binjy Featherwhistle	50	50	7	1	f	r
7955	Milli Featherwhistle	50	50	7	1	f	r
7956	Kindal Moonweaver	42	42	7	0	f	r
7957	Jer'kai Moonweaver	36	36	7	1	f	r
7975	Mulgore Protector	55	55	7	0	r	f
7976	Thalgus Thunderfist	30	30	7	1	f	r
7977	Gammerita	48	48	1	0	r	r
7978	Bimble Longberry	30	30	7	1	f	r
7980	Deathguard Elite	55	55	7	0	r	f
7995	Vile Priestess Hexx	51	51	7	0	r	r
7996	Qiaga the Keeper	50	50	7	0	r	r
7997	Captured Sprite Darter	42	43	2	0	f	y
7998	Blastmaster Emi Shortfuse	27	27	7	0	f	f
7999	Tyrande Whisperwind	63	63	7	1	f	r
8015	Ashenvale Sentinel	40	40	7	0	f	r
8016	Barrens Guard	40	40	7	0	r	f
8017	Sen'jin Guardian	55	55	7	0	r	r
8018	Guthrum Thunderfist	55	55	7	1	f	r
8019	Fyldren Moonfeather	55	55	7	1	f	r
8020	Shyn	55	55	7	1	r	f
8021	Orwin Gizzmick	50	50	7	1	r	f
8022	Thadius Grimshade	50	50	7	1	f	r
8023	Sharpbeak	5	5	1	1	f	y
8024	Sharpbeak's Father	55	55	1	1	f	r
8025	Sharpbeak's Mother	55	55	1	1	f	r
8026	Thyn'tel Bladeweaver	60	60	7	1	f	r
8035	Dark Iron Land Mine	32	33	9	0	r	r
8055	Thelsamar Mountaineer	40	40	7	0	f	r
8075	Edana Hatetalon	50	50	7	0	r	r
8095	Sul'lithuz Sandcrawler	45	47	1	0	r	r
8096	Protector of the People	40	40	7	0	f	r
8115	Witch Doctor Uzer'i	50	50	7	0	r	f
8116	Ziggle Sparks	46	46	7	1	y	y
8117	Wizbang Booms	38	38	7	1	f	f
8118	Lillian Singh	30	30	7	1	f	f
8119	Zikkel	45	45	7	1	y	y
8120	Sul'lithuz Abomination	47	47	10	0	r	r
8121	Jaxxil Sparks	24	24	7	1	y	y
8122	Kizzak Sparks	24	24	7	1	y	y
8123	Rickle Goldgrubber	55	55	7	1	y	y
8124	Qizzik	45	45	7	1	y	y
8125	Dirge Quikcleave	43	43	7	1	y	y
8126	Nixx Sprocketspring	55	55	7	1	y	y
8127	Antu'sul	48	48	7	0	r	r
8128	Pikkle	40	40	7	1	y	y
8129	Wrinkle Goodsteel	40	40	7	1	y	y
8130	Sul'lithuz Hatchling	30	35	10	0	r	r
8131	Blizrik Buckshot	45	45	7	1	y	y
8136	Lord Shalzaru	47	47	7	0	r	r
8137	Gikkix	40	40	7	1	y	y
8138	Sul'lithuz Broodling	39	39	10	0	r	r
8139	Jabbey	40	40	7	1	y	y
8140	Brother Karman	45	45	7	1	f	r
8141	Captain Evencane	45	45	7	1	f	r
8142	Jannos Lighthoof	50	50	7	1	r	f
8143	Loorana	49	49	7	1	r	f
8144	Kulleg Stonehorn	51	51	7	1	r	f
8145	Sheendra Tallgrass	50	50	7	1	r	f
8146	Ruw	50	50	7	1	r	f
8147	Camp Mojache Brave	55	55	7	0	r	f
8148	Waurg	42	42	7	0	r	f
8149	Sul'lithuz Warder	48	48	10	0	r	r
8150	Janet Hommers	40	40	7	1	f	r
8151	Nijel's Point Guard	45	45	7	0	f	r
8152	Harnor	40	40	7	1	r	f
8153	Narv Hidecrafter	42	42	7	1	r	f
8154	Ghost Walker Brave	50	50	7	0	r	f
8155	Kargath Grunt	55	55	7	0	r	f
8156	Servant of Antu'sul	48	48	10	0	r	r
8157	Logannas	52	52	7	1	f	r
8158	Bronk	49	49	7	1	r	f
8159	Worb Strongstitch	50	50	7	1	r	f
8160	Nioma	50	50	7	1	f	r
8161	Harggan	49	49	7	1	f	r
8176	Gharash	45	45	7	1	r	f
8177	Rartar	45	45	7	1	r	f
8178	Nina Lightbrew	49	49	7	1	f	r
8179	Greater Healing Ward	45	45	10	0	r	r
8196	Occulus	50	50	2	0	r	r
8197	Chronalis	61	61	2	0	r	r
8198	Tick	52	52	2	0	r	r
8199	Warleader Krazzilak	45	45	7	0	r	r
8200	Jin'Zallah the Sandbringer	46	46	7	0	r	r
8201	Omgorn the Lost	50	50	7	0	r	r
8202	Cyclok the Mad	48	48	7	0	r	r
8203	Kregg Keelhaul	47	47	7	0	r	r
8204	Soriid the Devourer	50	50	10	0	r	r
8205	Haarka the Ravenous	50	50	10	0	r	r
8206	Soul of Tanaris	51	51	4	0	r	r
8207	Greater Firebird	46	46	1	0	r	r
8208	Murderous Blisterpaw	43	43	1	0	r	r
8210	Razortalon	44	44	7	0	r	r
8211	Old Cliff Jumper	42	42	1	0	r	r
8212	The Reak	49	49	10	0	r	r
8213	Ironback	51	51	1	0	y	y
8214	Jalinde Summerdrake	49	49	7	0	f	r
8215	Grimungous	50	50	5	0	r	r
8216	Retherokk the Berserker	48	48	7	0	r	r
8217	Mith'rethis the Enchanter	52	52	7	0	r	r
8218	Witherheart the Stalker	45	45	7	0	r	r
8219	Zul'arek Hatefowler	43	43	7	0	r	r
8236	Muck Frenzy	14	15	1	0	r	r
8256	Curator Thorius	45	45	7	1	f	r
8257	Oozeling	40	40	10	0	r	r
8276	Soaring Razorbeak	40	42	1	1	f	f
8277	Rekk'tilac	48	48	1	0	r	r
8278	Smoldar	50	50	4	0	r	r
8279	Faulty War Golem	46	46	4	0	r	r
8280	Shleipnarr	47	47	3	0	r	r
8281	Scald	49	49	4	0	r	r
8282	Highlord Mastrogonde	51	51	7	0	r	r
8283	Slave Master Blackheart	50	50	7	0	r	r
8284	Dorius Stonetender	45	45	7	0	f	y
8296	Mojo the Twisted	48	48	7	0	r	r
8297	Magronos the Unyielding	56	56	7	0	r	r
8298	Akubar the Seer	54	54	7	0	r	r
8299	Spiteflayer	52	52	1	0	r	r
8300	Ravage	51	51	1	0	r	r
8301	Clack the Reaver	53	53	1	0	r	r
8302	Deatheye	49	49	1	0	r	r
8303	Grunter	50	50	1	0	r	r
8304	Dreadscorn	57	57	7	0	r	r
8305	Kixxle	25	25	7	1	y	y
8306	Duhng	18	18	7	1	r	f
8307	Tarban Hearthgrain	22	22	7	1	r	f
8308	Alenndaar Lapidaar	27	27	7	1	f	r
8309	Carlo Aurelius	50	50	7	1	y	y
8310	Watcher Wollpert	37	37	7	0	f	r
8311	Slime Maggot	45	46	1	0	y	y
8316	Paladin 10 Alternate	10	10	7	0	y	y
8317	Atal'ai Deathwalker's Spirit	50	51	6	0	r	r
8318	Atal'ai Slave	46	47	3	0	r	r
8319	Nightmare Whelp	49	50	2	0	r	r
8320	Sprok	28	28	7	1	y	y
8321	Paladin 20 Alternate	20	20	7	0	y	y
8322	Paladin 30 Alternate	30	30	7	0	y	y
8323	Paladin 40 Alternate	40	40	7	0	y	y
8324	Atal'ai Skeleton	46	47	6	0	r	r
8336	Hakkari Sapper	49	50	1	0	r	r
8337	Dark Iron Steelshifter	42	45	7	0	r	r
8338	Dark Iron Marksman	55	55	7	1	r	r
8356	Chesmu	45	45	7	1	r	f
8357	Atepa	45	45	7	1	r	f
8358	Hewa	30	30	7	1	r	f
8359	Ahanu	30	30	7	1	r	f
8360	Elki	30	30	7	1	r	f
8361	Chepi	30	30	7	1	r	f
8362	Kuruk	30	30	7	1	r	f
8363	Shadi Mistrunner	30	30	7	1	r	f
8364	Pakwa	30	30	7	1	r	f
8376	Mechanical Chicken	1	1	1	1	f	r
8377	Ahdi of Shadow Hall	47	47	7	0	f	f
8378	Alexandra Blazen	45	45	7	0	f	f
8379	Archmage Xylem	60	60	7	1	f	f
8380	Captain Vanessa Beltis	50	50	7	0	f	f
8381	Lindros	47	47	7	0	f	f
8382	Patrick Mills	46	46	7	0	f	f
8383	Master Wood	60	60	7	1	f	r
8384	Deep Lurker	47	49	4	0	r	r
8385	Mura Runetotem	22	22	7	1	r	f
8386	Horizon Scout Crewman	42	42	7	0	f	f
8387	Horizon Scout First Mate	43	43	7	0	f	f
8388	Horizon Scout Cook	42	42	7	0	f	f
8389	Horizon Scout Engineer	42	42	7	0	f	f
8390	Chemist Cuely	30	30	7	1	r	f
8391	Lathoric the Black	52	52	7	0	r	r
8392	Pilot Xiggs Fuselighter	45	45	7	1	f	f
8393	Thersa Windsong	45	45	7	1	r	f
8394	Roland Geardabbler	43	43	7	1	f	f
8395	Sanath Lim-yo	50	50	7	1	f	f
8396	Sentinel Dalia Sunblade	44	44	7	1	f	r
8397	Sentinel Keldara Sunblade	44	44	7	1	f	r
8398	Ohanko	30	30	7	1	r	f
8399	Nyrill	39	39	7	1	f	f
8400	Obsidion	52	52	4	1	r	r
8401	Halpa	30	30	7	1	r	f
8402	Enslaved Archaeologist	46	47	7	1	y	y
8403	Jeremiah Payson	30	30	7	1	r	f
8404	Xan'tish	30	30	7	1	r	f
8405	Ogtinc	45	45	7	0	f	f
8406	Or'lin Oakenfist	50	50	7	0	f	f
8407	Makron the Corrupt	53	53	3	0	r	r
8408	Warlord Krellian	55	55	7	0	r	r
8409	Caravan Master Tset	53	53	7	0	r	r
8416	Felix Whindlebolt	2	2	7	1	f	r
8417	Dying Archaeologist	46	47	7	1	y	y
8418	Falla Sagewind	25	25	7	1	f	f
8419	Twilight Idolater	49	51	7	0	r	r
8420	Kim'jael	46	46	7	1	y	y
8421	Dorius	50	50	7	1	r	r
8436	Zamael Lunthistle	50	50	7	1	f	y
8437	Hakkari Minion	45	46	10	0	r	r
8438	Hakkari Bloodkeeper	49	50	10	0	r	r
8439	Nilith Lokrav	48	48	7	1	f	f
8440	Shade of Hakkar	49	50	10	0	f	f
8441	Raze	48	48	4	1	f	f
8442	Shadowsilk Poacher	47	50	7	0	r	r
8443	Avatar of Hakkar	49	50	10	0	r	r
8444	Trade Master Kovic	50	50	7	0	r	r
8446	Xiggs Fuselighter's Flyingmachine	45	45	7	1	f	r
8447	Clunk	48	48	9	0	r	r
8477	Skeletal Servant	32	32	6	0	r	r
8478	Second Mate Shandril	43	43	7	1	f	f
8479	Kalaran Windblade	55	55	2	1	f	f
8480	Kalaran the Deceiver	55	55	2	1	r	r
8496	Liv Rizzlefix	17	17	7	1	y	y
8497	Nightmare Suppressor	49	50	2	1	r	r
8498	TEST Uber Night Elf	1	1	7	0	r	r
8499	TEST Uber Succubus	1	1	3	0	r	r
8500	TEST Uber Abomination	1	1	6	0	r	r
8501	TEST Uber Crypt Fiend	1	1	6	0	r	r
8502	TEST Uber Human	1	1	7	0	r	r
8503	Gibblewilt	11	11	7	0	r	r
8504	Dark Iron Sentry	48	48	7	0	r	r
8505	Hex of Jammal'an	1	1	7	0	f	f
8506	Eranikus the Chained	1	1	2	1	f	f
8507	Tymor	35	35	7	1	f	r
8508	Gretta Ganter	10	10	7	1	f	r
8509	Squire Maltrake	52	52	7	1	f	f
8510	Atal'ai Totem	51	51	11	0	f	f
8516	Belnistrasz	36	36	7	1	f	f
8517	Xiggs Fuselighter	45	45	7	1	f	r
8518	Rynthariel the Keymaster	29	29	7	0	f	r
8519	Blighted Surge	54	55	4	0	r	r
8520	Plague Ravager	55	56	4	0	r	r
8521	Blighted Horror	56	57	4	0	r	r
8522	Plague Monstrosity	57	58	4	0	r	r
8523	Scourge Soldier	53	54	6	0	r	r
8524	Cursed Mage	54	55	6	0	r	r
8525	Scourge Warder	55	56	6	0	r	r
8526	Dark Caster	56	57	6	0	r	r
8527	Scourge Guard	57	58	6	0	r	r
8528	Dread Weaver	58	59	6	0	r	r
8529	Scourge Champion	59	60	6	0	r	r
8530	Cannibal Ghoul	54	55	6	0	r	r
8531	Gibbering Ghoul	56	57	6	0	r	r
8532	Diseased Flayer	58	59	6	0	r	r
8534	Putrid Gargoyle	54	56	6	0	r	r
8535	Putrid Shrieker	56	58	6	0	r	r
8536	Putrid Slayer	58	60	6	0	r	r
8537	Interloper	42	43	6	0	r	r
8538	Unseen Servant	55	56	6	0	r	r
8539	Eyeless Watcher	57	58	6	0	r	r
8540	Torn Screamer	53	55	6	0	r	r
8541	Hate Shrieker	55	57	6	0	r	r
8542	Death Singer	57	59	6	0	r	r
8543	Stitched Horror	57	58	6	0	r	r
8544	Gangled Golem	58	59	6	0	r	r
8545	Abomination	59	60	6	0	r	r
8546	Dark Adept	58	59	7	0	r	r
8547	Death Cultist	53	54	7	0	r	r
8548	Vile Tutor	56	57	7	0	r	r
8549	[UNUSED] Acolyte	57	58	7	0	r	r
8550	Shadowmage	59	60	7	0	r	r
8551	Dark Summoner	55	56	7	0	r	r
8552	Necrolyte	54	55	6	0	r	r
8553	Necromancer	54	55	7	0	r	r
8554	Chief Sharptusk Thornmantle	5	5	7	0	r	r
8555	Crypt Fiend	53	54	6	0	r	r
8556	Crypt Walker	55	56	6	0	r	r
8557	Crypt Horror	57	58	6	0	r	r
8558	Crypt Slayer	58	59	6	0	r	r
8559	Undead Nerubian	60	61	6	0	r	r
8560	Mossflayer Scout	57	58	7	0	r	r
8561	Mossflayer Shadowhunter	58	59	7	0	r	r
8562	Mossflayer Cannibal	57	59	7	0	r	r
8563	Woodsman	58	59	7	0	f	r
8564	Ranger	59	60	7	0	f	r
8565	Pathstrider	57	58	7	0	f	r
8566	Dark Iron Lookout	47	48	7	0	r	r
8567	Glutton	40	40	6	0	r	r
8576	Ag'tor Bloodfist	45	45	7	1	r	f
8578	Magus Rimtori	55	55	7	0	r	r
8579	Yeh'kinya	41	41	7	1	y	y
8580	Atal'alarion	50	50	7	0	r	r
8581	Blood Elf Defender	51	51	7	0	r	r
8582	Kadrak	31	31	7	1	r	f
8583	Dirania Silvershine	8	8	7	1	f	r
8584	Iverron	5	5	7	1	f	r
8585	Frost Spectre	41	41	6	0	r	r
8586	Haggrum Bloodfist	45	45	7	1	r	f
8587	Jediga	49	49	7	1	r	f
8588	Umbranse the Spiritspeaker	50	50	7	0	f	f
8596	Plaguehound Runt	53	54	3	0	r	r
8597	Plaguehound	55	56	3	0	r	r
8598	Frenzied Plaguehound	57	58	3	0	r	r
8599	Plaguehound Mastiff	43	44	3	0	r	r
8600	Plaguebat	53	55	1	0	r	r
8601	Noxious Plaguebat	54	56	1	0	r	r
8602	Monstrous Plaguebat	56	58	1	0	r	r
8603	Carrion Grub	54	55	1	0	y	y
8605	Carrion Devourer	56	57	1	0	y	y
8606	Living Decay	55	56	10	0	r	r
8607	Rotting Sludge	54	55	10	0	r	r
8608	Angered Infernal	52	53	3	0	r	r
8609	Alexandra Constantine	55	55	7	1	f	r
8610	Kroum	55	55	7	1	r	f
8611	Idol Room Spawner	1	1	10	1	f	f
8612	Screecher Spirit	50	50	1	1	f	f
8613	Ozzie	26	26	7	0	f	f
8615	Mithril Dragonling	60	60	9	0	f	r
8616	Infernal Servant	55	55	3	0	r	r
8617	Zalashji	45	45	7	1	f	f
8636	Morta'gya the Keeper	50	50	7	0	r	r
8637	Dark Iron Watchman	44	45	7	0	r	r
8656	Hukku's Voidwalker	52	52	3	0	r	r
8657	Hukku's Succubus	52	52	3	1	r	r
8658	Hukku's Imp	52	52	3	0	r	r
8659	Jes'rimon	50	50	7	1	r	f
8660	The Evalcharr	48	48	1	0	r	r
8661	Auctioneer Beardo	50	50	7	1	y	y
8662	Idol Oven Fire Target	1	1	2	1	f	f
8663	Splinterbone Elite	43	44	6	0	r	r
8664	Saern Priderunner	50	50	7	1	r	f
8665	Shylenai	30	30	7	1	f	r
8666	Lil Timmy	5	5	7	1	f	r
8667	Gusting Vortex	43	45	4	0	r	r
8668	Felhound Tracker	1	1	3	1	r	r
8669	Auctioneer Tolon	50	50	7	1	f	r
8670	Auctioneer Chilton	50	50	7	1	f	r
8671	Auctioneer Buckler	50	50	7	1	f	r
8672	Auctioneer Leeka	50	50	7	1	r	f
8673	Auctioneer Thathung	50	50	7	1	r	f
8674	Auctioneer Stampi	50	50	7	1	r	f
8675	Felbeast	50	51	3	0	r	r
8676	World Gnome Engineering Trainer	10	10	7	0	f	f
8677	World Goblin Engineering Trainer	10	10	7	0	f	f
8678	Jubie Gadgetspring	55	55	7	1	f	f
8679	Knaz Blunderflame	42	42	7	1	f	f
8680	Massive Infernal	63	63	3	0	r	r
8681	Outfitter Eric	35	35	7	1	f	r
8696	Henry Stern	36	36	7	1	f	f
8716	Dreadlord	62	62	3	0	r	r
8717	Felguard Elite	61	61	3	0	r	r
8718	Manahound	60	60	3	0	r	r
8719	Auctioneer Fitch	50	50	7	1	f	r
8720	Auctioneer Redmuse	50	50	7	1	f	r
8721	Auctioneer Epitwee	50	50	7	1	r	f
8722	Auctioneer Gullem	50	50	7	1	r	f
8723	Auctioneer Golothas	50	50	7	1	f	r
8724	Auctioneer Wabang	50	50	7	1	r	f
8736	Buzzek Bracketswing	53	53	7	1	y	y
8737	Linken	40	40	7	1	f	f
8738	Vazario Linkgrease	40	40	7	1	y	y
8756	Raytaf	50	50	3	0	f	f
8757	Shahiar	50	50	3	0	f	f
8758	Zaman	50	50	3	0	f	f
8759	Mosshoof Runner	45	47	1	0	y	y
8760	Mosshoof Stag	49	50	1	0	y	y
8761	Mosshoof Courser	52	53	1	0	y	y
8762	Timberweb Recluse	47	48	1	0	r	r
8763	Mistwing Rogue	49	50	1	0	r	r
8764	Mistwing Ravager	52	53	1	0	r	r
8765	Forest Creeper	50	51	10	0	r	r
8766	Forest Ooze	52	53	10	0	r	r
8767	Sah'rhee	30	30	7	1	f	f
8776	Emerald Dragon Whelp	55	55	2	1	r	r
8777	Seinrick Coulthane	35	35	7	0	r	f
8796	Swimming Murloc Test	1	1	7	0	f	f
8816	Deathly Usher	50	50	7	1	f	f
8836	Battle Chicken	1	1	9	0	f	r
8837	Muck Splash	47	49	4	0	r	r
8856	Tyrion's Spybot	25	25	9	1	f	r
8876	Sandfury Acolyte	42	44	7	0	r	r
8877	Sandfury Zealot	44	45	7	0	r	r
8878	Muuran	40	40	7	1	r	f
8879	Royal Historian Archesonus	50	50	7	1	f	r
8880	Mechastrider	1	2	9	0	f	f
8881	Riding Ram	1	2	8	1	f	f
8882	Riding Tiger	1	2	1	1	f	f
8883	Riding Horse	1	2	1	1	f	f
8884	Skeletal Mount	1	2	6	1	f	f
8885	Riding Raptor	1	2	1	1	f	f
8886	Deviate Python	18	19	1	0	r	r
8887	A tormented voice	50	50	7	0	f	f
8888	Franclorn Forgewright	60	60	7	1	f	f
8889	Anvilrage Overseer	48	49	7	0	r	r
8890	Anvilrage Warden	49	50	7	0	r	r
8891	Anvilrage Guardsman	50	51	7	0	r	r
8892	Anvilrage Footman	51	52	7	0	r	r
8893	Anvilrage Soldier	52	53	7	0	r	r
8894	Anvilrage Medic	52	53	7	0	r	r
8895	Anvilrage Officer	53	54	7	0	r	r
8896	Shadowforge Peasant	52	54	7	0	r	r
8897	Doomforge Craftsman	52	54	7	0	r	r
8898	Anvilrage Marshal	54	55	7	0	r	r
8899	Doomforge Dragoon	54	55	7	0	r	r
8900	Doomforge Arcanasmith	54	55	7	0	r	r
8901	Anvilrage Reservist	54	55	7	0	r	r
8902	Shadowforge Citizen	54	56	7	0	r	r
8903	Anvilrage Captain	55	56	7	0	r	r
8904	Shadowforge Senator	55	56	7	0	r	r
8905	Warbringer Construct	53	54	4	0	r	r
8906	Ragereaver Golem	54	55	4	0	r	r
8907	Wrath Hammer Construct	55	56	4	0	r	r
8908	Molten War Golem	55	56	4	0	r	r
8909	Fireguard	50	52	4	0	r	r
8910	Blazing Fireguard	52	54	4	0	r	r
8911	Fireguard Destroyer	54	56	4	0	r	r
8912	Twilight's Hammer Torturer	50	51	7	0	r	r
8913	Twilight Emissary	52	53	7	0	r	r
8914	Twilight Bodyguard	53	54	7	0	r	r
8915	Twilight's Hammer Ambassador	54	55	7	0	r	r
8916	Arena Spectator	52	54	7	0	r	r
8917	Quarry Slave	46	48	7	0	y	y
8920	Weapon Technician	54	56	7	0	r	r
8921	Bloodhound	49	50	3	0	r	r
8922	Bloodhound Mastiff	54	55	3	0	r	r
8923	Panzor the Invincible	57	57	4	0	r	r
8924	The Behemoth	50	50	7	0	r	r
8925	Dredge Worm	50	52	1	0	r	r
8926	Deep Stinger	50	52	1	0	r	r
8927	Dark Screecher	50	52	1	0	r	r
8928	Burrowing Thundersnout	50	52	1	0	r	r
8929	Princess Moira Bronzebeard	58	58	7	0	r	r
8931	Innkeeper Heather	30	30	7	1	f	r
8932	Borer Beetle	50	52	1	0	r	r
8933	Cave Creeper	50	52	1	0	r	r
8934	Christopher Hewen	30	30	7	1	f	r
8935	Paladin 20 AlternateHighDamage	20	20	7	0	y	y
8937	Pet Bomb	1	1	7	0	y	y
8956	Angerclaw Bear	47	48	1	0	r	r
8957	Angerclaw Grizzly	51	52	1	0	r	r
8958	Angerclaw Mauler	49	50	1	0	r	r
8959	Felpaw Wolf	47	48	1	0	r	r
8960	Felpaw Scavenger	49	50	1	0	r	r
8961	Felpaw Ravager	51	52	1	0	r	r
8962	Hilary	1	1	7	1	f	f
8963	Effsee	1	1	8	1	f	f
8964	Blackrock Drake	50	52	2	1	r	r
8965	Shawn	1	1	7	0	f	f
8976	Hematos	60	60	2	0	r	r
8977	Krom'Grul	54	54	7	0	r	r
8978	Thauris Balgarr	57	57	7	0	r	r
8979	Gruklash	59	59	7	0	r	r
8980	Firegut Captain	53	53	7	0	r	r
8981	Malfunctioning Reaver	56	56	4	0	r	r
8982	Ironhand Guardian	56	56	4	0	y	y
8983	Golem Lord Argelmach	57	57	7	0	r	r
8996	Voidwalker Minion	47	47	3	0	r	r
8997	Gershala Nightwhisper	20	20	7	1	f	r
9016	Bael'Gar	54	54	5	0	r	r
9017	Lord Incendius	55	55	4	0	r	r
9018	High Interrogator Gerstahn	52	52	7	0	r	r
9019	Emperor Dagran Thaurissan	59	59	7	0	r	r
9020	Commander Gor'shak	54	54	7	0	f	f
9021	Kharan Mighthammer	52	52	7	0	f	f
9022	Dughal Stormwing	52	52	7	0	f	y
9023	Marshal Windsor	52	52	7	1	f	y
9024	Pyromancer Loregrain	52	52	7	0	r	r
9025	Lord Roccor	51	51	4	0	r	r
9026	Overmaster Pyron	52	52	4	0	r	r
9027	Gorosh the Dervish	56	56	7	0	r	r
9028	Grizzle	54	54	7	0	r	r
9029	Eviscerator	54	54	7	0	r	r
9030	Ok'thor the Breaker	53	53	7	0	r	r
9031	Anub'shiah	54	54	6	0	r	r
9032	Hedrum the Creeper	53	53	1	0	r	r
9033	General Angerforge	57	57	7	0	r	r
9034	Hate'rel	55	55	6	0	f	f
9035	Anger'rel	55	55	6	0	f	f
9036	Vile'rel	56	56	6	0	f	f
9037	Gloom'rel	56	56	6	0	f	f
9038	Seeth'rel	56	56	6	0	f	f
9039	Doom'rel	57	57	6	0	f	f
9040	Dope'rel	56	56	6	0	f	f
9041	Warder Stilgiss	56	56	7	0	r	r
9042	Verek	55	55	3	0	r	r
9043	Scarshield Grunt	53	54	7	0	r	r
9044	Scarshield Sentry	53	54	7	0	r	r
9045	Scarshield Acolyte	54	55	7	0	r	r
9046	Scarshield Quartermaster	55	55	7	0	r	r
9047	Jenal	5	5	7	1	f	r
9056	Fineous Darkvire	54	54	7	0	r	r
9076	Ghede	25	25	7	1	r	f
9077	Warlord Goretooth	60	60	7	1	r	f
9078	Shadowmage Vivian Lagrave	58	58	7	1	r	f
9079	Hierophant Theodora Mulvadania	58	58	7	1	r	f
9080	Lexlort	58	58	7	1	r	f
9081	Galamav the Marksman	58	58	7	1	r	f
9082	Thal'trak Proudtusk	55	55	7	1	r	f
9083	Razal'blade	52	52	7	1	r	f
9084	Thunderheart	52	52	7	1	r	f
9085	Initiate Amakkar	52	52	7	1	r	f
9086	Grunt Gargal	52	52	7	1	r	f
9087	Bashana Runetotem	35	35	7	1	r	f
9096	Rage Talon Dragonspawn	58	59	2	0	r	r
9097	Scarshield Legionnaire	54	55	7	0	r	r
9098	Scarshield Spellbinder	54	55	7	0	r	r
9099	Sraaz	30	30	7	1	f	r
9116	Eridan Bluewind	57	57	7	1	f	f
9117	J.D. Collie	60	60	7	0	f	f
9118	Larion	51	51	7	0	r	f
9119	Muigin	51	51	7	0	f	r
9136	Sha'ni Proudtusk	56	56	7	1	r	f
9156	Ambassador Flamelash	57	57	7	0	r	r
9157	Bloodpetal Pest	40	40	10	0	f	r
9158	Riding Horse (Warhorse)	1	1	1	1	f	f
9162	Young Diemetradon	49	50	1	0	r	r
9163	Diemetradon	51	52	1	0	r	r
9164	Elder Diemetradon	54	55	1	0	r	r
9165	Fledgling Pterrordax	48	50	1	0	r	r
9166	Pterrordax	50	52	1	0	r	r
9167	Frenzied Pterrordax	52	54	1	0	r	r
9176	Gor'tesh	54	54	7	0	r	r
9177	Oralius	55	55	7	1	f	r
9178	Burning Spirit	30	30	4	0	y	y
9179	Jazzrik	38	38	7	1	y	y
9180	World Event Generator	5	5	10	0	f	f
9196	Highlord Omokk	59	59	7	0	r	r
9197	Spirestone Battle Mage	57	58	7	0	r	r
9198	Spirestone Mystic	55	56	7	0	r	r
9199	Spirestone Enforcer	54	55	7	0	r	r
9200	Spirestone Reaver	55	56	7	0	r	r
9201	Spirestone Ogre Magus	54	55	7	0	r	r
9216	Spirestone Warlord	57	58	7	0	r	r
9217	Spirestone Lord Magus	58	58	7	0	r	r
9218	Spirestone Battle Lord	58	58	7	0	r	r
9219	Spirestone Butcher	57	57	7	0	r	r
9236	Shadow Hunter Vosh'gajin	58	58	7	0	r	r
9237	War Master Voone	59	59	7	0	r	r
9238	Quentin	40	40	7	1	f	r
9239	Smolderthorn Mystic	55	56	7	0	r	r
9240	Smolderthorn Shadow Priest	55	56	7	0	r	r
9241	Smolderthorn Headhunter	56	57	7	0	r	r
9256	Farm Chicken	1	1	1	1	y	y
9257	Scarshield Warlock	54	55	7	0	r	r
9258	Scarshield Raider	55	56	7	0	r	r
9259	Firebrand Grunt	56	57	7	0	r	r
9260	Firebrand Legionnaire	57	58	7	0	r	r
9261	Firebrand Darkweaver	56	57	7	0	r	r
9262	Firebrand Invoker	56	57	7	0	r	r
9263	Firebrand Dreadweaver	57	58	7	0	r	r
9264	Firebrand Pyromancer	57	58	7	0	r	r
9265	Smolderthorn Shadow Hunter	56	57	7	0	r	r
9266	Smolderthorn Witch Doctor	56	57	7	0	r	r
9267	Smolderthorn Axe Thrower	55	56	7	0	r	r
9268	Smolderthorn Berserker	57	58	7	0	r	r
9269	Smolderthorn Seer	56	57	7	0	r	r
9270	Williden Marshal	48	48	7	1	f	f
9271	Hol'anyee Marshal	45	45	7	1	f	f
9272	Spark Nilminer	45	45	7	1	f	f
9273	Petra Grossen	46	46	7	0	f	f
9274	Dadanga	45	45	1	0	f	f
9275	Launcher	1	1	7	0	f	f
9276	Launcher2	1	1	7	0	f	f
9296	Milly Osworth	2	2	7	1	f	r
9297	Enraged Wyvern	55	55	1	0	r	f
9298	Donova Snowden	50	50	7	0	f	f
9299	Gaeriyan	60	60	7	1	f	f
9316	Wenikee Boltbucket	19	19	7	1	y	y
9317	Rilli Greasygob	22	22	7	1	r	f
9318	Incendosaur	47	49	1	0	r	r
9319	Houndmaster Grebmar	52	52	7	0	r	r
9336	Boss Copperplug	19	19	7	0	r	r
9356	Innkeeper Shul'kar	30	30	7	1	r	f
9376	Blazerunner	56	56	4	0	r	r
9377	Swirling Vortex	33	34	4	0	r	r
9396	Ground Pounder	41	43	4	0	r	r
9397	Living Storm	47	49	4	0	r	r
9398	Twilight's Hammer Executioner	55	56	7	0	r	r
9416	Scarshield Worg	53	54	1	0	r	r
9417	Sleeping Dragon	60	60	2	0	r	r
9436	Spawn of Bael'Gar	49	50	10	0	r	r
9437	Dark Keeper Vorfalk	55	55	7	0	r	r
9438	Dark Keeper Bethek	55	55	7	0	r	r
9439	Dark Keeper Uggel	55	55	7	0	r	r
9441	Dark Keeper Zimrel	55	55	7	0	r	r
9442	Dark Keeper Ofgut	55	55	7	0	r	r
9443	Dark Keeper Pelver	55	55	7	0	r	r
9445	Dark Guard	53	54	7	0	r	r
9447	Scarlet Warder	53	54	7	0	r	r
9448	Scarlet Praetorian	56	57	7	0	r	r
9449	Scarlet Cleric	54	55	7	0	r	r
9450	Scarlet Curate	55	56	7	0	r	r
9451	Scarlet Archmage	55	57	7	0	r	r
9452	Scarlet Enchanter	53	55	7	0	r	r
9453	Aquementas	54	54	4	0	r	r
9454	Xavathras	54	54	3	0	r	r
9456	Warlord Krom'zar	20	20	7	0	r	r
9457	Horde Defender	15	18	7	0	r	f
9458	Horde Axe Thrower	15	18	7	0	r	f
9459	Cyrus Therepentous	55	55	2	1	f	f
9460	Gadgetzan Bruiser	57	57	7	0	y	y
9461	Frenzied Black Drake	54	54	2	0	r	r
9462	Chieftain Bloodmaw	56	56	7	0	r	r
9464	Overlord Ror	51	51	7	0	r	r
9465	Golhine the Hooded	60	60	7	1	f	r
9467	Miblon Snarltooth	50	50	7	1	f	f
9476	Watchman Doomgrip	55	55	7	0	r	r
9477	Cloned Ooze	50	52	10	0	r	r
9496	Gorishi Egg	50	51	10	0	r	r
9498	Gorishi Grub	48	48	10	0	r	r
9499	Plugger Spazzring	55	55	7	0	y	y
9500	Mistress Nagmara	54	54	3	1	f	f
9501	Innkeeper Adegwa	30	30	7	1	r	f
9502	Phalanx	55	55	4	0	f	f
9503	Private Rocknot	52	54	7	0	f	f
9516	Lord Banehollow	59	59	3	0	r	r
9517	Shadow Lord Fel'dan	57	57	7	0	r	r
9518	Rakaiah	56	56	3	0	r	r
9520	Grark Lorkrub	56	56	7	1	r	f
9521	Enraged Felbat	55	55	1	1	r	f
9522	Blackrock Ambusher	54	55	7	0	y	y
9523	Kolkar Stormseer	15	16	7	0	r	r
9524	Kolkar Invader	16	17	7	0	r	r
9525	Freewind Brave	45	45	7	0	r	f
9526	Enraged Gryphon	55	55	1	0	f	r
9527	Enraged Hippogryph	55	55	1	1	r	r
9528	Arathandris Silversky	60	60	7	1	f	f
9529	Maybess Riverbreeze	60	60	7	1	f	f
9536	Maxwort Uberglint	42	42	7	0	y	y
9537	Hurley Blackbreath	55	55	7	0	r	r
9538	High Executioner Nuzrak	60	60	7	1	r	r
9539	Shadow of Lexlort	58	58	7	1	r	r
9540	Enohar Thunderbrew	50	50	7	1	f	r
9541	Blackbreath Crony	53	53	7	0	r	r
9542	Franclorn's Spirit	60	60	7	1	f	f
9543	Ribbly Screwspigot	53	53	7	0	f	f
9544	Yuka Screwspigot	53	53	7	0	y	y
9545	Grim Patron	48	52	7	0	y	y
9546	Raschal the Courier	42	42	7	0	f	f
9547	Guzzling Patron	48	52	7	0	y	y
9548	Cawind Trueaim	52	52	7	1	r	f
9549	Borand	30	30	7	1	r	f
9550	Furmund	41	41	7	1	r	f
9551	Starn	37	37	7	1	r	f
9552	Zanara	43	43	7	1	r	f
9553	Nadia Vernon	20	20	7	1	r	f
9554	Hammered Patron	48	52	7	0	y	y
9555	Mu'uta	35	35	7	1	r	f
9556	Felhound Minion	54	55	3	0	r	r
9557	[UNUSED] dun garok test	50	50	7	0	f	r
9558	Grimble	45	45	7	1	y	y
9559	Grizzlowe	45	45	7	1	y	y
9560	Marshal Maxwell	55	55	7	1	f	r
9561	Jalinda Sprig	57	57	7	1	f	r
9562	Helendis Riverhorn	55	55	7	1	f	r
9563	Ragged John	57	57	7	1	f	f
9564	Frezza	45	45	7	1	r	f
9565	Mayara Brightwing	57	57	7	1	f	r
9566	Zapetta	45	45	7	1	r	f
9567	Test Stable Master	50	50	7	0	f	f
9568	Overlord Wyrmthalak	60	60	2	0	r	r
9576	Stormwind Talent Master	50	50	7	0	f	r
9577	[UNUSED] Gorilla Test	25	25	1	0	r	r
9578	Ironforge Talent Master	50	50	7	0	f	r
9579	Darnassus Talent Master	50	50	7	0	f	r
9580	Orgrimmar Talent Master	50	50	7	0	r	f
9581	Thunder Bluff Talent Master	50	50	7	0	r	f
9582	Undercity Talent Master	50	50	7	0	r	f
9583	Bloodaxe Veteran	58	59	7	0	r	r
9584	Jalane Ayrole	45	45	7	1	f	r
9596	Bannok Grimaxe	59	59	7	0	r	r
9598	Arei	56	56	4	0	f	r
9599	Arei Transformed	1	1	4	1	f	f
9600	Parrot	1	1	8	1	y	y
9601	Treant Spirit	52	53	4	1	r	r
9602	Hahk'Zor	54	54	7	0	r	r
9604	Gorgon'och	54	54	7	0	r	r
9605	Blackrock Raider	59	59	7	0	y	y
9616	Laris Geardawdle	50	50	7	1	f	r
9617	[UNUSED] Eyan Mulcom	50	50	7	0	f	r
9618	Karna Remtravel	49	49	7	1	f	f
9619	Torwa Pathfinder	51	51	7	1	f	f
9620	Dreka'Sur	50	50	7	1	r	f
9621	Gargantuan Ooze	50	52	10	0	r	r
9622	U'cha	55	55	1	0	r	r
9623	A-Me 01	48	48	9	0	f	f
9636	Kireena	41	41	7	1	r	f
9637	Scorching Totem	52	52	11	0	f	f
9656	Tiny Walking Bomb	1	1	1	1	r	f
9657	Lil' Smoky	1	1	1	1	f	r
9658	Distract Test	1	1	8	0	y	y
9659	Unkillable Test Dummy	60	60	7	0	y	y
9660	Agnar Beastamer	47	47	7	1	f	r
9662	Sprite Darter Hatchling	1	1	1	1	f	r
9676	Tink Sprocketwhistle	24	24	7	1	f	r
9677	Ograbisi	55	55	7	0	f	f
9678	Shill Dinger	56	56	7	0	f	f
9679	Tobias Seecher	52	52	7	1	f	f
9680	Crest Killer	54	54	7	0	f	f
9681	Jaz	53	53	7	0	f	f
9682	Marshal Reginald Windsor	52	52	7	1	f	y
9683	Lar'korwi Mate	49	50	1	0	r	r
9684	Lar'korwi	56	56	1	0	r	r
9686	[PH] TESTTAUREN	1	1	7	0	r	f
9687	Windwall Totem	45	45	11	0	f	f
9688	Windwall Totem II	45	45	11	0	f	f
9689	Windwall Totem III	59	59	11	0	f	f
9690	Ember Worg	51	52	1	0	r	r
9691	Venomtip Scorpid	52	53	1	0	r	r
9692	Bloodaxe Raider	57	58	7	0	r	r
9693	Bloodaxe Evoker	58	59	7	0	r	r
9694	Slavering Ember Worg	53	54	1	0	r	r
9695	Deathlash Scorpid	54	55	1	0	r	r
9696	Bloodaxe Worg	56	57	1	0	r	r
9697	Giant Ember Worg	55	56	1	0	r	r
9698	Firetail Scorpid	56	57	1	0	r	r
9699	Fire Beetle	1	1	8	1	y	y
9700	Lava Crab	1	1	8	1	y	y
9701	Spire Scorpid	58	58	1	0	r	r
9702	Grurk	18	18	7	0	r	r
9703	Il'thurk	17	17	7	0	r	r
9704	Lumurk	17	17	7	0	r	r
9705	Illusionary Dreamwatcher	1	1	2	0	f	f
9706	Yorba Screwspigot	53	53	7	0	y	y
9707	Scarshield Portal	54	55	10	0	r	r
9708	Burning Imp	54	55	3	0	r	r
9716	Bloodaxe Warmonger	57	58	7	0	r	r
9717	Bloodaxe Summoner	57	58	7	0	r	r
9718	Ghok Bashguud	59	59	7	0	r	r
9736	Quartermaster Zigris	59	59	7	0	r	r
9776	Flamekin Spitter	51	53	3	0	r	r
9777	Flamekin Sprite	51	53	3	0	r	r
9778	Flamekin Torcher	54	56	3	0	r	r
9779	Flamekin Rager	54	56	3	0	r	r
9796	Galgar	8	8	7	1	r	f
9816	Pyroguard Emberseer	60	60	4	0	r	r
9817	Blackhand Dreadweaver	59	60	7	0	r	r
9818	Blackhand Summoner	59	60	7	0	r	r
9819	Blackhand Veteran	59	60	7	0	r	r
9820	[UNUSED] [PH] Cheese Servant Floh	45	45	7	0	r	f
9836	Mathredis Firestar	60	60	7	1	f	f
9837	Lithilia	59	59	7	0	f	f
9856	Auctioneer Grimful	50	50	7	1	r	f
9857	Auctioneer Grizzlin	50	50	7	1	y	y
9858	Auctioneer Kresky	50	50	7	1	y	y
9859	Auctioneer Lympkin	50	50	7	1	f	r
9860	Salia	54	54	3	0	r	r
9861	Moora	52	52	3	0	r	r
9862	Jaedenar Legionnaire	55	55	3	0	r	r
9876	Locheed	48	48	7	1	f	f
9877	Prince Xavalis	55	55	3	0	r	r
9878	Entropic Beast	51	52	4	0	r	r
9879	Entropic Horror	53	54	4	0	r	r
9896	World Stable Master	10	10	7	0	f	f
9916	Jarquia	46	46	7	0	r	r
9936	Corrupted Kitten	1	1	1	1	f	f
9937	Common Kitten	5	5	1	1	y	y
9938	Magmus	57	57	5	0	r	r
9956	Shadowforge Flame Keeper	54	55	7	0	r	r
9976	Tharlidun	30	30	7	1	r	f
9977	Sylista	30	30	7	1	f	r
9978	Wesley	30	30	7	1	f	r
9979	Sarah Goode	30	30	7	1	r	f
9980	Shelby Stoneflint	30	30	7	1	f	r
9981	Sikwa	30	30	7	1	r	f
9982	Penny	30	30	7	1	f	r
9983	Kelsuwa	30	30	7	1	r	f
9984	Ulbrek Firehand	30	30	7	1	f	r
9985	Laziphus	30	30	7	1	y	y
9986	Shyrka Wolfrunner	30	30	7	1	r	f
9987	Shoja'my	30	30	7	1	r	f
9988	Xon'cha	30	30	7	1	r	f
9989	Lina Hearthstove	30	30	7	1	f	r
9990	Lanti'gah	4	4	7	1	r	f
9996	Winna Hazzard	57	57	7	1	r	f
9997	Spraggle Frock	37	37	7	1	f	f
9998	Shizzle	40	40	7	1	y	y
9999	Ringo	54	54	7	1	f	f
10000	Arugal	26	26	7	0	r	r
10016	Tainted Rat	1	1	8	1	y	y
10017	Tainted Cockroach	1	1	8	1	y	y
10036	Brackenwall Enforcer	55	55	7	0	r	f
10037	Lakeshire Guard	55	55	7	0	f	r
10038	Night Watch Guard	55	55	7	0	f	r
10040	Gorishi Hive Guard	54	54	10	0	r	r
10041	Gorishi Hive Queen	56	56	10	0	r	r
10042	Corrupted Saber	5	5	1	1	y	y
10043	Ribbly's Crony	48	52	7	0	f	f
10044	[PH] Alex's Raid Testing Peon	60	60	7	0	f	r
10045	Kirk Maxwell	30	30	7	1	f	r
10046	Bethaine Flinthammer	30	30	7	1	f	r
10047	Michael	30	30	7	1	f	r
10048	Gereck	30	30	7	1	r	f
10049	Hekkru	30	30	7	1	r	f
10050	Seikwa	30	30	7	1	r	f
10051	Seriadne	30	30	7	1	f	r
10052	Maluressian	30	30	7	1	f	r
10053	Anya Maulray	30	30	7	1	r	f
10054	Bulrug	30	30	7	1	r	f
10055	Morganus	30	30	7	1	r	f
10056	Alassin	30	30	7	1	f	r
10057	Theodore Mont Claire	30	30	7	1	r	f
10058	Greth	30	30	7	1	r	f
10059	Antarius	30	30	7	1	f	r
10060	Grimestack	46	46	7	1	y	y
10061	Killium Bouldertoe	30	30	7	1	f	r
10062	Steven Black	30	30	7	1	f	r
10063	Reggifuz	35	35	7	1	y	y
10076	High Priestess of Thaurissan	58	58	7	0	r	r
10077	Deathmaw	53	53	1	0	r	r
10078	Terrorspark	55	55	3	0	r	r
10079	Brave Moonhorn	30	30	7	0	r	f
10080	Sandarr Dunereaver	45	45	7	0	r	r
10081	Dustwraith	45	45	7	0	r	r
10082	Zerillis	45	45	7	0	r	r
10083	Rage Talon Flamescale	58	59	2	0	r	r
10084	Rage Talon Whelp	57	57	2	0	r	r
10085	Jaelysia	30	30	7	1	f	r
10086	Hesuwa Thunderhorn	40	40	7	1	r	f
10088	Xao'tsu	40	40	7	1	r	f
10089	Silvaria	40	40	7	1	f	r
10090	Belia Thundergranite	40	40	7	1	f	r
10096	High Justice Grimstone	52	52	7	1	r	r
10116	Slave	1	1	7	1	f	f
10117	Tortured Slave	1	1	6	1	f	f
10118	Nessa Shadowsong	25	25	7	1	f	r
10119	Volchan	60	60	5	0	r	r
10120	Vault Warder	45	45	4	0	y	y
10136	Chemist Fuely	30	30	7	1	r	f
10156	Scott's Test Dummy	58	58	7	0	y	y
10157	Moonkin Oracle	13	14	7	0	r	r
10158	Moonkin	12	13	7	0	r	r
10159	Young Moonkin	11	12	7	0	r	r
10160	Raging Moonkin	12	14	7	0	r	r
10161	Rookery Whelp	56	57	2	0	r	r
10162	Lord Victor Nefarius	63	63	2	1	f	f
10176	Kaltunk	20	20	7	1	r	f
10177	Spire Scarab	58	58	1	0	r	r
10178	Riding MechaStrider (Flourescent Green)	1	1	9	1	f	f
10179	Riding MechaStrider (Black)	1	1	9	1	f	f
10180	Riding MechaStrider (Steel)	1	1	9	1	f	f
10181	Lady Sylvanas Windrunner	63	63	7	0	r	f
10182	Rexxar	62	62	7	0	r	f
10183	Moonflare Totem	54	55	11	0	r	r
10184	Onyxia	63	63	2	0	r	r
10196	General Colbatann	56	57	2	0	r	r
10197	Mezzir the Howler	55	55	7	0	r	r
10198	Kashoch the Reaver	60	60	5	0	r	r
10199	Grizzle Snowpaw	59	59	7	0	r	r
10200	Rak'shiri	57	57	1	0	r	r
10201	Lady Hederine	61	61	3	0	r	r
10202	Azurous	59	59	2	0	r	r
10203	Berylgos	62	62	2	0	r	r
10204	Misha	62	62	1	0	r	f
10216	Gubber Blump	15	15	7	1	f	r
10217	Flame Buffet Totem	56	57	11	0	f	f
10218	Superior Healing Ward	56	56	10	0	y	y
10219	Gwennyth Bly'Leggonde	21	21	7	1	f	r
10220	Halycon	59	59	1	0	r	r
10221	Bloodaxe Worg Pup	52	53	1	0	r	r
10236	Wep	33	33	7	0	r	r
10237	Yor	35	35	7	0	r	r
10238	Staggon	35	35	7	0	r	r
10239	Tepolar	38	38	7	0	r	r
10256	[UNUSED] World Weapon Master Trainer	50	50	7	0	f	f
10257	Bijou	58	58	7	1	f	f
10258	Rookery Guardian	58	59	2	0	r	r
10259	Worg Pup	1	1	1	1	f	r
10260	Kibler	56	56	7	1	y	y
10261	Burning Felhound	54	55	3	0	r	r
10262	Opus	40	40	1	1	y	y
10263	Burning Felguard	56	57	3	0	r	r
10264	Solakar Flamewreath	60	60	2	0	r	r
10265	UNUSED [PH] Flamewreath Guard	58	59	2	0	r	r
10266	Ug'thok	25	25	7	1	r	f
10267	Tinkee Steamboil	53	53	7	0	y	y
10268	Gizrul the Slavener	60	60	1	0	r	r
10276	Rotgath Stonebeard	31	31	7	1	f	r
10277	Groum Stonebeard	25	25	7	1	f	r
10278	Thrag Stonehoof	24	24	7	1	r	f
10290	Captured Felwood Ooze	30	30	10	1	r	r
10291	Krysteea	50	50	7	0	f	r
10292	Rombulus Frostmoon	40	40	7	0	f	r
10293	Dulciea Frostmoon	51	51	7	1	f	r
10294	Malakar Frostmoon	40	40	7	0	f	r
10295	Jennail Mooncaller	40	40	7	0	f	r
10296	Vaelan	54	54	2	1	f	f
10297	Gerratys Nightrunner	40	40	7	0	f	r
10298	Traelion Shadewhisper	40	40	7	0	f	r
10299	Scarshield Infiltrator	54	55	7	1	r	r
10300	Ranshalla	58	58	7	1	f	r
10301	Jaron Stoneshaper	55	55	7	0	f	r
10302	Krakle	60	60	7	1	y	y
10303	Storm Shadowhoof	60	60	7	1	f	f
10304	Aurora Skycaller	62	62	7	1	f	f
10305	Umi Rumplesnicker	57	57	7	1	y	y
10306	Trull Failbane	55	55	7	1	r	f
10307	Witch Doctor Mau'ari	55	55	7	1	y	y
10316	Blackhand Incarcerator	59	60	7	0	r	r
10317	Blackhand Elite	60	61	7	0	r	r
10318	Blackhand Assassin	60	61	7	0	r	r
10319	Blackhand Iron Guard	60	61	7	0	r	r
10321	Emberstrife	61	61	2	0	r	r
10322	Riding Tiger (White)	1	1	1	1	f	f
10323	Murkdeep	19	19	7	0	r	r
10336	Riding Tiger (Leopard)	1	1	1	1	f	f
10337	Riding Tiger (Orange)	1	1	1	1	f	f
10338	Riding Tiger (Gold)	1	1	1	1	f	f
10339	Gyth	62	62	2	0	r	r
10340	Vaelastrasz the Red	62	62	2	1	y	y
10356	Bayne	10	10	3	0	r	r
10357	Ressan the Needler	11	11	1	0	r	r
10358	Fellicent's Shade	12	12	6	0	r	r
10359	Sri'skulk	13	13	1	0	r	r
10360	Kergul Bloodaxe	61	61	7	0	r	f
10361	Gruul Darkblade	52	52	7	1	r	f
10362	[UNUSED] Gethuxxuz	40	40	7	0	r	f
10363	General Drakkisath	62	62	2	0	r	r
10364	Yaelika Farclaw	55	55	7	1	r	f
10365	[UNUSED] Yillixa	40	40	7	0	r	f
10366	Rage Talon Dragon Guard	60	61	2	0	r	r
10367	Shrye Ragefist	55	55	7	1	r	f
10368	[UNUSED] Dat'xus	40	40	7	0	r	f
10369	Trayexir	12	12	7	1	r	f
10370	[UNUSED] Xur'gyl	40	40	7	0	r	f
10371	Rage Talon Captain	62	62	2	0	r	r
10372	Rage Talon Fire Tongue	60	61	2	0	r	r
10373	Xabraxxis	19	19	3	0	r	r
10374	Spire Spider	57	58	1	0	r	r
10375	Spire Spiderling	55	56	1	0	r	r
10376	Crystal Fang	60	60	1	0	r	r
10377	Elu	28	28	7	0	r	f
10378	Omusa Thunderhorn	55	55	7	1	r	f
10379	Altsoba Ragetotem	55	55	7	1	r	f
10380	Sanuye Runetotem	15	15	7	1	r	f
10381	Ravaged Cadaver	56	57	6	0	r	r
10382	Mangled Cadaver	55	56	6	0	r	r
10383	Broken Cadaver	55	56	6	0	r	r
10384	Spectral Citizen	55	56	6	0	y	y
10385	Ghostly Citizen	56	57	6	0	y	y
10387	Vengeful Phantom	56	57	6	0	r	r
10388	Spiteful Phantom	58	59	6	0	r	r
10389	Wrath Phantom	60	61	6	0	r	r
10390	Skeletal Guardian	55	56	6	0	r	r
10391	Skeletal Berserker	56	57	6	0	r	r
10393	Skul	58	58	6	0	r	r
10394	Black Guard Sentry	58	59	6	0	r	r
10395	Black Guard Warrior	59	60	6	0	r	r
10397	Black Guard Executioner	61	62	6	0	r	r
10398	Thuzadin Shadowcaster	58	59	7	0	r	r
10399	Thuzadin Acolyte	59	60	7	0	r	r
10400	Thuzadin Necromancer	60	61	7	0	r	r
10401	[UNUSED] Thuzadin Shadow Lord	61	62	7	0	r	r
10402	[UNUSED] Cannibal Wight	57	58	6	0	r	r
10403	[UNUSED] Devouring Wight	58	59	6	0	r	r
10404	[UNUSED] Fetid Wight	60	60	6	0	r	r
10405	Plague Ghoul	57	58	6	0	r	r
10406	Ghoul Ravener	58	59	6	0	r	r
10407	Fleshflayer Ghoul	59	60	6	0	r	r
10408	Rockwing Gargoyle	57	58	6	0	r	r
10409	Rockwing Screecher	58	59	6	0	r	r
10411	Eye of Naxxramas	55	57	6	0	r	r
10412	Crypt Crawler	58	59	6	0	r	r
10413	Crypt Beast	59	60	6	0	r	r
10414	Patchwork Horror	57	58	6	0	r	r
10415	Ash'ari Crystal	60	60	10	1	r	r
10416	Bile Spewer	59	60	6	0	r	r
10417	Venom Belcher	60	61	6	0	r	r
10418	Crimson Guardsman	57	58	7	0	r	r
10419	Crimson Conjuror	57	58	7	0	r	r
10420	Crimson Initiate	57	58	7	0	r	r
10421	Crimson Defender	58	59	7	0	r	r
10422	Crimson Sorcerer	58	59	7	0	r	r
10423	Crimson Priest	58	59	7	0	r	r
10424	Crimson Gallant	59	60	7	0	r	r
10425	Crimson Battle Mage	59	60	7	0	r	r
10426	Crimson Inquisitor	59	60	7	0	r	r
10427	Pao'ka Swiftmountain	30	30	7	0	r	f
10428	Motega Firemane	28	28	7	0	r	f
10429	Warchief Rend Blackhand	62	62	7	0	r	r
10430	The Beast	62	62	1	0	r	r
10431	Gregor Greystone	55	55	7	0	y	y
10432	Vectus	60	60	6	0	y	y
10433	Marduk Blackpool	58	58	6	0	y	y
10435	Magistrate Barthilas	58	58	6	0	r	r
10436	Baroness Anastari	59	59	6	0	r	r
10437	Nerub'enkan	60	60	6	0	r	r
10438	Maleki the Pallid	61	61	7	0	r	r
10439	Ramstein the Gorger	61	61	6	0	r	r
10440	Baron Rivendare	62	62	6	0	r	r
10441	Plagued Rat	55	55	8	0	r	r
10442	Chromatic Whelp	57	58	2	0	r	r
10443	[UNUSED] Gustav Montague	40	40	7	0	r	f
10444	[UNUSED] Mallory Welsh	40	40	7	0	r	f
10445	Selina Dourman	30	30	7	1	y	y
10446	[UNUSED] Elliott Jacks	40	40	7	0	r	f
10447	Chromatic Dragonspawn	59	60	2	0	r	r
10448	[UNUSED] Rachael Vaccar	40	40	7	0	f	r
10449	Emily Vaccar	40	40	7	0	f	r
10450	[UNUSED] Paul Burges	40	40	7	0	f	r
10451	Sarah Arello	40	40	7	0	f	r
10452	Farbrahm Steelfist	40	40	7	0	f	r
10453	Grimbur Flintaxe	40	40	7	0	f	r
10454	Filliwick Featherfizz	40	40	7	0	f	r
10455	Binny Springblade	40	40	7	1	f	r
10456	Prynne	40	40	7	1	f	r
10459	Rend on Drake Visual	1	1	2	0	f	f
10460	Prospector Ironboot	48	48	7	1	y	y
10461	Plagued Insect	55	55	8	0	r	r
10463	Shrieking Banshee	57	58	6	0	r	r
10464	Wailing Banshee	58	59	6	0	r	r
10466	Styleen Silvercart	40	40	7	0	y	y
10467	Mana Tide Totem	42	42	11	0	f	f
10468	Felnok Steelspring	54	54	7	0	y	y
10469	Scholomance Adept	58	59	7	0	r	r
10470	Scholomance Neophyte	57	58	7	0	r	r
10471	Scholomance Acolyte	57	58	7	0	r	r
10472	Scholomance Occultist	58	59	7	0	r	r
10473	Scholomance Shadowcaster	40	40	7	0	r	r
10475	Scholomance Student	58	59	7	0	y	y
10476	Scholomance Necrolyte	57	58	7	0	r	r
10477	Scholomance Necromancer	58	59	7	0	r	r
10478	Splintered Skeleton	59	60	6	0	r	r
10479	Skulking Corpse	58	59	6	0	r	r
10480	Unstable Corpse	58	59	6	0	r	r
10481	Reanimated Corpse	58	59	6	0	r	r
10482	Risen Lackey	1	1	6	0	r	r
10483	Risen Flayer	40	41	6	0	r	r
10484	Risen Terror	40	41	6	0	r	r
10485	Risen Aberration	57	58	6	0	r	r
10486	Risen Warrior	59	61	6	0	r	r
10487	Risen Protector	58	60	6	0	r	r
10488	Risen Construct	58	61	6	0	r	r
10489	Risen Guard	57	59	6	0	r	r
10491	Risen Bonewarder	58	59	6	0	r	r
10492	Risen Shadowmage	41	41	6	0	r	r
10493	Risen Sorcerer	41	41	6	0	r	r
10494	Decrepit Ghoul	40	41	6	0	r	r
10495	Diseased Ghoul	58	59	6	0	r	r
10497	Ragged Ghoul	58	59	6	0	r	r
10498	Spectral Tutor	58	60	6	0	r	r
10499	Spectral Researcher	58	60	6	0	r	r
10500	Spectral Teacher	58	61	6	0	r	r
10502	Lady Illucia Barov	60	60	6	0	r	r
10503	Jandice Barov	61	61	6	0	r	r
10504	Lord Alexei Barov	60	60	6	0	r	r
10505	Instructor Malicia	60	60	7	0	r	r
10506	Kirtonos the Herald	60	60	6	0	r	r
10507	The Ravenian	60	60	6	0	r	r
10508	Ras Frostwhisper	62	62	6	0	r	r
10509	Jed Runewatcher	59	59	7	0	r	r
10510	Plagued Slime	44	44	8	0	r	r
10516	The Unforgiven	57	57	6	0	r	r
10536	Plagued Maggot	55	55	8	0	r	r
10537	Cliffwatcher Longhorn	55	55	7	0	r	f
10538	Vaelastrasz	60	60	2	1	y	y
10539	Hagar Lightninghoof	30	30	7	0	r	f
10540	Vol'jin	60	60	7	0	r	f
10541	Krakle's Thermometer	1	1	8	1	f	f
10556	Lazy Peon	4	4	7	1	r	f
10557	Flametongue Totem IV	46	46	11	0	f	f
10558	Hearthsinger Forresten	57	57	6	0	y	y
10559	Lady Vespia	22	22	7	0	r	r
10577	Crypt Scarab	58	58	1	0	r	r
10578	Bom'bay	8	8	7	0	r	f
10579	Kirtonos the Herald (Spell Visual)	60	60	6	0	f	f
10580	Fetid Zombie	54	56	6	0	r	r
10581	Young Arikara	20	20	1	0	r	r
10582	Dog	10	10	8	0	r	f
10583	Gryfe	55	55	7	1	y	y
10584	Urok Doomhowl	60	60	7	0	r	r
10596	Mother Smolderweb	59	59	1	0	r	r
10598	Smolderweb Hatchling	1	1	1	1	f	r
10599	Hulfnar Stonetotem	10	10	7	1	r	f
10600	Thontek Rumblehoof	11	11	7	1	r	f
10601	Urok Enforcer	54	55	7	0	r	r
10602	Urok Ogre Magus	54	55	7	0	r	r
10603	Hallucination	1	1	7	1	r	f
10604	Huntress Nhemai	20	20	7	0	f	r
10605	Scarlet Medic	52	54	7	0	r	r
10606	Huntress Yaeliura	20	20	7	0	f	r
10607	[UNUSED] Siralnaya	60	60	10	0	r	r
10608	Scarlet Priest	55	57	7	0	r	r
10610	Angus	11	11	7	0	f	r
10611	Shorty	10	10	7	0	f	r
10612	Guard Wachabe	45	45	7	0	r	f
10616	Supervisor Raelen	15	15	7	1	f	r
10617	Galak Messenger	26	26	7	0	r	r
10618	Rivern Frostwind	62	62	7	1	f	r
10619	Glacier	50	50	1	1	f	r
10620	TEST NPC - DBUCKLER	50	50	7	0	f	f
10636	Pack Kodo	30	30	1	0	r	f
10637	Malyfous Darkhammer	59	59	7	1	y	y
10638	Kanati Greycloud	30	30	7	0	r	f
10639	Rorgish Jowl	25	25	7	0	r	r
10640	Oakpaw	27	27	7	0	r	r
10641	Branch Snapper	25	25	4	0	r	r
10642	Eck'alom	27	27	4	0	r	r
10643	Mugglefin	23	23	7	0	r	r
10644	Mist Howler	22	22	1	0	r	r
10645	Thalia Amberhide	30	30	7	0	r	f
10646	Lakota Windsong	30	30	7	0	r	f
10647	Prince Raze	32	32	3	0	r	r
10648	Xavaric	55	55	3	0	r	r
10656	Guardian Felhunter	30	30	3	0	f	r
10657	Corrupted Cat	1	1	1	0	r	f
10658	Winna's Kitten	1	1	1	1	y	y
10659	Cobalt Whelp	54	55	2	0	r	r
10660	Cobalt Broodling	55	56	2	0	r	r
10661	Spell Eater	54	56	2	0	r	r
10662	Spellmaw	56	56	2	0	r	r
10663	Manaclaw	58	58	2	0	r	r
10664	Scryer	60	60	2	0	r	r
10665	Junior Apothecary Holland	20	20	7	0	r	f
10666	Gordo	30	30	6	0	r	f
10667	Chromie	63	63	2	1	f	f
10668	Beaten Corpse	16	16	7	1	r	f
10676	Raider Jhash	35	35	7	0	r	f
10678	Plagued Hatchling	57	59	2	0	r	r
10680	Summoned Blackhand Dreadweaver	59	60	7	0	r	r
10681	Summoned Blackhand Veteran	59	60	7	0	r	r
10682	Raider Kerr	35	35	7	0	r	f
10683	Rookery Hatcher	58	59	2	0	r	r
10684	Remorseful Highborne	56	56	6	0	f	r
10685	Swine	3	3	8	0	y	y
10696	Refuge Pointe Defender	41	45	7	0	f	r
10697	Bile Slime	59	60	10	0	r	r
10698	Summoned Zombie	53	54	6	0	r	r
10699	Carrion Scarab	57	58	6	0	r	r
10716	Belfry Bat	1	1	8	1	y	y
10717	Temporal Parasite	55	57	1	0	r	r
10718	Shahram	1	1	10	0	y	y
10719	Herald of Thrall	50	50	7	1	r	f
10720	Galak Assassin	27	28	7	0	r	r
10721	Novice Warrior	5	5	7	1	r	f
10736	Unkillable Test Dummy 60 Mage	60	60	7	0	y	y
10737	Shy-Rotam	60	60	1	0	r	r
10738	High Chief Winterfall	59	59	7	0	r	r
10739	Mulgris Deepriver	55	55	7	1	f	f
10740	Awbee	57	57	2	1	f	f
10741	Sian-Rotam	60	60	1	0	r	r
10742	Blackhand Dragon Handler	59	60	7	0	r	r
10756	Scalding Elemental	28	29	4	0	r	r
10757	Boiling Elemental	27	28	4	0	r	r
10758	Grimtotem Bandit	25	26	7	0	r	r
10759	Grimtotem Stomper	26	27	7	0	r	r
10760	Grimtotem Geomancer	25	27	7	0	r	r
10761	Grimtotem Reaver	28	28	7	0	r	r
10762	Blackhand Thug	60	60	7	0	r	r
10776	Finkle Einhorn	60	60	7	1	y	y
10778	Janice Felstone	5	5	6	1	f	f
10779	Infected Squirrel	1	1	8	1	y	y
10780	Infected Deer	5	5	8	1	y	y
10781	Royal Overseer Bauhaus	40	40	7	1	r	f
10782	Royal Factor Bathrilor	40	40	7	1	f	r
10783	Orb of Deception (Orc, Male)	1	1	7	0	f	f
10784	Orb of Deception (Orc, Female)	1	1	7	0	f	f
10785	Orb of Deception (Tauren, Male)	1	1	7	0	f	f
10786	Orb of Deception (Tauren, Female)	1	1	7	0	f	f
10787	Orb of Deception (Troll, Male)	1	1	7	0	f	f
10788	Orb of Deception (Troll, Female)	1	1	7	0	f	f
10789	Orb of Deception (Undead, Male)	1	1	7	0	f	f
10790	Orb of Deception (Undead, Female)	1	1	7	0	f	f
10791	Orb of Deception (Dwarf, Male)	1	1	7	0	f	f
10792	Orb of Deception (Dwarf, Female)	1	1	7	0	f	f
10793	Orb of Deception (Gnome, Male)	1	1	7	0	f	f
10794	Orb of Deception (Gnome, Female)	1	1	7	0	f	f
10795	Orb of Deception (Human, Male)	1	1	7	0	f	f
10796	Orb of Deception (Human, Female)	1	1	7	0	f	f
10797	Orb of Deception (NightElf, Male)	1	1	7	0	f	f
10798	Orb of Deception (Nightelf, Female)	1	1	7	0	f	f
10799	Warosh	60	60	7	0	f	f
10800	Warosh the Redeemed	60	60	7	0	r	r
10801	Jabbering Ghoul	54	54	6	0	r	r
10802	Hitah'ya the Keeper	51	51	7	0	r	r
10803	Rifleman Wheeler	8	9	7	0	f	r
10804	Rifleman Middlecamp	8	9	7	0	f	r
10805	Spotter Klemmy	6	6	7	0	f	r
10806	Ursius	56	56	1	0	r	r
10807	Brumeran	58	58	1	0	r	r
10808	Timmy the Cruel	58	58	6	0	r	r
10809	Stonespine	60	60	6	0	r	r
10810	[UNUSED] Deathcaller Majestis	59	59	6	0	r	r
10811	Archivist Galford	60	60	7	0	r	r
10812	Grand Crusader Dathrohan	62	62	7	0	r	r
10813	Balnazzar	62	62	3	0	r	r
10814	Chromatic Elite Guard	59	60	2	0	r	r
10816	Wandering Skeleton	55	55	6	0	r	r
10817	Duggan Wildhammer	55	55	7	0	f	r
10818	Death Knight Soulbearer	43	43	6	0	r	r
10819	Baron Bloodbane	59	59	6	0	r	r
10820	Duke Ragereaver	45	45	6	0	r	r
10821	Hed'mush the Rotting	57	57	6	0	r	r
10822	Warlord Thresh'jin	58	58	7	0	r	r
10823	Zul'Brin Warpbranch	59	59	7	0	r	r
10824	Ranger Lord Hawkspear	60	60	7	0	f	r
10825	Gish the Unmoving	56	56	6	0	r	r
10826	Lord Darkscythe	57	57	6	0	r	r
10827	Deathspeaker Selendre	56	56	7	0	r	r
10828	High General Abbendis	59	59	7	0	r	r
10836	Farmer Dalson	56	56	6	0	r	r
10837	High Executor Derrington	61	61	7	0	r	f
10838	Commander Ashlam Valorfist	61	61	7	0	f	r
10839	Argent Officer Garush	60	60	7	0	y	y
10840	Argent Officer Pureheart	60	60	7	0	y	y
10856	Argent Quartermaster Hasana	58	58	7	0	y	y
10857	Argent Quartermaster Lightspark	58	58	7	0	y	y
10876	Undead Scarab	57	57	6	0	r	r
10877	Courier Hammerfall	3	3	7	1	f	r
10878	Herald Moonstalker	3	3	7	1	f	r
10879	Harbinger Balthazad	3	3	7	1	r	f
10880	Warcaller Gorlach	3	3	7	1	r	f
10881	Bluff Runner Windstrider	3	3	7	1	r	f
10882	Arikara	28	28	1	0	y	y
10896	Arnak Grimtotem	29	29	7	0	r	r
10897	Sindrayl	55	55	7	1	f	r
10898	Blackhand Armorsmith	59	59	7	0	r	r
10899	Goraluk Anvilcrack	61	61	7	0	r	r
10901	Lorekeeper Polkelt	60	60	6	0	r	r
10902	Andorhal Tower One	1	1	10	1	f	f
10903	Andorhal Tower Two	1	1	10	1	f	f
10904	Andorhal Tower Three	1	1	10	1	f	f
10905	Andorhal Tower Four	1	1	10	1	f	f
10916	Winterfall Runner	57	57	7	0	r	r
10917	Aurius	60	60	7	0	f	f
10918	Lorax	61	61	7	1	f	f
10919	Shatterspear Troll	52	58	7	0	y	f
10920	Kelek Skykeeper	57	57	7	1	f	f
10921	Taronn Redfeather	50	50	7	1	f	f
10922	Greta Mosshoof	59	59	7	1	f	f
10923	Tenell Leafrunner	62	62	7	1	f	f
10924	Ivy Leafrunner	63	63	7	1	f	f
10925	Rotting Worm	50	50	10	0	r	r
10926	Pamela Redpath	1	1	6	0	f	f
10927	Marlene Redpath	10	10	6	0	f	f
10928	Succubus Minion	40	40	3	0	r	r
10929	Haleh	62	62	2	1	f	f
10930	Dargh Trueaim	25	25	7	1	f	r
10936	Joseph Redpath	60	60	6	0	f	f
10937	Captain Redpath	60	60	6	0	y	y
10938	Redpath the Corrupted	60	60	6	0	y	y
10939	Marduk the Black	58	58	6	0	y	y
10940	Ghost of the Past	55	55	6	0	r	r
10941	Wizlo Bearingshiner	31	31	7	0	r	f
10942	Nessy	62	62	1	1	y	y
10943	Decrepit Guardian	55	56	6	0	r	r
10944	Davil Lightfire	60	60	6	0	y	y
10945	Davil Crokford	60	60	6	0	y	y
10946	Horgus the Ravager	60	60	6	0	r	r
10947	Darrowshire Betrayer	57	58	6	0	r	r
10948	Darrowshire Defender	57	58	6	0	f	f
10949	Silver Hand Disciple	57	58	6	0	f	f
10950	Redpath Militia	56	56	6	0	f	f
10951	Marauding Corpse	56	57	6	0	r	r
10952	Marauding Skeleton	56	57	6	0	r	r
10953	Servant of Horgus	57	58	6	0	r	r
10954	Bloodletter	57	58	6	0	r	f
10955	Summoned Water Elemental	55	56	4	0	r	r
10956	Naga Siren	55	57	7	1	y	y
10976	Jeziba	58	58	7	1	f	f
10977	Quixxil	53	53	7	1	f	f
10978	Legacki	57	57	7	1	y	y
10979	Scarlet Hound	52	53	1	0	r	r
10980	Umi's Mechanical Yeti	1	1	7	1	y	y
10981	Frostwolf	50	51	1	0	r	y
10982	Whitewhisker Vermin	52	53	7	0	r	r
10983	Winterax Troll	57	58	7	0	r	r
10984	Winterax Berserker	61	62	7	0	r	r
10985	Ice Giant	61	61	5	0	r	r
10986	Snowblind Harpy	52	53	7	0	r	r
10987	Irondeep Trogg	52	53	7	0	r	r
10988	Kodo Spirit	60	60	1	0	f	f
10989	Blizzard Elemental	56	58	4	0	r	r
10990	Alterac Ram	50	51	1	0	y	r
10991	Wildpaw Gnoll	52	53	7	0	r	r
10992	Enraged Panther	30	30	1	0	r	r
10993	Twizwick Sprocketgrind	25	25	7	1	y	y
10996	Fallen Hero	58	60	6	0	r	r
10997	Cannon Master Willey	60	60	7	0	r	r
11016	Captured Arko'narin	48	48	7	1	f	f
11017	Roxxik	46	46	7	1	r	f
11018	Arko'narin	48	48	7	0	f	f
11019	Jessir Moonbow	50	50	7	1	f	f
11020	Remains of Trey Lightforge	50	50	7	1	f	f
11021	Riding Tiger (Winterspring)	1	1	1	1	f	f
11022	Alexi Barov	60	60	7	1	r	f
11023	Weldon Barov	60	60	7	1	f	r
11024	Della	49	49	1	1	f	f
11025	Mukdrak	26	26	7	1	r	f
11026	Sprite Jumpsprocket	24	24	7	1	f	r
11027	Illusory Wraith	51	51	6	0	r	r
11028	Jemma Quikswitch	24	24	7	1	f	r
11029	Trixie Quikswitch	31	31	7	1	f	r
11030	Mindless Undead	56	57	6	0	r	r
11031	Franklin Lloyd	33	33	7	1	r	f
11032	Malor the Zealous	60	60	7	0	r	r
11033	Smokey LaRue	55	55	7	1	f	f
11034	Lord Maxwell Tyrosus	62	62	7	1	y	y
11035	Betina Bigglezink	57	57	7	1	y	y
11036	Leonid Barthalomew the Revered	60	60	7	1	y	y
11037	Jenna Lemkenilli	26	26	7	1	f	r
11038	Caretaker Alen	52	52	7	1	y	y
11039	Duke Nicholas Zverenhoff	60	60	7	1	y	y
11040	Watcher Brownell	30	30	7	0	f	r
11041	Milla Fairancora	24	24	7	1	f	r
11042	Sylvanna Forestmoon	32	32	7	1	f	r
11043	Crimson Monk	58	60	7	0	r	r
11044	Doctor Martin Felben	25	25	7	1	r	f
11045	Burns	45	45	7	0	f	r
11046	Whuut	23	23	7	1	r	f
11047	Kray	25	25	7	1	r	f
11048	Victor Ward	24	24	7	1	r	f
11049	Rhiannon Davis	32	32	7	1	r	f
11050	Trianna	25	25	7	1	f	r
11051	Vhan	26	26	7	1	r	f
11052	Timothy Worthington	51	51	7	1	f	r
11053	High Priestess MacDonnell	60	60	7	1	f	r
11054	Crimson Rifleman	60	60	7	0	r	r
11055	Shadow Priestess Vandis	60	60	7	1	r	f
11056	Alchemist Arbington	58	58	7	1	f	r
11057	Apothecary Dithers	58	58	7	1	r	f
11058	Fras Siabi	61	61	6	0	r	r
11063	Carlin Redpath	58	58	7	0	y	y
11064	Darrowshire Spirit	56	57	6	0	f	f
11065	Thonys Pillarstone	25	25	7	1	f	r
11066	Jhag	26	26	7	1	r	f
11067	Malcomb Wynn	23	23	7	1	r	f
11068	Betty Quin	25	25	7	1	f	r
11069	Jenova Stoneshield	30	30	7	1	f	r
11070	Lalina Summermoon	27	27	7	1	f	r
11071	Mot Dawnstrider	21	21	7	1	r	f
11072	Kitta Firewind	44	44	7	1	f	r
11073	Annora	54	54	7	0	f	f
11074	Hgarth	46	46	7	1	r	f
11075	Cauldron Lord Bilemaw	53	53	6	0	r	r
11076	Cauldron Lord Razarch	56	56	6	0	r	r
11077	Cauldron Lord Malvinious	55	55	6	0	r	r
11078	Cauldron Lord Soulwrath	58	58	6	0	r	r
11079	Wynd Nightchaser	62	62	7	1	f	r
11080	[PH[ Combat Tester	60	60	7	0	r	r
11081	Faldron	32	32	7	1	f	r
11082	Stratholme Courier	57	57	6	0	y	y
11083	Darianna	24	24	7	1	f	r
11084	Tarn	36	36	7	1	r	f
11096	Randal Worth	24	24	7	1	f	r
11097	Drakk Stonehand	55	55	7	1	f	r
11098	Hahrana Ironhide	55	55	7	1	r	f
11099	Argent Guard	55	55	7	0	y	y
11100	Mana Tide Totem II	52	52	11	0	f	f
11101	Mana Tide Totem III	60	60	11	0	f	f
11102	Argent Rider	60	60	7	0	y	y
11103	Innkeeper Lyshaerya	30	30	7	1	f	r
11104	Shelgrayn	30	30	7	1	f	r
11105	Aboda	30	30	7	1	r	f
11106	Innkeeper Sikewa	30	30	7	1	r	f
11116	Innkeeper Abeqwa	30	30	7	1	r	f
11117	Awenasa	30	30	7	1	r	f
11118	Innkeeper Vizzie	30	30	7	1	y	y
11119	Azzleby	30	30	7	1	y	y
11120	Crimson Hammersmith	60	60	7	0	r	r
11121	Black Guard Swordsmith	61	62	6	0	r	r
11122	Restless Soul	1	1	10	1	f	f
11136	Freed Soul	1	1	10	1	f	f
11137	Xai'ander	35	35	7	1	f	r
11138	Maethrya	55	55	7	1	f	r
11139	Yugrek	55	55	7	1	r	f
11140	Egan	59	59	7	1	f	f
11141	Spirit of Trey Lightforge	53	53	6	0	r	r
11142	Undead Postman	57	58	6	0	r	r
11143	Postmaster Malown	60	60	6	0	r	r
11144	Oracle Sphere	1	1	10	0	f	f
11145	Myolor Sunderfury	53	53	7	1	f	r
11146	Ironus Coldsteel	54	54	7	1	f	r
11147	Riding MechaStrider (Green/Gray)	1	1	9	1	f	f
11148	Riding MechaStrider (Purple)	1	1	9	1	f	f
11149	Riding MechaStrider (Red/Blue)	1	1	9	1	f	f
11150	Riding MechaStrider (Icy Blue)	1	1	9	1	f	f
11151	Riding MechaStrider (Yellow/Green)	1	1	9	1	f	f
11152	The Scourge Cauldron	1	1	10	1	f	f
11153	Riding Skeletal Horse (Red)	1	1	6	1	r	f
11154	Riding Skeletal Horse (Blue)	1	1	6	1	r	f
11155	Riding Skeletal Horse (Brown)	1	1	6	1	r	f
11156	Green Skeletal Warhorse	1	2	6	1	f	f
11176	Krathok Moltenfist	53	53	7	1	r	f
11177	Okothos Ironrager	52	52	7	1	r	f
11178	Borgosh Corebender	51	51	7	1	r	f
11179	Crystal Trigger	1	1	6	1	f	f
11180	Bloodvenom Post Brave	55	55	7	0	r	f
11181	Shi'alune	56	56	1	1	f	r
11182	Nixxrak	54	54	7	1	y	y
11183	Blixxrak	55	55	7	1	y	y
11184	Wixxrak	53	53	7	1	y	y
11185	Xizzer Fizzbolt	57	57	7	1	y	y
11186	Lunnix Sprocketslip	54	54	7	1	y	y
11187	Himmik	60	60	7	1	y	y
11188	Evie Whirlbrew	58	58	7	1	y	y
11189	Qia	51	51	7	1	y	y
11190	Everlook Bruiser	57	57	7	0	y	y
11191	Lilith the Lithe	55	55	7	1	y	y
11192	Kilram	58	58	7	1	y	y
11193	Seril Scourgebane	57	57	7	1	y	y
11194	Argent Defender	55	55	7	0	y	y
11195	Skeletal Black Warhorse	40	40	6	1	r	r
11196	Shatterspear Drummer	52	58	7	0	y	f
11197	Mindless Skeleton	60	60	6	0	r	r
11198	Draenei Exile	42	42	7	1	y	y
11199	Crimson Cannon	61	61	9	0	r	f
11200	Summoned Skeleton	60	60	6	0	r	r
11216	Eva Sarkhoff	54	54	6	1	f	f
11217	Lucien Sarkhoff	55	55	6	1	f	f
11218	Kerlonian Evershade	20	20	7	0	f	r
11219	Liladris Moonriver	42	42	7	1	f	r
11236	Blood Parrot	1	1	1	0	y	y
11256	Manifestation of Water	60	60	4	1	r	r
11257	Scholomance Handler	59	60	7	0	r	r
11258	Frail Skeleton	1	1	6	0	r	r
11259	Nataka Longhorn	40	40	7	0	r	f
11260	Northshire Peasant	1	1	7	1	f	r
11261	Doctor Theolen Krastinov	60	60	7	1	r	r
11262	Onyxian Whelp	56	57	2	0	r	r
11263	Spectral Projection	58	60	6	0	r	r
11276	Azshara Sentinel	44	44	7	1	f	y
11277	Caer Darrow Citizen	12	60	6	1	f	f
11278	Magnus Frostwake	50	50	6	1	f	f
11279	Caer Darrow Guardsman	51	55	6	1	f	f
11280	Caer Darrow Cannoneer	50	54	6	1	f	f
11281	Caer Darrow Horseman	52	56	6	1	f	f
11282	Melia	1	1	6	1	f	f
11283	Sammy	1	1	6	1	f	f
11284	Dark Shade	58	59	6	0	r	r
11285	Rory	35	35	6	1	f	f
11286	Magistrate Marduke	57	57	6	1	f	f
11287	Baker Masterson	37	37	6	1	f	f
11288	Spectral Betrayer	57	58	6	0	y	y
11289	Spectral Defender	57	58	6	0	f	f
11290	Mossflayer Zombie	53	54	6	0	r	r
11291	Unliving Mossflayer	54	55	6	0	r	r
11292	Mossflayer Berserker	55	55	6	0	r	r
11296	Darrowshire Poltergeist	1	1	6	0	y	y
11316	Joseph Dirte	31	31	6	1	f	f
11317	Jinar'Zillen	40	40	7	0	r	f
11318	Ragefire Trogg	13	15	7	0	r	r
11319	Ragefire Shaman	13	15	7	0	r	r
11320	Earthborer	13	14	1	0	r	r
11321	Molten Elemental	13	15	4	0	r	r
11322	Searing Blade Cultist	13	15	7	0	r	r
11323	Searing Blade Enforcer	13	15	7	0	r	r
11324	Searing Blade Warlock	13	15	7	0	r	r
11325	Panda Cub	1	1	1	1	f	r
11326	Mini Diablo	1	1	10	1	f	r
11327	Zergling	1	1	1	1	f	r
11328	Eastvale Peasant	6	7	7	1	f	r
11337	[UNUSED] Hakkar Axe Thrower	60	60	7	0	r	r
11338	Hakkari Shadowcaster	61	61	7	0	r	r
11339	Hakkari Shadow Hunter	61	61	7	0	r	r
11340	Hakkari Blood Priest	61	61	7	0	r	r
11341	[UNUSED] Hakkar Berserker	60	60	7	0	r	r
11342	[UNUSED] Hakkar Warrior	60	60	7	0	r	r
11343	[UNUSED] Hakkar Warlord	60	60	7	0	r	r
11344	[UNUSED] Hakkar Blood Drinker	60	60	7	0	r	r
11345	[UNUSED] Hakkar Headhunter	60	60	7	0	r	r
11346	Hakkari Oracle	55	56	7	0	r	r
11347	Zealot Lor'Khan	62	62	7	0	r	r
11348	Zealot Zath	62	62	7	0	r	r
11349	[UNUSED] Gurubashi Hideskinner	60	60	7	0	r	r
11350	Gurubashi Axe Thrower	60	60	7	0	r	r
11351	Gurubashi Headhunter	60	60	7	0	r	r
11352	Gurubashi Berserker	62	62	7	0	r	r
11353	Gurubashi Blood Drinker	60	60	7	0	r	r
11354	[UNUSED] Gurubashi Warlord	60	60	7	0	r	r
11355	Gurubashi Warrior	54	55	7	0	r	r
11356	Gurubashi Champion	61	61	7	0	r	r
11357	Son of Hakkar	60	60	1	0	r	r
11358	[UNUSED] Daughter of Hakkar	60	60	1	0	r	r
11359	Soulflayer	61	61	1	0	r	r
11360	Zulian Cub	60	60	1	0	r	r
11361	Zulian Tiger	60	60	1	0	r	r
11364	[UNUSED] Zulian Tigress	60	60	1	0	r	r
11365	Zulian Panther	60	60	1	0	r	r
11366	[UNUSED] Zulian Matriarch	60	60	1	0	r	r
11367	[UNUSED] Zulian Patriarch	60	60	1	0	r	r
11368	Bloodseeker Bat	60	60	1	0	r	r
11369	[UNUSED] Hidden Bloodseeker	60	60	1	0	r	r
11370	Razzashi Broodwidow	61	61	1	0	r	r
11371	Razzashi Serpent	60	60	1	0	r	r
11372	Razzashi Adder	60	60	1	0	r	r
11373	Razzashi Cobra	60	60	1	0	r	r
11374	Hooktooth Frenzy	60	60	1	0	r	r
11375	[UNUSED] Zath	60	60	1	0	r	r
11376	[UNUSED] Lor'khan	60	60	1	0	r	r
11377	[UNUSED] Hak'tharr the Mindhunter	60	60	1	0	r	r
11378	Foreman Thazz'ril	4	4	7	1	r	f
11379	[UNUSED] Nik'reesh	60	60	1	0	r	r
11380	Jin'do the Hexxer	63	63	7	0	r	r
11381	Jin	60	60	7	0	r	r
11382	Bloodlord Mandokir	63	63	7	0	r	r
11383	High Priestess Hai'watna	57	57	7	0	r	r
11384	[UNUSED] Elder T'kashra	60	60	7	0	r	r
11385	[UNUSED] Mogwhi the Ruthless	60	60	1	0	r	r
11386	[UNUSED] Janook the Bladefury	60	60	1	0	r	r
11387	Sandfury Speaker	61	61	7	0	r	r
11388	Witherbark Speaker	61	61	7	0	r	r
11389	Bloodscalp Speaker	61	61	7	0	r	r
11390	Skullsplitter Speaker	61	61	7	0	r	r
11391	Vilebranch Speaker	61	61	7	0	r	r
11392	Audrey Vergara	30	30	7	0	f	r
11393	Josh Miller	35	35	7	0	f	r
11394	Lauren Preston	40	40	7	0	f	r
11395	Kevin Faulder	45	45	7	0	f	r
11396	Joelle McCarthy	60	60	7	0	f	r
11397	Nara Meideros	30	30	7	1	f	r
11398	Charisse Moonrunner	35	35	7	0	f	r
11399	Ashlyn Vor'lair	30	30	7	0	f	r
11400	Ann'rimor Falchi	45	45	7	0	f	r
11401	Priestess Alathea	60	60	7	1	f	r
11402	Jarvis Greenhammer	30	30	7	0	f	r
11403	Russle Hochstein	35	35	7	0	f	r
11404	Dillon Gregor	40	40	7	0	f	r
11405	Diana Battleheart	45	45	7	0	f	r
11406	High Priest Rohan	60	60	7	1	f	r
11407	Var'jun	30	30	7	1	r	f
11408	Watna	35	35	7	0	r	f
11409	Jo'bu	40	40	7	0	r	f
11410	Shal'vol	45	45	7	0	r	f
11411	Priestess Kara'van	60	60	7	0	r	f
11412	Danielle Koppen	30	30	6	0	r	f
11413	Vincent Wilfork	35	35	7	0	r	f
11414	Nicole Tarlow	40	40	6	0	r	f
11415	Amber Provost	60	60	6	0	r	f
11416	Thomas Brady	45	45	7	0	r	f
11437	Minor Infernal	29	30	3	0	f	f
11438	Bibbly F'utzbuckle	45	45	7	0	y	y
11439	Illusion of Jandice Barov	61	61	6	0	r	r
11440	Gordok Enforcer	53	54	7	0	r	r
11441	Gordok Brute	57	58	7	0	r	r
11442	Gordok Mauler	53	54	7	0	r	r
11443	Gordok Ogre-Mage	52	53	7	0	r	r
11444	Gordok Mage-Lord	57	58	7	0	r	r
11445	Gordok Captain	59	60	7	0	r	r
11446	Gordok Spirit	60	60	6	1	r	r
11447	Mushgog	60	60	4	0	r	r
11448	Gordok Warlock	59	60	7	0	r	r
11449	[UNUSED] Gordok Battle Mage	60	60	7	0	r	r
11450	Gordok Reaver	58	59	7	0	r	r
11451	Wildspawn Satyr	55	56	3	0	r	r
11452	Wildspawn Rogue	56	57	3	0	r	r
11453	Wildspawn Trickster	56	57	3	0	r	r
11454	Wildspawn Betrayer	55	56	3	0	r	r
11455	Wildspawn Felsworn	55	56	3	0	r	r
11456	Wildspawn Shadowstalker	56	56	3	0	r	r
11457	Wildspawn Hellcaller	56	57	3	0	r	r
11458	Petrified Treant	57	59	4	0	r	r
11459	Ironbark Protector	57	59	4	0	r	r
11460	Alzzin's Minion	56	56	3	0	r	r
11461	Warpwood Guardian	57	58	4	0	r	r
11462	Warpwood Treant	54	55	4	0	r	r
11463	[UNUSED] Warpwood Scrabbler	60	60	4	0	r	r
11464	Warpwood Tangler	55	56	4	0	r	r
11465	Warpwood Stomper	57	58	4	0	r	r
11466	Highborne Summoner	55	55	6	0	y	y
11467	Tsu'zee	59	59	6	0	r	r
11468	[UNUSED] Eldreth Lichling	59	60	6	0	r	r
11469	Eldreth Seether	58	59	6	0	r	r
11470	Eldreth Sorcerer	58	59	6	0	r	r
11471	Eldreth Apparition	57	58	6	0	r	r
11472	Eldreth Spirit	57	58	6	0	r	r
11473	Eldreth Spectre	58	59	6	0	r	r
11474	Eldreth Wraith	42	43	6	0	r	r
11475	Eldreth Phantasm	58	59	6	0	r	r
11476	Skeletal Highborne	57	58	6	0	r	r
11477	Rotting Highborne	58	59	6	0	r	r
11478	[UNUSED] Mana Beast	60	60	4	0	r	r
11479	Arcane Horror	58	59	4	0	r	r
11480	Arcane Aberration	59	60	4	0	r	r
11481	[UNUSED] Arcane Terror	60	60	4	0	r	r
11483	Mana Remnant	57	59	4	0	r	r
11484	Residual Monstrosity	59	60	4	0	r	r
11486	Prince Tortheldrin	60	61	7	1	y	y
11487	Magister Kalendris	60	60	6	0	r	r
11488	Illyanna Ravenoak	60	60	6	0	r	r
11489	Tendris Warpwood	60	60	4	0	r	r
11490	Zevrim Thornhoof	57	57	3	0	r	r
11491	Old Ironbark	58	58	4	0	f	f
11492	Alzzin the Wildshaper	58	58	3	0	r	r
11493	[UNUSED] Sentius	60	60	4	0	r	r
11494	Alzinn Trigger	1	1	10	1	f	f
11495	[UNUSED] Avidus	60	60	4	0	r	r
11496	Immol'thar	61	61	3	0	r	r
11497	The Razza	60	60	1	0	r	r
11498	Skarr the Unbreakable	58	58	7	0	r	r
11499	[UNUSED] Commander Gormaul	59	59	7	0	r	r
11500	[UNUSED] Majordomo Bagrosh	60	60	7	0	r	r
11501	King Gordok	62	62	7	0	r	r
11502	Ragnaros	63	63	4	0	r	r
11516	Timbermaw Warder	53	54	7	0	r	r
11517	Oggleflint	16	16	7	0	r	r
11518	Jergosh the Invoker	16	16	7	0	r	r
11519	Bazzalan	16	16	7	0	r	r
11520	Taragaman the Hungerer	16	16	7	0	r	r
11521	Kodo Apparition	37	38	1	0	r	r
11536	Quartermaster Miranda Breechlock	58	58	7	1	y	y
11537	TEST GEAR PALADIN	1	1	7	0	f	f
11538	TEST GEAR WARRIOR	1	1	7	0	f	f
11539	TEST GEAR HUNTER	1	1	7	0	f	f
11540	TEST GEAR MAGE	1	1	7	0	f	f
11541	TEST GEAR WARLOCK	1	1	7	0	f	f
11542	TEST GEAR DRUID	1	1	7	0	f	f
11543	TEST GEAR SHAMAN	1	1	7	0	f	f
11544	TEST GEAR PRIEST	1	1	7	0	f	f
11545	TEST GEAR ROGUE	1	1	7	0	f	f
11546	Jack Sterling	50	50	7	1	f	f
11547	Skeletal Scholomance Student	1	1	6	0	f	f
11548	Loh'atu	45	45	7	1	f	f
11549	Austin Burwell	40	40	7	0	f	r
11550	Taylor Burwell	40	40	7	0	f	r
11551	Necrofiend	58	60	6	0	r	r
11552	Timbermaw Mystic	52	54	7	0	r	r
11553	Timbermaw Woodbender	52	53	7	0	r	r
11554	Grazle	55	55	7	1	f	f
11555	Gorn One Eye	55	55	7	0	r	r
11556	Salfa	55	55	7	0	f	f
11557	Meilosh	55	55	7	0	r	r
11558	Kernda	55	55	7	0	r	r
11559	Outcast Necromancer	39	40	7	0	r	r
11560	Magrami Spectre	38	39	6	0	y	y
11561	Undead Ravager	37	38	6	0	r	r
11562	Drysnap Crawler	33	34	7	0	r	r
11563	Drysnap Pincer	34	35	7	0	r	r
11564	Gizelton Caravan Kodo	35	35	1	0	f	f
11576	Whirlwind Ripper	32	34	4	0	r	r
11577	Whirlwind Stormwalker	35	37	4	0	r	r
11578	Whirlwind Shredder	32	34	4	0	r	r
11579	Tempest	41	41	4	0	r	r
11580	Kelemis the Lifeless	41	41	6	0	r	r
11581	Scarlet Assassin	54	56	7	0	r	r
11582	Scholomance Dark Summoner	58	59	7	0	r	r
11583	Nefarian	63	63	2	0	r	r
11596	Smeed Scrabblescrew	45	45	7	0	y	y
11597	Cheveyo	40	40	1	0	y	y
11598	Risen Guardian	59	61	6	0	r	r
11599	Irondeep Geomancer UNUSED	53	54	7	0	r	r
11600	Irondeep Shaman	53	54	7	0	r	r
11601	Irondeep Cave Lurker UNUSED	52	53	7	0	r	r
11602	Irondeep Skullthumper	54	55	7	0	r	r
11603	Whitewhisker Digger	52	53	7	0	r	r
11604	Whitewhisker Geomancer	53	54	7	0	r	r
11605	Whitewhisker Overseer	54	55	7	0	r	r
11606	Whitewhisker Tunnel Rat	52	53	7	0	r	r
11608	Bardu Sharpeye	50	50	7	1	r	f
11609	Alexia Ironknife	51	51	7	1	f	r
11610	Kirsta Deepshadow	53	53	7	1	f	f
11611	Cavalier Durgen	57	57	7	0	r	r
11613	Huntsman Radley	56	56	7	0	r	r
11614	Bloodshot	54	54	1	0	r	r
11615	Mickey Levine	55	55	7	1	r	f
11616	Nathaniel Dumah	55	55	7	1	f	r
11617	Digger "The Wrench" Veriatus	55	55	7	0	f	f
11618	Archmage Antonio	57	57	7	0	f	f
11619	Merchant Bolden	57	57	7	0	f	f
11620	Spectral Marauder	57	58	6	0	y	y
11621	Spectral Corpse	57	58	6	0	y	y
11622	Rattlegore	61	61	6	0	r	r
11623	Scourge Summoning Crystal	60	60	10	1	f	f
11624	Taiga Wisemane	60	60	7	0	r	f
11625	Cork Gizelton	38	38	7	0	f	f
11626	Rigger Gizelton	36	36	7	0	f	f
11627	Tamed Kodo	34	37	1	0	f	f
11628	Decaying Corpse	1	1	6	0	f	f
11629	Jessica Redpath	50	50	7	0	y	y
11636	Servant of Weldon Barov	60	60	7	0	f	r
11637	Servant of Alexi Barov	60	60	7	0	r	f
11656	Horde Peon	26	27	7	0	r	f
11657	Morloch	58	58	7	0	r	r
11658	Molten Giant	62	62	5	0	r	r
11659	Molten Destroyer	63	63	5	0	r	r
11660	[UNUSED] Molten Colossus	63	63	5	0	r	r
11661	Flamewaker	62	62	7	0	r	r
11662	Flamewaker Priest	62	62	7	0	r	r
11663	Flamewaker Healer	60	60	7	0	r	r
11664	Flamewaker Elite	62	62	7	0	r	r
11665	Lava Annihilator	61	62	4	0	r	r
11666	Firewalker	61	62	4	0	r	r
11667	Flameguard	61	62	4	0	r	r
11668	Firelord	61	62	4	0	r	r
11669	Flame Imp	61	62	4	0	r	r
11670	[UNUSED] Flame Shrieker	62	62	4	0	r	r
11671	Core Hound	61	61	1	0	r	r
11672	Core Rager	62	62	1	0	r	r
11673	Ancient Core Hound	62	62	1	0	r	r
11675	Snowblind Windcaller	53	54	7	0	r	r
11676	Fjordune the Greater	62	62	5	0	r	r
11677	Taskmaster Snivvle	58	58	7	0	r	r
11678	Snowblind Ambusher	52	53	7	0	r	r
11679	Winterax Witch Doctor	59	60	7	0	r	r
11680	Horde Scout	26	28	7	0	r	f
11681	Horde Deforester	27	28	7	0	r	f
11682	Horde Grunt	29	30	7	0	r	f
11683	Horde Shaman	28	29	7	0	r	f
11684	Warsong Shredder	27	28	9	0	r	f
11685	Maraudine Priest	40	42	7	0	r	r
11686	Ghostly Raider	40	41	6	0	r	r
11687	Ghostly Marauder	41	42	6	0	r	r
11688	Cursed Centaur	43	43	7	0	r	r
11689	Riding Kodo (Brown)	1	1	1	1	f	f
11690	Gnarlpine Instigator	8	8	7	0	r	r
11696	Chal Fairwind	53	53	7	1	f	r
11697	Mannoroc Lasher	29	30	3	0	r	r
11698	Hive'Ashi Stinger	57	58	10	0	r	r
11699	Varian Wrynn	60	60	7	0	f	y
11700	Sarin Starlight	55	55	7	1	f	r
11701	Mor'vek	60	60	7	1	r	f
11702	Arin'sor	60	60	7	1	r	f
11703	Graw Cornerstone	58	58	7	1	f	r
11704	Kriss Goldenlight	60	60	7	1	f	f
11705	Rayan Dawnrisen	55	55	7	1	f	f
11706	Adon	60	60	7	1	f	f
11707	Joy Ar'nareth	59	59	7	1	f	f
11708	Coral Moongale	50	50	7	1	f	r
11709	Jareth Wildwoods	16	16	7	1	f	r
11710	Mirador	50	50	1	1	f	f
11711	Sentinel Aynasha	20	20	7	0	f	y
11712	Lilyn Darkriver	41	41	7	0	f	r
11713	Blackwood Tracker	14	15	7	0	r	r
11714	Marosh the Devious	16	16	7	0	r	r
11715	Talendria	45	45	7	1	f	r
11716	Celes Earthborne	60	60	7	1	f	f
11717	Bethan Bluewater	43	43	7	1	f	r
11718	Sar Browneye	53	53	7	0	r	f
11719	Navi Quickdraw	35	35	7	0	r	f
11720	Loruk Foreststrider	44	44	7	1	r	f
11721	Hive'Ashi Worker	57	58	10	0	y	y
11722	Hive'Ashi Defender	58	59	10	0	r	r
11723	Hive'Ashi Sandstalker	58	59	10	0	r	r
11724	Hive'Ashi Swarmer	57	58	10	0	r	r
11725	Hive'Zora Waywatcher	58	59	10	0	r	r
11726	Hive'Zora Tunneler	58	59	10	0	r	r
11727	Hive'Zora Wasp	58	59	10	0	r	r
11728	Hive'Zora Reaver	59	60	10	0	r	r
11729	Hive'Zora Hive Sister	59	60	10	0	r	r
11730	Hive'Regal Ambusher	59	60	10	0	r	r
11731	Hive'Regal Burrower	59	60	10	0	y	y
11732	Hive'Regal Spitfire	59	60	10	0	r	r
11733	Hive'Regal Slavemaker	59	60	10	0	r	r
11734	Hive'Regal Hive Lord	59	61	10	0	r	r
11735	Stonelash Scorpid	54	55	1	0	r	r
11736	Stonelash Pincer	56	56	1	0	r	r
11737	Stonelash Flayer	57	58	1	0	r	r
11738	Sand Skitterer	55	56	1	0	r	r
11739	Rock Stalker	57	58	1	0	r	r
11740	Dredge Striker	55	56	1	0	r	r
11741	Dredge Crusher	57	58	1	0	r	r
11742	Silt Grub	54	55	1	0	r	r
11743	Silt Devourer	54	55	1	0	r	r
11744	Dust Stormer	55	57	4	0	r	r
11745	Cyclone Warrior	57	59	4	0	r	r
11746	Desert Rumbler	56	58	4	0	r	r
11747	Desert Rager	58	59	4	0	r	r
11748	Samantha Swifthoof	40	40	7	0	r	f
11749	Feran Strongwind	57	57	7	1	r	f
11750	Ganoosh	8	8	7	1	r	f
11751	Rilan Howard	20	20	7	1	r	f
11752	Blaise Montgomery	47	47	7	1	r	f
11753	Gogo	58	58	7	1	y	y
11754	Meggi Peppinrocker	60	60	7	1	y	y
11755	Harlo Wigglesworth	54	54	7	1	y	y
11756	Quinn	35	35	7	1	y	y
11757	Umaron Stragarelm	42	42	7	1	y	y
11758	Andi Lynn	48	48	7	1	f	f
11776	Salome	1	1	8	1	f	f
11777	Shadowshard Rumbler	40	41	4	0	r	r
11778	Shadowshard Smasher	41	42	4	0	r	r
11779	Shadowshard Thunderer	38	38	4	0	r	r
11780	Ambershard Rager	36	36	4	0	r	r
11781	Ambershard Crusher	40	41	4	0	r	r
11782	Ambershard Destroyer	42	43	4	0	r	r
11783	Theradrim Shardling	46	46	4	0	r	r
11784	Theradrim Guardian	47	48	4	0	r	r
11785	Ambereye Basilisk	40	41	1	0	r	r
11786	Ambereye Reaver	41	42	1	0	r	r
11787	Rock Borer	40	41	1	0	r	r
11788	Rock Worm	41	42	1	0	r	r
11789	Deep Borer	46	48	1	0	r	r
11790	Putridus Satyr	43	44	3	0	r	r
11791	Putridus Trickster	44	45	3	0	r	r
11792	Putridus Shadowstalker	42	44	3	0	r	r
11793	Celebrian Dryad	45	46	7	0	r	r
11794	Sister of Celebrian	46	47	7	0	r	r
11795	Mylentha Riverbend	60	60	7	0	y	y
11796	Bessany Plainswind	60	60	7	0	y	y
11797	Moren Riverbend	60	60	7	0	y	y
11798	Bunthen Plainswind	60	60	7	0	y	y
11799	Tajarri	60	60	7	0	y	y
11800	Silva Fil'naveth	60	60	7	0	y	y
11801	Rabine Saturna	60	60	7	0	y	y
11802	Dendrite Starblaze	60	60	7	0	y	y
11803	Twilight Keeper Exeter	60	60	7	0	r	r
11804	Twilight Keeper Havunth	60	60	7	0	r	r
11805	Jarund Stoutstrider	55	55	7	0	y	y
11806	Sentinel Onaeya	20	20	7	0	f	y
11807	Tristane Shadowstone	15	15	7	1	f	r
11808	Grum Redbeard	55	55	7	1	f	r
11809	Danni Palewing	26	26	7	0	f	r
11810	Howin Kindfeather	45	45	7	1	f	r
11811	Narain Soothfancy	45	45	7	1	f	f
11812	Claira Kindfeather	43	43	7	1	f	r
11813	Kerr Ironsight	41	41	7	1	f	r
11814	Kali Remik	12	12	7	1	r	f
11815	Voriya	56	56	7	1	f	f
11816	Una Ji'ro	12	12	7	1	f	f
11817	Krah'ranik	60	60	7	1	r	r
11818	Orik'ando	42	42	7	1	r	f
11819	Jory Zaga	58	58	7	1	r	r
11820	Locke Okarr	28	28	7	1	r	f
11821	Darn Talongrip	30	30	7	1	r	f
11822	Moonglade Warden	55	55	7	0	y	y
11823	Vark Battlescar	10	10	7	1	r	f
11824	Erik Felixe	45	45	7	1	f	r
11825	Paige Felixe	46	46	7	1	f	r
11826	Kristy Grant	45	45	7	1	f	r
11827	Kimberly Grant	35	35	7	1	f	r
11828	Kelly Grant	40	40	7	1	f	r
11829	Fahrak	42	42	7	1	r	f
11830	Hakkari Priest	60	60	7	0	r	r
11831	Hakkari Witch Doctor	60	60	7	0	r	r
11832	Keeper Remulos	62	62	7	0	y	y
11833	Rahauro	20	20	7	1	r	f
11834	Maur Grimtotem	14	14	7	1	f	f
11835	Theodore Griffs	50	50	7	1	f	f
11836	Captured Rabid Thistle Bear	13	14	1	1	f	f
11837	Wildpaw Shaman	53	54	7	0	r	r
11838	Wildpaw Mystic	56	57	7	0	r	r
11839	Wildpaw Brute	56	57	7	0	r	r
11840	Wildpaw Alpha	58	59	7	0	r	r
11856	Kaya Flathoof	15	15	7	0	r	f
11857	Makaba Flathoof	25	25	7	0	r	f
11858	Grundig Darkcloud	18	18	7	0	r	r
11859	Doomguard	60	60	3	0	r	r
11860	Maggran Earthbinder	30	30	7	0	r	f
11861	Mor'rogal	25	25	7	0	r	f
11862	Tsunaman	25	25	4	0	y	f
11863	Azore Aldamort	60	60	7	1	y	y
11864	Tammra Windfield	25	25	7	1	r	f
11865	Buliwyf Stonehand	50	50	7	1	f	r
11866	Ilyenia Moonfire	50	50	7	1	f	r
11867	Woo Ping	50	50	7	1	f	r
11868	Sayoc	50	50	7	1	r	f
11869	Ansekhwa	50	50	7	1	r	f
11870	Archibald	50	50	7	1	r	f
11871	Grinning Dog	48	48	1	0	r	f
11872	Myranda the Hag	58	58	7	1	f	f
11873	Spectral Attendant	60	60	6	0	r	r
11874	Masat T'andr	44	44	7	1	f	f
11875	Mortar Team Target Dummy	14	14	9	1	y	y
11876	Demon Spirit	37	37	3	0	r	r
11877	Roon Wildmane	45	45	7	0	r	f
11878	Nathanos Blightcaller	62	62	7	0	r	f
11880	Twilight Avenger	58	59	7	0	r	r
11881	Twilight Geolord	59	60	7	0	r	r
11882	Twilight Stonecaller	59	60	7	0	r	r
11883	Twilight Master	60	60	7	0	r	r
11884	Obi	1	2	1	1	f	f
11885	Blighthound	58	59	1	0	r	f
11886	Mercutio Filthgorger	57	57	7	0	r	r
11887	Crypt Robber	54	55	7	0	r	r
11896	Borelgore	61	61	1	0	r	r
11897	Duskwing	60	60	1	0	r	r
11898	Crusader Lord Valdelmar	60	60	7	0	r	r
11899	Shardi	55	55	7	1	r	f
11900	Brakkar	55	55	7	1	r	f
11901	Andruk	55	55	7	1	r	f
11902	Aiden	1	1	7	0	f	r
11903	Alexander	1	1	7	0	f	r
11904	Noah	1	1	7	0	f	r
11905	Jordan	1	1	7	0	f	r
11906	Sophia	1	1	7	0	f	r
11907	Alanna	1	1	7	0	f	r
11908	Mirah	1	1	7	0	f	r
11909	Penelope	1	1	7	0	f	r
11910	Grimtotem Ruffian	14	15	7	0	r	r
11911	Grimtotem Mercenary	14	15	7	0	r	r
11912	Grimtotem Brute	15	16	7	0	r	r
11913	Grimtotem Sorcerer	15	16	7	0	r	r
11914	Gorehoof the Black	17	17	7	0	r	r
11915	Gogger Rock Keeper	16	17	7	0	r	r
11916	Imelda	25	25	7	1	f	r
11917	Gogger Geomancer	16	17	7	0	r	r
11918	Gogger Stonepounder	17	18	7	0	r	r
11919	Claudia	25	25	7	0	f	r
11920	Goggeroc	20	20	7	0	r	r
11921	Besseleth	21	21	1	0	r	r
11926	[PH] Northshire Gift Dispenser	5	5	7	0	f	y
11936	Artist Renfray	12	12	6	1	f	f
11937	Demon Portal Guardian	38	38	3	0	r	r
11938	Young Tirion	50	50	7	0	f	f
11939	Umber	55	55	7	0	y	y
11940	Merissa Stilwell	5	5	7	1	f	r
11941	Yori Crackhelm	5	5	7	1	f	r
11942	Orenthil Whisperwind	5	5	7	1	f	r
11943	Magga	5	5	7	1	r	f
11944	Vorn Skyseer	5	5	7	1	r	f
11945	Claire Willower	5	5	7	1	r	f
11946	Drek'Thar	62	62	7	0	r	f
11947	Captain Galvangar	61	61	7	0	r	f
11948	Vanndar Stormpike	62	62	7	0	f	r
11949	Captain Balinda Stonehearth	61	61	7	0	f	r
11956	Great Bear Spirit	60	60	1	0	y	y
11957	Great Cat Spirit	60	60	1	0	y	y
11958	Gracchus Spiritlight	60	60	7	0	y	y
11959	[UNUSED] Obsidian Watcher	61	61	4	0	r	r
11978	[NOT USED] Neltharion	60	60	2	0	r	r
11979	Kim Bridenbecker	25	25	7	1	f	r
11980	[NOT USED] Zuluhed the Whacked	62	62	7	0	r	r
11981	Flamegor	63	63	2	0	r	r
11982	Magmadar	63	63	1	0	r	r
11983	Firemaw	63	63	2	0	r	r
11988	Golemagg the Incinerator	63	63	5	0	r	r
11994	Rob Bridenbecker	25	25	7	1	f	r
11996	Ashley Bridenbecker	1	1	7	1	f	r
11997	Stormpike Herald	60	60	7	1	f	r
11998	Frostwolf Herald	60	60	7	1	r	f
12017	Broodlord Lashlayer	63	63	2	0	r	r
12018	Majordomo Executus	63	63	7	0	r	r
12019	Dargon	51	51	7	1	y	y
12020	Moonglade Alchemy Trainer	51	51	7	0	y	y
12021	Daeolyn Summerleaf	51	51	7	1	y	y
12022	Lorelae Wintersong	51	51	7	1	y	y
12023	Kharedon	51	51	7	1	y	y
12024	Meliri	51	51	7	1	y	y
12025	Malvor	51	51	7	1	y	y
12026	My'lanna	51	51	7	1	y	y
12027	Tukk	30	30	7	1	r	f
12028	Lah'Mawhani	30	30	7	1	r	f
12029	Narianna	51	51	7	1	y	y
12030	Malux	30	30	7	1	r	f
12031	Mai'Lahii	30	30	7	1	r	f
12032	Lui'Mala	30	30	7	1	r	f
12033	Wulan	30	30	7	1	r	f
12034	Koiter	60	60	7	1	f	f
12035	Aerie Peak Mining Trainer	55	55	7	0	f	r
12036	Aerie Peak General Goods	55	55	7	0	f	r
12037	Ursol'lok	31	31	1	0	r	r
12038	[UNUSED] Aerie Peak Cooking Supplies	55	55	7	0	f	r
12039	Aerie Peak Meat Vendor	55	55	7	0	f	r
12040	Aerie Peak Mail Armor Vendor	55	55	7	0	f	r
12042	Loganaar	51	51	7	1	y	y
12043	Kulwia	32	32	7	1	r	f
12044	Sun Rock Blacksmithing Supplies	32	32	7	0	r	f
12045	Hae'Wilani	30	30	7	1	r	f
12046	Gor'marok the Ravager	49	49	7	0	r	r
12047	Stormpike Mountaineer	55	55	7	0	f	r
12048	Alliance Sentinel	55	55	7	0	f	r
12050	Stormpike Defender	58	58	7	0	f	r
12051	Frostwolf Legionnaire	57	57	7	0	r	f
12052	Frostwolf Warrior	55	55	7	0	r	f
12053	Frostwolf Guardian	58	58	7	0	r	f
12054	Dawnchaser	60	60	1	0	y	y
12056	Baron Geddon	63	63	4	0	r	r
12057	Garr	63	63	4	0	r	r
12076	Lava Elemental	61	62	4	0	r	r
12096	Stormpike Quartermaster	55	55	7	1	f	r
12097	Frostwolf Quartermaster	55	55	7	1	r	f
12098	Sulfuron Harbinger	63	63	7	0	r	r
12099	Firesworn	60	60	4	0	r	r
12100	Lava Reaver	62	63	4	0	r	r
12101	Lava Surger	61	62	4	0	r	r
12116	Priestess of Elune	60	60	7	1	y	y
12118	Lucifron	63	63	7	0	r	r
12119	Flamewaker Protector	62	62	7	0	r	r
12120	Plagueland Termite	1	1	8	1	y	y
12121	Draka	60	60	1	0	r	f
12122	Duros	60	60	1	0	r	f
12123	Reef Shark	21	22	1	0	r	r
12124	Great Shark	51	52	1	0	r	r
12125	Mammoth Shark	56	57	1	0	r	r
12126	Lord Tirion Fordring	63	63	7	1	f	f
12127	Stormpike Guardsman	57	57	7	0	f	r
12128	Crimson Elite	60	60	7	0	r	r
12129	Onyxian Warder	60	63	2	0	r	r
12136	Snurk Bucksquick	45	45	7	1	r	f
12137	Squibby Overspeck	45	45	7	1	r	f
12138	Lunaclaw	12	12	7	0	r	r
12140	Guardian of Elune	60	60	7	0	y	y
12141	Ice Totem	53	54	11	0	r	f
12142	Flamewaker Guardian	62	62	7	0	r	r
12143	Son of Flame	60	60	4	0	r	r
12144	Lunaclaw Spirit	13	13	7	1	f	f
12145	Riding Kodo (Black)	1	1	1	1	f	f
12146	Riding Kodo (Olive)	1	1	1	1	f	f
12147	Riding Kodo (White)	1	1	1	1	f	f
12148	Riding Kodo (Teal)	12	12	1	1	f	f
12149	Riding Kodo (Gray)	1	1	1	1	f	f
12150	Riding Kodo (Purple)	1	2	1	1	f	f
12151	Riding Kodo (Green)	12	12	1	1	f	f
12152	Voice of Elune	1	1	8	1	y	y
12156	Winterax Axe Thrower	59	60	7	0	r	r
12157	Winterax Shadow Hunter	59	60	7	0	r	r
12158	Winterax Hunter	59	59	7	0	r	r
12159	Korrak the Bloodrager	62	62	7	0	r	r
12160	Shadowglen Sentinel	55	55	7	0	f	r
12176	Tame Kodo	40	40	1	0	f	f
12177	Kyle Blackthorne	36	37	7	0	f	f
12178	Tortured Druid	55	56	6	0	r	r
12179	Tortured Sentinel	56	57	6	0	r	r
12180	Anubisath	59	59	10	0	r	r
12196	Innkeeper Kaylisk	30	30	7	1	r	f
12197	Glordrum Steelbeard	61	61	7	0	f	r
12198	Martin Lindsey	61	61	7	0	r	f
12199	Shade of Ambermoon	58	58	6	0	r	r
12200	Cobaltine Wyrmkin	49	50	2	0	r	r
12201	Princess Theradras	51	51	4	0	r	r
12202	Human Skull	1	1	1	1	f	f
12203	Landslide	50	50	5	0	r	r
12204	Spitelash Raider	48	49	7	0	r	r
12205	Spitelash Witch	49	50	7	0	r	r
12206	Primordial Behemoth	48	49	5	0	r	r
12207	Thessala Hydra	46	47	10	0	r	r
12208	Conquered Soul of the Blightcaller	58	58	6	0	r	r
12216	Poison Sprite	42	43	3	0	r	r
12217	Corruptor	42	43	3	0	r	r
12218	Vile Larva	45	47	1	0	r	r
12219	Barbed Lasher	44	45	10	0	r	r
12220	Constrictor Vine	45	46	10	0	r	r
12221	Noxious Slime	46	47	10	0	r	r
12222	Creeping Sludge	45	46	10	0	r	r
12223	Cavern Lurker	45	46	4	0	r	r
12224	Cavern Shambler	46	47	4	0	r	r
12225	Celebras the Cursed	49	49	7	0	r	r
12236	Lord Vyletongue	47	47	3	0	r	r
12237	Meshlok the Harvester	48	48	4	0	r	r
12238	Zaetar's Spirit	60	60	6	1	f	f
12239	Spirit of Gelk	42	42	6	0	f	f
12240	Spirit of Kolk	43	43	6	0	f	f
12241	Spirit of Magra	43	43	6	0	f	f
12242	Spirit of Maraudos	46	46	6	0	f	f
12243	Spirit of Veng	47	47	6	0	f	f
12244	Mark of Detonation (NW)	1	1	10	1	f	f
12245	Vendor-Tron 1000	38	38	7	0	f	f
12246	Super-Seller 680	36	36	7	0	f	f
12247	Scourge Structure	1	1	10	1	y	y
12248	Infiltrator Hameya	60	60	6	0	r	r
12249	Mark of Detonation (SW)	1	1	10	1	f	f
12250	Zaeldarr the Outcast	55	55	6	0	r	r
12251	Mark of Detonation (CLS)	1	1	10	1	f	f
12252	Mark of Detonation (CRS)	1	1	10	1	f	f
12253	Mark of Detonation (CSH)	1	1	10	1	f	f
12254	Mark of Detonation (NESH)	1	1	10	1	f	f
12255	Mark of Detonation (NE)	1	1	10	1	f	f
12256	Mark of Detonation (SE)	1	1	10	1	f	f
12257	Mechanical Yeti	58	58	1	0	f	r
12258	Razorlash	48	48	10	0	r	r
12259	Gehennas	63	63	7	0	r	r
12260	Onyxian Drake	1	1	2	0	f	f
12261	Infected Mossflayer	57	58	6	0	r	r
12262	Ziggurat Protector	58	58	6	0	r	r
12263	Slaughterhouse Protector	58	58	6	0	r	r
12264	Shazzrah	63	63	7	0	r	r
12265	Lava Spawn	60	60	4	0	r	r
12276	Hive'Zora Egg	20	20	10	0	r	r
12277	Melizza Brimbuzzle	39	39	7	0	y	y
12296	Sickly Gazelle	3	3	8	1	y	y
12297	Cured Gazelle	3	3	8	1	y	y
12298	Sickly Deer	5	5	8	1	y	y
12299	Cured Deer	5	5	8	1	y	y
12317	Unkillable Test Dummy 60 Low AC	60	60	7	0	y	y
12319	Burning Blade Toxicologist	14	14	7	0	r	r
12320	Burning Blade Crusher	13	13	7	0	r	r
12321	Stormscale Toxicologist	15	15	7	0	r	r
12322	Quel'Lithien Protector	60	60	7	0	f	r
12336	Brother Crowley	44	44	7	1	f	r
12337	Crimson Courier	60	60	7	0	r	r
12338	Shadowprey Guardian	55	55	7	0	r	f
12339	Demetria	61	61	7	0	r	r
12340	Drulzegar Skraghook	35	35	7	0	r	f
12341	Blue Skeletal Horse	1	2	6	1	f	f
12342	Brown Skeletal Horse	1	2	6	1	f	f
12343	Red Skeletal Horse	1	2	6	1	f	f
12344	Swift Green Skeletal Horse	1	1	6	1	f	f
12345	Mottled Red Raptor	1	1	1	1	f	f
12346	Emerald Raptor	1	2	1	1	f	f
12347	Enraged Reef Crawler	30	32	1	0	y	y
12348	Ivory Raptor	1	1	1	1	f	f
12349	Turquoise Raptor	1	2	1	1	f	f
12350	Violet Raptor	1	2	1	1	f	f
12351	Dire Riding Wolf	10	10	1	1	f	f
12352	Scarlet Trooper	58	59	7	0	r	r
12353	Timber Riding Wolf	10	10	1	1	f	f
12354	Brown Riding Kodo	11	12	1	1	f	f
12355	Gray Riding Kodo	11	12	1	1	f	f
12356	Green Riding Kodo	12	12	1	1	f	f
12357	Teal Riding Kodo	12	12	1	1	f	f
12358	Riding Striped Frostsaber	1	2	1	1	f	f
12359	Riding Spotted Frostsaber	1	2	1	1	f	f
12360	Riding Striped Nightsaber	1	2	1	1	f	f
12361	Riding Nightsaber	1	1	1	1	f	f
12362	Riding Frostsaber	1	1	1	1	f	f
12363	Blue Mechanostrider	1	2	9	1	f	f
12364	Icy Blue Mechanostrider Mod A	1	1	9	1	f	f
12365	Red Mechanostrider	1	2	9	1	f	f
12366	Unpainted Mechanostrider	1	2	9	1	f	f
12367	Green Mechanostrider	1	2	9	1	f	f
12368	White Mechanostrider Mod A	1	1	9	1	f	f
12369	Lord Kragaru	38	38	7	0	r	r
12370	Black Ram	1	1	1	1	f	f
12371	Frost Ram	1	1	1	1	f	f
12372	Brown Ram	1	2	1	1	f	f
12373	Gray Ram	1	2	1	1	f	f
12374	White Riding Ram	1	2	1	1	f	f
12375	Chestnut Mare	1	2	1	1	f	f
12376	Brown Horse	1	2	1	1	f	f
12377	Wailing Spectre	58	60	6	0	r	r
12378	Damned Soul	59	60	6	0	r	r
12379	Unliving Caretaker	59	60	6	0	r	r
12380	Unliving Resident	59	60	6	0	r	r
12381	Ley Sprite	57	58	10	0	r	r
12382	Mana Sprite	56	57	10	0	r	r
12383	Nibbles	1	1	8	1	y	y
12384	Augustus the Touched	55	55	7	1	f	f
12385	Mortar Team Advanced Target Dummy	1	1	9	1	y	y
12386	Magus Kyara	55	55	7	0	f	f
12387	Large Vile Slime	56	57	10	0	r	r
12396	Doomguard Commander	61	61	3	0	r	r
12397	Lord Kazzak	63	63	3	0	r	r
12416	Blackwing Legionnaire	60	60	7	0	r	r
12417	[NOT USED] Death Talon Whelp	60	60	2	0	r	r
12418	Gordok Hyena	52	54	1	0	r	r
12419	Lifelike Toad	1	1	1	1	f	r
12420	Blackwing Mage	60	60	7	0	r	r
12421	[NOT USED] Blackwing Assassin	60	60	7	0	r	r
12422	Death Talon Dragonspawn	60	60	2	0	r	r
12423	Guard Roberts	7	7	7	1	f	r
12425	Flint Shadowmore	60	60	7	1	f	r
12426	Masterwork Target Dummy	55	55	9	0	y	y
12427	Mountaineer Dolf	7	7	7	1	f	r
12428	Deathguard Kel	7	7	7	1	r	f
12429	Sentinel Shaya	7	7	7	1	f	r
12430	Grunt Kor'ja	7	7	7	1	r	f
12431	Gorefang	13	13	1	0	r	r
12432	Old Vicejaw	14	14	1	0	r	r
12433	Krethis Shadowspinner	15	15	1	0	r	r
12434	Monster Generator (Blackwing)	1	1	10	0	f	f
12435	Razorgore the Untamed	63	63	2	0	r	r
12457	Blackwing Spellbinder	62	62	2	0	r	r
12458	Blackwing Taskmaster	62	62	7	0	r	r
12459	Blackwing Warlock	61	61	7	0	r	r
12460	Death Talon Wyrmguard	63	63	2	0	r	r
12461	Death Talon Overseer	62	62	7	0	r	r
12462	[NOT USED] Blackwing Warlord	62	62	7	0	r	r
12463	Death Talon Flamescale	62	62	2	0	r	r
12464	Death Talon Seether	62	62	2	0	r	r
12465	Death Talon Wyrmkin	61	61	2	0	r	r
12466	[NOT USED] Death Talon Scalebane	60	60	2	0	r	r
12467	Death Talon Captain	62	62	2	0	r	r
12468	Death Talon Hatcher	61	61	2	0	r	r
12469	[NOT USED] Death Talon Earthshaker	62	62	2	0	r	r
12470	[NOT USED] Death Talon Firetongue	62	62	7	0	r	r
12473	Arcanite Dragonling	60	60	9	0	f	r
12474	Emeraldon Boughguard	62	62	2	0	r	r
12475	Emeraldon Tree Warder	60	60	2	0	r	r
12476	Emeraldon Oracle	61	61	2	0	r	r
12477	Verdantine Boughguard	62	62	2	0	r	r
12478	Verdantine Oracle	61	61	2	0	r	r
12479	Verdantine Tree Warder	60	60	2	0	r	r
12480	Melris Malagan	58	58	7	1	f	r
12481	Justine Demalier	57	57	7	1	f	r
12496	Dreamtracker	62	62	2	0	r	r
12497	Dreamroarer	62	62	2	0	r	r
12498	Dreamstalker	62	62	2	0	r	r
12516	TEST Resist Gear	1	1	7	0	f	f
12517	TEST Potions and Enchantments	1	1	7	0	f	f
12536	Illusion: Black Dragonkin	60	60	2	0	f	f
12557	Grethok the Controller	62	62	7	0	r	r
12576	Grish Longrunner	25	25	7	0	r	f
12577	Jarrodenus	55	55	7	1	f	r
12578	Mishellena	55	55	7	1	f	r
12579	Bloodfury Ripper	26	26	7	0	r	r
12580	Reginald Windsor	63	63	7	1	f	r
12581	Mercutio	2	2	1	1	f	r
12596	Bibilfaz Featherwhistle	55	55	7	1	f	r
12616	Vhulgra	55	55	7	1	r	f
12617	Khaelyn Steelwing	55	55	7	1	f	r
12636	Georgia	55	55	7	1	r	f
12656	Thamarian	15	15	7	1	f	r
12657	Don Pompa	20	20	7	0	f	r
12658	Adam Lind	20	20	7	0	f	r
12676	Sharptalon	31	31	1	0	f	r
12677	Shadumbra	28	28	1	0	f	r
12678	Ursangous	25	25	1	0	f	r
12696	Senani Thunderheart	30	30	7	1	r	f
12716	Decedra Willham	45	45	7	1	f	r
12717	Muglash	25	25	7	0	r	f
12718	Gurda Ragescar	30	30	7	1	r	f
12719	Marukai	35	35	7	1	r	f
12720	Framnali	32	32	7	1	r	f
12721	Mitsuwa	31	31	7	1	r	f
12722	Vera Nightshade	29	29	7	1	r	f
12723	Har'alen	28	28	7	1	r	f
12724	Pixel	34	34	7	1	r	f
12736	Je'neu Sancrea	25	25	7	1	r	f
12737	Mastok Wrilehiss	30	30	7	0	r	f
12738	Nori Pridedrift	5	5	7	1	f	r
12739	Onyxia's Elite Guard	60	60	2	0	r	r
12740	Faustron	55	55	7	1	r	f
12741	Warrior 40 (More Leash)	40	40	2	0	y	y
12756	Lady Onyxia	62	62	2	0	f	r
12757	Karang Amakkar	35	35	7	1	r	f
12758	Onyxia Trigger	1	1	10	1	f	f
12759	Tideress	27	27	4	0	r	r
12776	Hraug	9	9	7	1	r	f
12777	Captain Dirgehammer	55	55	7	0	f	f
12778	Lieutenant Rachel Vaccar	55	55	7	0	f	r
12779	Archmage Gaiman	55	55	7	0	f	r
12780	Sergeant Major Skyshadow	55	55	7	0	f	r
12781	Master Sergeant Biggins	55	55	7	0	f	f
12782	Captain O'Neal	55	55	7	0	f	f
12783	Lieutenant Karter	55	55	7	0	f	f
12784	Lieutenant Jackspring	55	55	7	0	f	r
12785	Sergeant Major Clate	55	55	7	0	f	r
12786	Guard Quine	62	62	7	0	f	r
12787	Guard Hammon	62	62	7	0	f	r
12788	Legionnaire Teena	62	62	7	0	r	f
12789	Blood Guard Hini'wana	62	62	7	0	r	f
12790	Advisor Willington	62	62	7	0	r	f
12791	Chieftain Earthbind	62	62	7	0	r	f
12792	Lady Palanseer	55	55	7	0	f	f
12793	Brave Stonehide	55	55	7	0	f	f
12794	Stone Guard Zarg	55	55	7	0	r	f
12795	First Sergeant Hola'mahi	55	55	7	0	r	f
12796	Raider Bork	55	55	7	0	f	f
12797	Grunt Korf	62	62	7	0	r	f
12798	Grunt Bek'rah	62	62	7	0	r	f
12799	Sergeant Ba'sha	55	55	7	1	r	f
12800	Chimaerok	60	61	1	0	r	r
12801	Arcane Chimaerok	60	62	1	0	r	r
12802	Chimaerok Devourer	61	62	1	0	r	r
12803	Lord Lakmaeran	62	62	1	0	r	r
12804	[PH] TEST Fire God	63	63	4	0	y	y
12805	Officer Areyn	55	55	7	1	f	r
12806	Magmakin	60	60	4	0	r	r
12807	Greshka	50	50	7	1	r	f
12816	Xen'Zilla	25	25	7	0	r	f
12818	Ruul Snowhoof	26	26	7	0	y	f
12819	Ruul Snowhoof Bear Form	1	1	7	0	f	f
12836	Wandering Protector	35	35	5	0	f	r
12837	Yama Snowhoof	26	26	7	0	r	f
12856	Ashenvale Outrunner	23	24	7	0	f	r
12857	Elogit	60	60	7	0	f	f
12858	Torek	24	24	7	0	r	f
12859	Splintertree Raider	21	22	7	0	r	f
12860	Duriel Moonfire	24	24	7	0	f	r
12861	Wisp (Ghost Visual Only)	1	1	8	1	f	f
12862	Warsong Scout	28	28	7	1	r	f
12863	Warsong Runner	29	29	7	1	r	f
12864	Warsong Outrider	30	30	7	0	r	f
12865	Ambassador Malcin	36	36	6	0	r	r
12866	Myriam Moonsinger	35	35	7	0	f	f
12867	Kuray'bin	35	35	7	0	r	f
12876	Baron Aquanis	28	28	4	0	r	r
12877	Ertog Ragetusk	35	35	7	1	r	f
12896	Silverwing Sentinel	22	23	7	0	f	r
12897	Silverwing Warrior	21	22	7	0	f	r
12898	Phantim Illusion	62	62	2	0	f	f
12899	Axtroz	62	62	2	0	r	r
12900	Somnus	62	62	2	0	r	r
12902	Lorgus Jett	26	26	7	0	r	r
12903	Splintertree Guard	40	40	7	0	r	f
12904	Spirit Of Redemption	60	60	7	1	f	f
12916	Unkillable Test Dummy 60 Low Magic Resistances	60	60	7	0	y	y
12917	Unkillable Test Dummy 60 High Magic Resistances	60	60	7	0	y	y
12918	Chief Murgut	26	26	7	0	r	r
12919	Nat Pagle	45	45	7	1	f	f
12920	Doctor Gregory Victor	48	48	7	1	r	f
12921	Enraged Foulweald	23	24	7	0	r	r
12922	Imp Minion	46	46	3	0	r	r
12923	Injured Soldier	43	46	7	1	r	f
12924	Badly Injured Soldier	44	48	7	1	r	f
12925	Critically Injured Soldier	46	50	7	1	r	f
12936	Badly Injured Alliance Soldier	44	48	7	1	f	r
12937	Critically Injured Alliance Soldier	46	50	7	1	f	r
12938	Injured Alliance Soldier	43	46	7	1	f	r
12939	Doctor Gustaf VanHowzen	48	48	7	1	f	r
12940	Vorsha the Lasher	22	22	10	0	r	r
12941	Jase Farlane	56	56	7	1	y	y
12942	Leonard Porter	55	55	7	1	f	r
12943	Werg Thickblade	55	55	7	1	r	f
12944	Lokhtos Darkbargainer	60	60	7	1	y	y
12956	Zannok Hidepiercer	59	59	7	1	f	f
12957	Blimo Gadgetspring	55	55	7	1	f	f
12958	Gigget Zipcoil	52	52	7	1	f	f
12959	Nergal	52	52	7	1	f	f
12960	Christi Galvanis	40	40	7	1	f	r
12961	Kil'Hiwana	30	30	7	1	r	f
12962	Wik'Tar	30	30	7	1	r	f
12976	Kolkar Waylayer	33	34	7	0	r	r
12977	Kolkar Ambusher	34	35	7	0	r	r
12996	Mounted Ironforge Mountaineer	30	30	7	0	f	r
12997	Monty	12	12	7	1	f	r
12998	Dwarven Farmer	15	15	7	1	f	r
12999	Blackwing Trigger	60	60	10	1	r	r
13000	Gnome Engineer	15	15	7	1	f	r
13016	Deeprun Rat	1	1	8	1	y	y
13017	Enthralled Deeprun Rat	1	1	8	1	f	f
13018	Nipsy	12	12	7	1	f	r
13019	Burning Blade Seer	33	33	7	0	r	r
13020	Vaelastrasz the Corrupt	63	63	2	0	f	f
13021	Warpwood Crusher	56	56	4	0	r	r
13022	Whip Lasher	54	54	4	0	r	r
13036	Gordok Mastiff	57	59	1	0	r	r
13056	test spirit healer (DND)	60	60	7	0	f	f
13076	Dun Morogh Mountaineer	30	30	7	0	f	r
13078	Umi Thorson	58	58	7	0	f	r
13079	Keetar	58	58	7	0	r	f
13080	Irondeep Guard	54	55	7	0	f	r
13081	Irondeep Raider	54	55	7	0	r	f
13082	Milton Beats	33	33	7	0	r	r
13083	Echo of Archimonde	60	60	3	0	f	f
13084	Bixi Wobblebonk	50	50	7	1	f	r
13085	Myrokos Silentform	57	57	7	1	y	y
13086	Aggi Rumblestomp	58	58	7	0	f	r
13087	Coldmine Invader	54	55	7	0	f	r
13088	Masha Swiftcut	58	58	7	0	r	f
13089	Coldmine Guard	54	55	7	0	r	f
13096	Coldmine Explorer	54	55	7	0	f	r
13097	Coldmine Surveyor	54	55	7	0	r	f
13098	Irondeep Surveyor	54	55	7	0	f	r
13099	Irondeep Explorer	54	55	7	0	r	f
13116	Alliance Spirit Guide	60	60	7	1	f	r
13117	Horde Spirit Guide	60	60	7	1	r	f
13118	Crimson Bodyguard	57	58	7	0	r	r
13136	Hive'Ashi Drone	57	58	10	0	r	r
13137	Lieutenant Rugba	59	59	7	0	r	f
13138	Lieutenant Spencer	59	59	7	0	f	r
13139	Commander Randolph	61	61	7	0	f	r
13140	Commander Dardosh	61	61	7	0	r	f
13141	Deeprot Stomper	43	44	4	0	r	r
13142	Deeprot Tangler	44	45	4	0	r	r
13143	Lieutenant Stronghoof	59	59	7	0	r	f
13144	Lieutenant Vol'talar	59	59	7	0	r	f
13145	Lieutenant Grummus	59	59	6	0	r	f
13146	Lieutenant Murp	59	59	6	0	r	f
13147	Lieutenant Lewis	59	59	7	0	r	f
13148	Flame of Ragnaros	60	60	10	0	r	r
13149	Syndicate Brigand	55	56	7	0	y	y
13150	Syndicate Agent	57	57	7	0	y	y
13151	Syndicate Master Ryson	60	60	7	0	y	y
13152	Commander Malgor	61	61	7	0	r	f
13153	Commander Mulfort	61	61	7	0	r	f
13154	Commander Louis Philips	61	61	7	0	r	f
13155	Deathstalker Agent	61	61	7	0	r	f
13156	Carrosh	12	12	7	0	r	r
13157	Makasgar	12	12	7	0	r	r
13158	Lieutenant Sanders	12	12	7	0	r	r
13159	James Clark	12	12	7	0	y	y
13160	Carrion Swarmer	57	58	1	0	r	r
13161	Aerie Gryphon	60	60	1	0	y	y
13176	Smith Regzar	60	60	7	0	r	f
13177	Vahgruk	55	55	7	1	r	f
13178	War Rider	60	60	1	0	r	f
13179	Wing Commander Guse	59	59	7	1	r	f
13180	Wing Commander Jeztor	58	58	7	1	r	f
13181	Wing Commander Mulverick	60	60	7	1	r	f
13196	Phase Lasher	54	55	4	0	r	r
13197	Fel Lash	56	56	4	0	r	r
13216	Gaelden Hammersmith	58	58	7	1	f	r
13217	Thanthaldis Snowgleam	58	58	7	1	f	r
13218	Grunnda Wolfheart	58	58	7	1	r	f
13219	Jekyll Flandring	58	58	7	0	r	f
13220	Layo Starstrike	55	55	7	0	y	y
13221	Ryson's Eye in the Sky	58	58	1	1	y	y
13236	Primalist Thurloga	60	60	7	0	r	f
13256	Lokholar the Ice Lord	61	61	4	0	r	f
13257	Murgot Deepforge	60	60	7	0	f	r
13276	Wildspawn Imp	56	56	3	0	r	r
13277	Dahne Pierce	5	5	7	1	f	r
13278	Duke Hydraxis	60	60	4	0	f	f
13279	Discordant Surge	54	56	4	0	r	r
13280	Hydrospawn	57	57	4	0	r	r
13281	Furis	60	60	3	0	r	f
13282	Noxxion	48	48	4	0	r	r
13283	Lord Tony Romano	60	60	7	1	f	r
13284	Frostwolf Shaman	58	58	7	0	r	f
13285	Death Lash	57	58	4	0	r	r
13296	Lieutenant Largent	59	59	7	0	f	r
13297	Lieutenant Stouthandle	59	59	7	0	f	r
13298	Lieutenant Greywand	59	59	7	0	f	r
13299	Lieutenant Lonadin	59	59	7	0	f	r
13300	Lieutenant Mancuso	59	59	7	0	f	r
13301	Hive'Ashi Ambusher	56	57	10	0	r	r
13316	Coldmine Peon	52	53	7	0	r	f
13317	Coldmine Miner	52	53	7	0	f	r
13318	Commander Mortimer	61	61	7	0	f	r
13319	Commander Duffy	61	61	7	0	f	r
13320	Commander Karl Philips	61	61	7	0	f	r
13321	Frog	1	1	8	1	y	y
13322	Hydraxian Honor Guard	57	58	4	0	y	y
13323	Subterranean Diemetradon	46	48	1	0	r	r
13324	Seasoned Guardsman	58	58	7	0	f	r
13325	Seasoned Mountaineer	56	56	7	0	f	r
13326	Seasoned Defender	59	59	7	0	f	r
13327	Seasoned Sentinel	56	56	7	0	f	r
13328	Seasoned Guardian	59	59	7	0	r	f
13329	Seasoned Legionnaire	58	58	7	0	r	f
13330	Seasoned Warrior	56	56	7	0	r	f
13331	Veteran Defender	60	60	7	0	f	r
13332	Veteran Guardian	60	60	7	0	r	f
13333	Veteran Guardsman	59	59	7	0	f	r
13334	Veteran Legionnaire	59	59	7	0	r	f
13335	Veteran Mountaineer	57	57	7	0	f	r
13336	Veteran Sentinel	57	57	7	0	f	r
13337	Veteran Warrior	57	57	7	0	r	f
13338	Core Rat	1	1	8	1	y	y
13339	Warrior 60	60	60	2	0	y	y
13356	Stormpike Mine Layer	61	61	7	0	f	r
13357	Frostwolf Mine Layer	61	61	7	0	r	f
13358	Stormpike Bowman	59	60	7	0	f	r
13359	Frostwolf Bowman	59	60	7	0	r	f
13377	Master Engineer Zinfizzlex	60	60	7	1	f	f
13378	Frostwolf Shredder Unit	60	60	9	0	r	f
13396	Irondeep Miner	52	53	7	0	f	r
13397	Irondeep Peon	52	53	7	0	r	f
13416	Stormpike Shredder Unit	60	60	9	0	f	r
13417	Sagorne Creststrider	50	50	7	1	r	f
13418	Kaymard Copperpinch	30	30	7	1	f	f
13419	Ivus the Forest Lord	61	61	7	0	y	y
13420	Penney Copperpinch	30	30	7	1	f	f
13421	Champion Guardian	61	61	7	0	r	f
13422	Champion Defender	61	61	7	0	f	r
13424	Champion Guardsman	60	60	7	0	f	r
13425	Champion Legionnaire	60	60	7	0	r	f
13426	Champion Mountaineer	58	58	7	0	f	r
13427	Champion Sentinel	58	58	7	0	f	r
13428	Champion Warrior	58	58	7	0	r	f
13429	Nardstrum Copperpinch	30	30	7	1	f	f
13430	Jaycrue Copperpinch	30	30	7	1	f	f
13431	Whulwert Copperpinch	30	30	7	1	r	f
13432	Seersa Copperpinch	30	30	7	1	f	f
13433	Wulmort Jinglepocket	30	30	7	1	f	f
13434	Macey Jinglepocket	30	30	7	1	f	f
13435	Khole Jinglepocket	30	30	7	1	f	f
13436	Guchie Jinglepocket	30	30	7	1	f	f
13437	Wing Commander Ichman	60	60	7	1	f	r
13438	Wing Commander Slidore	58	58	7	1	f	r
13439	Wing Commander Vipore	59	59	7	1	f	r
13440	Frostwolf Wolf Rider	58	58	7	0	r	f
13441	Frostwolf Wolf Rider Commander	60	60	7	0	r	f
13442	Arch Druid Renferal	60	60	7	0	f	r
13443	Druid of the Grove	60	60	7	0	f	r
13444	Greatfather Winter	30	30	7	1	f	f
13445	Great-father Winter	30	30	7	1	r	f
13446	Field Marshal Teravaine	61	61	7	0	f	r
13447	Corporal Noreg Stormpike	58	59	7	0	f	r
13448	Sergeant Yazra Bloodsnarl	56	57	7	0	r	f
13449	Warmaster Garrick	61	61	7	0	r	f
13456	Noxxion's Spawn	46	46	4	0	r	r
13476	Balai Lok'Wein	43	43	7	1	r	f
13477	Noxxion Trigger	1	1	10	1	f	f
13496	Risen Ancient	61	61	10	0	f	r
13516	Frostwolf Outrunner	58	58	7	0	f	f
13517	Seasoned Outrunner	59	59	7	0	r	f
13518	Veteran Outrunner	60	60	7	0	r	f
13519	Champion Outrunner	61	61	7	0	r	f
13520	Stormpike Ranger	58	58	7	0	f	f
13521	Seasoned Ranger	59	59	7	0	f	r
13522	Veteran Ranger	60	60	7	0	f	r
13523	Champion Ranger	61	61	7	0	f	r
13524	Stormpike Commando	58	58	7	0	f	r
13525	Seasoned Commando	59	59	7	0	y	y
13526	Veteran Commando	60	60	7	0	y	y
13527	Champion Commando	61	61	7	0	y	y
13528	Frostwolf Reaver	59	59	7	0	r	f
13529	Seasoned Reaver	59	59	7	0	y	y
13530	Veteran Reaver	60	60	7	0	y	y
13531	Champion Reaver	61	61	7	0	r	f
13533	Spewed Larva	45	47	1	0	r	r
13534	Seasoned Coldmine Guard	56	57	7	0	r	f
13535	Veteran Coldmine Guard	58	59	7	0	r	f
13536	Champion Coldmine Guard	60	60	7	0	r	f
13537	Seasoned Coldmine Surveyor	56	57	7	0	r	f
13538	Veteran Coldmine Surveyor	58	59	7	0	r	f
13539	Champion Coldmine Surveyor	60	60	7	0	r	f
13540	Seasoned Irondeep Explorer	56	57	7	0	r	f
13541	Veteran Irondeep Explorer	58	59	7	0	r	f
13542	Champion Irondeep Explorer	60	60	7	0	r	f
13543	Seasoned Irondeep Raider	56	57	7	0	r	f
13544	Veteran Irondeep Raider	58	59	7	0	r	f
13545	Champion Irondeep Raider	60	60	7	0	r	f
13546	Seasoned Coldmine Explorer	56	57	7	0	f	r
13547	Veteran Coldmine Explorer	58	59	7	0	f	r
13548	Champion Coldmine Explorer	60	60	7	0	f	r
13549	Seasoned Coldmine Invader	56	57	7	0	f	r
13550	Veteran Coldmine Invader	58	59	7	0	f	r
13551	Champion Coldmine Invader	60	60	7	0	f	r
13552	Seasoned Irondeep Guard	56	57	7	0	f	r
13553	Veteran Irondeep Guard	58	59	7	0	f	r
13554	Champion Irondeep Guard	60	60	7	0	f	r
13555	Seasoned Irondeep Surveyor	56	57	7	0	f	r
13556	Veteran Irondeep Surveyor	58	59	7	0	f	r
13557	Champion Irondeep Surveyor	60	60	7	0	f	r
13576	Stormpike Ram Rider	58	58	7	0	f	r
13577	Stormpike Ram Rider Commander	60	60	7	0	f	r
13596	Rotgrip	50	50	1	0	r	r
13597	Frostwolf Explosives Expert	59	59	7	0	r	f
13598	Stormpike Explosives Expert	60	60	7	0	f	r
13599	Stolid Snapjaw	46	47	1	0	y	y
13601	Tinkerer Gizlock	50	50	7	0	r	r
13602	The Abominable Greench	36	36	1	0	r	r
13616	Frostwolf Stable Master	60	60	7	0	r	f
13617	Stormpike Stable Master	60	60	7	0	f	r
13618	Stabled Frostwolf	50	51	1	0	r	f
13619	Gizlock's Dummy	1	1	9	1	f	f
13620	Gizlock	1	1	7	1	f	f
13636	Strange Snowman	35	35	10	1	f	f
13656	Willow	45	45	7	1	f	f
13676	Stabled Alterac Ram	50	51	1	0	f	r
13696	Noxxious Scion	45	46	4	0	r	r
13697	Cavindra	45	45	7	1	f	f
13698	Keeper Marandis	43	43	7	1	y	y
13699	Selendra	40	40	7	1	y	y
13716	Celebras the Redeemed	49	49	7	1	f	f
13717	Centaur Pariah	42	42	7	1	f	f
13718	The Nameless Prophet	41	41	7	0	r	r
13736	Noxxious Essence	45	46	4	0	r	r
13737	Marandis' Sister	36	36	7	1	y	y
13738	Veng	47	47	6	0	r	r
13739	Maraudos	46	46	6	0	r	r
13740	Magra	43	43	6	0	r	r
13741	Gelk	42	42	6	0	r	r
13742	Kolk	43	43	6	0	r	r
13743	Corrupt Force of Nature	44	44	4	0	r	r
13756	PvP Graveyard Credit Marker	60	60	10	1	f	f
13776	Corporal Teeka Bloodsnarl	56	57	7	0	r	f
13777	Sergeant Durgen Stormpike	58	59	7	0	f	r
13778	PvP Tower Credit Marker	60	60	10	1	f	f
13796	PvP Mine Credit Marker	60	60	10	1	f	f
13797	Mountaineer Boombellow	60	61	7	1	f	r
13798	Jotek	60	61	7	0	r	f
13816	Prospector Stonehewer	61	61	7	0	f	r
13817	Voggah Deathgrip	61	61	7	1	r	f
13836	Burning Blade Nightmare	40	40	3	1	y	y
13837	Captured Stallion	40	40	1	1	y	y
13838	Testing Totem	10	10	11	0	y	y
13839	Royal Dreadguard	60	60	7	0	r	f
13840	Warmaster Laggrond	61	61	7	0	r	f
13841	Lieutenant Haggerdin	61	61	7	1	f	r
13842	Frostwolf Ambassador Rokhstrom	60	60	7	1	r	f
13843	Lieutenant Rotimer	60	60	7	1	f	r
13856	Alliance Res Fixer	60	60	7	0	f	y
13857	Horde Res Fixer	60	60	7	0	y	f
13876	Mekgineer Trigger	1	1	10	1	f	f
13896	Scalebeard	52	52	1	0	y	y
13916	Dire Maul Crystal Totem	1	1	11	0	r	r
13917	Izzy Coppergrab	55	55	7	1	y	y
13936	Ravenholdt	1	1	10	1	y	y
13956	Winterax Mystic	58	58	7	0	r	r
13957	Winterax Warrior	58	59	7	0	r	r
13958	Winterax Seer	59	59	7	0	r	r
13959	Alterac Yeti	61	61	7	0	r	r
13976	Tortured Drake	40	40	2	0	y	y
13977	Gash'nak the Cannibal	61	61	7	0	r	r
13996	Blackwing Technician	60	60	7	0	r	r
14016	Ushalac the Gloomdweller	61	61	7	0	r	r
14017	Withered Troll	59	60	7	0	r	r
14018	Rezrelek	61	61	7	0	r	r
14019	Tatterhide	61	61	7	0	r	r
14020	Chromaggus	63	63	2	0	r	r
14021	Winterax Sentry	60	60	10	1	r	r
14022	Corrupted Red Whelp	60	60	2	0	r	r
14023	Corrupted Green Whelp	60	60	2	0	r	r
14024	Corrupted Blue Whelp	60	60	2	0	r	r
14025	Corrupted Bronze Whelp	60	60	2	0	r	r
14026	Trigger Guse	60	60	10	1	f	f
14027	Trigger Mulverick	60	60	10	1	f	f
14028	Trigger Jeztor	60	60	10	1	f	f
14029	Trigger Ichman	60	60	10	1	f	f
14030	Trigger Slidore	60	60	10	1	f	f
14031	Trigger Vipore	60	60	10	1	f	f
14041	Haggle	20	20	7	0	f	r
14042	Rytama	61	61	7	0	f	f
14061	Phase Lasher (Fire)	54	55	4	0	r	r
14062	Phase Lasher (Nature)	54	55	4	0	r	r
14063	Phase Lasher (Arcane)	54	55	4	0	r	r
14081	Demon Portal	61	61	10	0	r	r
14101	Enraged Felguard	60	60	3	0	r	r
14121	Deeprun Diver	20	20	7	1	f	r
14122	Massive Geyser	60	60	10	0	r	r
14123	Steeljaw Snapper	42	43	1	0	y	y
14141	Stormpike Reclaimer	58	58	7	0	f	r
14142	Frostwolf Reclaimer	58	58	7	0	r	f
14143	Ar'lia	61	61	7	0	f	f
14144	Taroen	61	61	7	0	f	f
14145	Ja'ker	61	61	7	0	f	f
14146	Urrul	61	61	7	0	f	f
14147	Lorael	61	61	7	0	f	f
14148	Fre'an	61	61	7	0	f	f
14161	Karana	61	61	7	0	f	f
14162	RaidMage	60	60	7	0	r	r
14181	[PH] Graveyard Herald	1	1	7	0	f	f
14182	Bounty Hunter Kolark	60	60	7	1	r	f
14183	Artilleryman Sheldonore	60	60	7	1	f	r
14184	Phase Lasher (Frost)	54	55	4	0	r	r
14185	Najak Hexxen	59	59	7	0	r	f
14186	Ravak Grimtotem	60	60	7	0	r	f
14187	Athramanis	60	60	7	0	f	r
14188	Dirk Swindle	59	59	7	0	f	r
14201	[UNUSED] Sid Stuco	20	20	7	0	f	r
14221	Gravis Slipknot	36	36	7	0	r	r
14222	Araga	35	35	1	0	r	r
14223	Cranky Benj	32	32	1	0	y	y
14224	7:XT	41	41	9	0	y	y
14225	Prince Kellen	33	33	3	0	r	r
14226	Kaskk	40	40	3	0	r	r
14227	Hissperak	37	37	1	0	r	r
14228	Giggler	34	34	1	0	r	r
14229	Accursed Slitherblade	35	35	7	0	r	r
14230	Burgle Eye	38	38	7	0	r	r
14231	Drogoth the Roamer	37	37	4	0	r	r
14232	Dart	38	38	1	0	r	r
14233	Ripscale	39	39	1	0	r	r
14234	Hayoc	41	41	1	0	r	r
14235	The Rot	43	43	10	0	r	r
14236	Lord Angler	44	44	7	0	r	r
14237	Oozeworm	42	42	1	0	r	r
14241	Ironbark the Redeemed	58	58	4	0	f	f
14242	[UNUSED] Sulhasa	55	55	7	0	r	f
14261	Blue Drakonid	60	60	7	0	r	r
14262	Green Drakonid	60	60	7	0	r	r
14263	Bronze Drakonid	60	60	7	0	r	r
14264	Red Drakonid	60	60	7	0	r	r
14265	Black Drakonid	60	60	7	0	r	r
14266	Shanda the Spinner	19	19	1	0	r	r
14267	Emogg the Crusher	19	19	7	0	r	r
14268	Lord Condar	15	16	1	0	r	r
14269	Seeker Aqualon	21	21	4	0	r	r
14270	Squiddic	19	19	7	0	r	r
14271	Ribchaser	17	17	7	0	r	r
14272	Snarlflare	18	18	2	0	r	r
14273	Boulderheart	25	25	5	0	r	r
14274	Winterax Tracker	1	1	1	0	f	f
14275	Tamra Stormpike	28	28	7	0	f	r
14276	Scargil	30	30	7	0	r	r
14277	Lady Zephris	33	33	7	0	r	r
14278	Ro'Bark	28	28	7	0	r	r
14279	Creepthess	24	24	1	0	r	r
14280	Big Samras	27	27	1	0	r	r
14281	Jimmy the Bleeder	23	23	7	0	r	r
14282	Frostwolf Bloodhound	53	54	1	0	r	f
14283	Stormpike Owl	53	54	1	0	f	r
14284	Stormpike Battleguard	61	61	7	0	f	r
14285	Frostwolf Battleguard	61	61	7	0	r	f
14301	Brinna Valanaar	45	45	7	1	f	r
14302	Chromatic Drakonid	60	60	7	0	r	r
14303	Petrified Guardian	57	59	4	0	r	r
14304	Kor'kron Elite	60	60	7	0	r	f
14305	Human Orphan	4	4	7	1	f	r
14306	Eskhandar	60	60	1	0	f	f
14307	Black Drakonid Spawner	1	1	10	1	f	f
14308	Ferra	60	60	1	0	r	r
14309	Red Drakonid Spawner	1	1	10	1	f	f
14310	Green Drakonid Spawner	1	1	10	1	f	f
14311	Bronze Drakonid Spawner	1	1	10	1	f	f
14312	Blue Drakonid Spawner	1	1	10	1	f	f
14321	Guard Fengus	59	59	7	0	r	r
14322	Stomper Kreeg	59	59	7	0	r	r
14323	Guard Slip'kik	59	59	7	0	r	r
14324	Cho'Rush the Observer	60	60	7	0	r	r
14325	Captain Kromcrush	61	61	7	0	r	r
14326	Guard Mol'dar	59	59	7	0	r	r
14327	Lethtendris	57	57	7	0	r	r
14329	Black War Wolf	1	1	1	1	f	f
14330	Black War Raptor	1	1	1	1	f	f
14331	Red Skeletal Warhorse	1	1	6	1	f	f
14332	Black War Steed	1	1	1	1	f	f
14333	Black War Kodo	1	1	1	1	f	f
14334	Black Battlestrider	1	1	9	1	f	f
14335	Black War Ram	1	1	1	1	f	f
14336	Black War Saber	1	1	1	1	f	f
14337	Field Repair Bot 74A	50	50	9	0	f	f
14338	Knot Thimblejack	50	50	7	1	f	f
14339	Death Howl	49	49	1	0	r	r
14340	Alshirr Banebreath	54	54	3	0	r	r
14341	Felendor the Accuser	53	54	7	0	r	r
14342	Ragepaw	51	51	7	0	r	r
14343	Olm the Wise	52	52	1	0	y	y
14344	Mongress	50	50	1	0	r	r
14345	The Ongar	51	51	10	0	r	r
14346	Captain Greshkil	52	53	3	0	r	r
14347	Highlord Demitrian	62	62	7	1	f	f
14348	Earthcaller Franzahl	62	62	7	1	f	f
14349	Pimgib	56	56	7	0	r	r
14350	Hydroling	57	57	4	0	r	r
14351	Gordok Bushwacker	58	59	7	0	r	r
14352	Duke Landressar	63	63	4	0	r	r
14353	Mizzle the Crafty	60	60	7	1	f	f
14354	Pusillin	57	57	3	1	f	f
14355	Azj'Tordin	60	60	7	1	y	y
14356	Sawfin Frenzy	38	40	1	0	r	r
14357	Lake Thresher	25	25	1	0	r	r
14358	Shen'dralar Ancient	60	60	6	1	y	y
14361	Shen'dralar Wisp	1	1	8	1	y	y
14362	Thornling	60	60	4	0	f	r
14363	Thief Catcher Shadowdelve	60	60	7	0	f	r
14364	Shen'dralar Spirit	56	58	6	1	y	y
14365	Thief Catcher Farmountain	60	60	7	0	f	r
14366	Warpwood Spores	60	60	10	0	r	r
14367	Thief Catcher Thunderbrew	60	60	7	0	f	r
14368	Lorekeeper Lydros	60	60	7	1	y	y
14369	Shen'dralar Zealot	59	59	7	1	y	y
14370	Cadaverous Worm	60	60	10	0	r	r
14371	Shen'dralar Provisioner	52	52	7	1	y	y
14372	Winterfall Ambusher	56	57	7	0	r	r
14373	Sage Korolusk	59	59	7	1	r	f
14374	Scholar Runethorn	59	59	7	1	f	r
14375	Scout Stronghand	60	60	7	0	r	f
14376	Scout Manslayer	60	60	7	0	r	f
14377	Scout Tharr	60	60	7	0	r	f
14378	Huntress Skymane	60	60	7	0	f	r
14379	Huntress Ravenoak	60	60	7	0	f	r
14380	Huntress Leafrunner	60	60	7	0	f	r
14381	Lorekeeper Javon	60	60	7	1	y	y
14382	Lorekeeper Mykos	60	60	7	1	y	y
14383	Lorekeeper Kildrath	58	58	7	1	y	y
14385	Doomguard Minion	59	60	3	0	r	r
14386	Wandering Eye of Kilrogg	60	60	3	0	r	r
14387	Lothos Riftwaker	60	60	7	1	f	f
14388	Rogue Black Drake	50	52	2	0	r	r
14389	Netherwalker	60	60	3	0	r	r
14390	Expeditionary Mountaineer	36	40	7	0	f	r
14391	Dire Maul Reaver Post	1	1	10	0	f	f
14392	Overlord Runthak	60	60	7	1	r	f
14393	Expeditionary Priest	37	42	7	0	f	r
14394	Major Mattingly	60	60	7	1	f	r
14395	Griniblix the Spectator	57	58	7	0	f	f
14396	Eye of Immol'thar	59	59	10	0	r	r
14397	Mana Burst	59	60	4	0	r	r
14398	Eldreth Darter	58	59	2	0	r	r
14399	Arcane Torrent	59	60	4	0	r	r
14400	Arcane Feedback	59	60	4	0	r	r
14401	Master Elemental Shaper Krixix	60	60	7	0	r	r
14402	Seeker Cromwell	60	60	7	0	r	f
14403	Seeker Nahr	60	60	7	0	r	f
14404	Seeker Thompson	60	60	7	0	r	f
14406	Roving Kodo	36	37	1	0	y	y
14421	Brown Prairie Dog	1	1	1	1	y	y
14422	BRD Trigger	1	1	10	1	f	f
14423	Officer Jaxon	60	60	7	0	f	r
14424	Mirelow	25	25	4	0	r	r
14425	Gnawbone	24	24	7	0	r	r
14426	Harb Foulmountain	27	27	7	0	r	r
14427	Gibblesnik	28	28	7	0	r	r
14428	Uruson	7	7	7	0	r	r
14429	Grimmaw	11	11	7	0	r	r
14430	Duskstalker	9	9	1	0	r	r
14431	Fury Shelda	8	8	7	0	r	r
14432	Threggil	6	6	3	0	r	r
14433	Sludginn	30	30	10	0	r	r
14434	Alarm-o-Bot	1	1	10	0	r	r
14435	Prince Thunderaan	63	63	4	1	r	r
14436	Mor'zul Bloodbringer	61	61	7	0	f	f
14437	Gorzeeki Wildeyes	55	55	7	0	f	f
14438	Officer Pomeroy	60	60	7	0	f	r
14439	Officer Brady	60	60	7	0	f	r
14440	Hunter Sagewind	60	60	7	0	r	f
14441	Hunter Ragetotem	60	60	7	0	r	f
14442	Hunter Thunderhorn	60	60	7	0	r	f
14443	Doomguard Tap Trigger	1	1	10	1	f	f
14444	Orcish Orphan	4	4	7	0	r	f
14445	Lord Captain Wyrmak	45	45	2	0	r	r
14446	Fingat	43	43	7	0	r	r
14447	Gilmorian	43	43	7	0	r	r
14448	Molt Thorn	42	42	4	0	r	r
14449	Blackwing Orb Trigger	1	1	10	0	f	f
14450	Orphan Matron Nightingale	10	10	7	1	f	r
14451	Orphan Matron Battlewail	10	10	7	1	r	f
14452	Enslaved Doomguard Commander	61	61	3	1	r	r
14453	Orb of Domination	1	1	10	0	f	f
14454	The Windreaver	60	60	4	0	r	r
14455	Whirling Invader	57	58	4	0	r	r
14456	Blackwing Guardsman	61	61	7	0	r	r
14457	Princess Tempestria	60	60	4	0	r	r
14458	Watery Invader	56	58	4	0	r	r
14459	Nefarian's Troops	1	1	10	0	f	f
14460	Blazing Invader	54	56	4	0	r	r
14461	Baron Charr	58	58	4	0	r	r
14462	Thundering Invader	55	57	4	0	r	r
14463	Daio the Decrepit	60	60	7	1	f	f
14464	Avalanchion	58	58	4	0	r	r
14465	Alliance Battle Standard	1	1	10	0	f	r
14466	Horde Battle Standard	1	1	10	0	r	f
14467	Kroshius	55	55	3	1	r	r
14469	Niby the Almighty	56	56	7	1	f	f
14470	Impsy	56	56	3	1	f	f
14471	Setis	61	61	7	0	r	r
14472	Gretheer	57	57	1	0	r	r
14473	Lapress	60	60	10	0	r	r
14474	Zora	59	59	10	0	r	r
14475	Rex Ashil	57	57	10	0	r	r
14476	Krellack	56	56	1	0	r	r
14477	Grubthor	58	58	1	0	r	r
14478	Huricanian	58	58	4	0	r	r
14479	Twilight Lord Everun	60	60	7	0	r	r
14480	Alowicious Czervik	10	10	7	1	r	f
14481	Emmithue Smails	10	10	7	1	f	r
14482	Xorothian Imp	59	60	3	0	r	r
14483	Dread Guard	60	60	3	0	r	r
14484	Injured Peasant	51	52	6	1	f	f
14485	Plagued Peasant	52	53	6	1	f	f
14486	Scourge Footsoldier	57	59	6	0	r	r
14487	Gluggle	37	37	7	0	r	r
14488	Roloch	38	38	7	0	r	r
14489	Scourge Archer	60	60	6	0	r	r
14490	Rippa	44	44	1	0	r	r
14491	Kurmokk	42	42	1	0	r	r
14492	Verifonix	42	42	7	0	y	y
14493	Priest Epic Event Caller	1	1	7	1	f	f
14494	Eris Havenfire	60	60	6	1	f	f
14495	Invisible Trigger One	60	60	10	1	f	f
14496	Stormwind Orphan	1	3	7	1	f	r
14497	Shellene	20	20	7	1	f	r
14498	Tosamina	34	34	7	1	r	f
14499	Horde Orphan	1	3	7	1	r	f
14500	J'eevee	58	58	3	0	f	f
14501	Warlock Mount Ritual Mob Type 3, Infernal (DND)	1	1	3	0	f	f
14502	Xorothian Dreadsteed	62	62	3	0	r	r
14503	The Cleaner	63	63	3	0	r	r
14504	Dreadsteed Spirit	60	60	3	0	y	y
14505	Riding Horse (Dreadsteed)	1	1	3	1	f	f
14506	Lord Hel'nurath	62	62	3	0	r	r
14507	High Priest Venoxis	63	63	7	0	r	r
14508	Short John Mithril	47	47	7	0	f	f
14509	High Priest Thekal	63	63	7	0	r	r
14510	High Priestess Mar'li	63	63	7	0	r	r
14511	Shadowed Spirit	60	60	6	0	r	r
14512	Corrupted Spirit	59	60	6	0	r	r
14513	Malicious Spirit	59	60	6	0	r	r
14514	Banal Spirit	60	60	6	0	r	r
14515	High Priestess Arlokk	63	63	7	0	r	r
14516	Death Knight Darkreaver	62	62	6	0	r	r
14517	High Priestess Jeklik	63	63	7	0	r	r
14518	Aspect of Banality	60	60	6	0	r	r
14519	Aspect of Corruption	60	60	6	0	r	r
14520	Aspect of Malice	60	60	6	0	r	r
14521	Aspect of Shadow	60	60	6	0	r	r
14522	Ur'dan	54	54	7	0	r	r
14523	Ulathek	57	57	7	0	r	r
14524	Vartrus the Ancient	63	63	10	1	y	y
14525	Stoma the Ancient	63	63	10	1	y	y
14526	Hastat the Ancient	63	63	10	1	y	y
14527	Simone the Inconspicuous	60	60	3	1	y	y
14528	Precious	60	60	3	1	y	y
14529	Franklin the Friendly	60	60	3	1	y	y
14530	Solenor the Slayer	60	60	3	0	r	r
14531	Artorius the Amiable	60	60	3	1	y	y
14532	Razzashi Venombrood	60	60	1	0	r	r
14533	Simone the Seductress	60	60	3	0	r	r
14534	Klinfran the Crazed	60	60	3	0	r	r
14535	Artorius the Doombringer	60	60	3	0	r	r
14536	Nelson the Nice	60	60	3	1	y	y
14538	Precious the Devourer	60	60	3	0	r	r
14539	Swift Timber Wolf	10	10	1	1	f	f
14540	Swift Brown Wolf	10	10	1	1	f	f
14541	Swift Gray Wolf	10	10	1	1	f	f
14542	Great White Kodo	1	2	1	1	f	f
14543	Swift Olive Raptor	1	2	1	1	f	f
14544	Swift Orange Raptor	1	2	1	1	f	f
14545	Swift Blue Raptor	1	2	1	1	f	f
14546	Swift Brown Ram	1	2	1	1	f	f
14547	Swift White Ram	1	2	1	1	f	f
14548	Swift Gray Ram	1	2	1	1	f	f
14549	Great Brown Kodo	1	2	1	1	f	f
14550	Great Gray Kodo	1	2	1	1	f	f
14551	Swift Yellow Mechanostrider	1	2	9	1	f	f
14552	Swift White Mechanostrider	1	2	9	1	f	f
14553	Swift Green Mechanostrider	1	2	9	1	f	f
14554	Swift Stripped Mechanostrider	1	1	9	1	f	f
14555	Swift Mistsaber	1	2	1	1	f	f
14556	Swift Frostsaber	1	2	1	1	f	f
14557	Swift Dawnsaber	1	1	1	1	f	f
14558	Purple Skeletal Warhorse	1	2	6	1	f	f
14559	Swift Palamino	1	2	1	1	f	f
14560	Swift White Steed	1	2	1	1	f	f
14561	Swift Brown Steed	1	2	1	1	f	f
14562	Swift Blue Mechanostrider	1	1	9	1	f	f
14563	Swift Red Mechanostrider	1	1	9	1	f	f
14564	Terrordale Spirit	59	60	6	0	r	r
14565	Riding Horse (Charger)	1	1	1	1	f	f
14566	Ancient Equine Spirit	60	60	1	1	f	f
14567	Derotain Mudsipper	52	52	7	1	y	y
14568	Darkreaver's Fallen Charger	60	60	1	1	f	f
14581	Sergeant Thunderhorn	55	55	7	0	f	f
14601	Ebonroc	63	63	2	0	r	r
14602	Swift Stormsaber	1	2	1	1	f	f
14603	Zapped Shore Strider	48	49	5	0	r	r
14604	Zapped Land Walker	48	49	5	0	r	r
14605	Bone Construct	60	60	6	0	r	r
14606	Drakonid Corpse Trigger	1	1	10	1	f	f
14621	Overseer Maltorius	50	50	7	0	r	r
14622	Thorium Brotherhood Lookout	50	52	7	1	y	y
14623	Warsong Gulch Battlemaster	1	1	7	0	f	f
14624	Master Smith Burninate	52	52	7	1	y	y
14625	Overseer Oilfist	60	60	7	1	y	y
14626	Taskmaster Scrange	54	54	7	1	y	y
14627	Hansel Heavyhands	53	53	7	1	y	y
14628	Evonice Sootsmoker	51	51	7	1	y	y
14629	Loggerhead Snapjaw	1	1	1	1	f	f
14630	Leatherback Snapjaw	1	1	1	1	f	f
14631	Olive Snapjaw	1	1	1	1	f	f
14632	Hawksbill Snapjaw	1	1	1	1	f	f
14633	Albino Snapjaw	1	1	1	1	f	f
14634	Lookout Captain Lolo Longstriker	59	59	7	1	y	y
14635	Sleepy Dark Iron Worker	1	1	7	0	f	f
14636	Chambermaid Pillaclencher	1	1	7	0	f	f
14637	Zorbin Fandazzle	40	40	7	1	f	f
14638	Zapped Wave Strider	47	48	5	0	r	r
14639	Zapped Deep Strider	47	49	5	0	r	r
14640	Zapped Cliff Giant	49	50	5	0	r	r
14641	[PH] Horde spell thrower	1	1	10	0	r	f
14642	[PH] Alliance Spell thrower	1	1	10	0	f	r
14643	[PH] Alliance Herald	60	60	7	0	f	r
14644	[PH] Horde Herald	60	60	7	0	r	f
14645	Warsong Gulch Herald	1	1	10	0	f	r
14646	Stratholme Trigger	60	60	10	1	y	y
14661	Stinglasher	47	47	10	0	r	r
14662	Corrupted Fire Nova Totem V	52	52	11	0	r	r
14663	Corrupted Stoneskin Totem VI	54	54	11	0	r	r
14664	Corrupted Healing Stream Totem V	60	60	11	0	r	r
14666	Corrupted Windfury Totem III	60	60	11	0	r	r
14667	Corrupted Totem	1	1	11	0	r	r
14668	Corrupted Infernal	60	60	3	0	r	r
14681	Transporter Malfunction	1	1	8	1	f	f
14682	Sever	25	25	6	0	f	f
14683	Baron Titus Rivendare	62	62	6	0	r	r
14684	Balzaphon	60	60	6	0	f	f
14685	Morbus	61	61	6	0	r	r
14686	Lady Falther'ess	40	40	6	0	f	f
14687	Soulless	61	61	6	0	r	r
14688	Master Sandoval	60	60	6	0	r	r
14689	Mana Elemental	59	60	4	0	r	r
14690	Revanchion	60	60	6	0	f	f
14691	Basalt	61	61	6	0	r	r
14692	Wollstonecraft	61	61	6	0	r	r
14693	Scorn	34	34	6	0	f	f
14694	Necrosis	61	61	6	0	r	r
14695	Lord Blackwood	60	60	6	0	f	f
14696	Stitched Behemoth	60	60	6	0	r	r
14697	Lumbering Horror	61	61	6	0	r	r
14698	Silent Stalker	57	59	6	0	r	r
14699	Spectral Soldier UNUSED	54	55	6	0	r	r
14700	Unclean Spirit	57	59	6	0	r	r
14701	Doom Wraith	54	55	6	0	r	r
14702	Wailing Widow	57	59	6	0	r	r
14703	Death Siren	56	57	6	0	r	r
14704	Skittering Dread	54	55	6	0	r	r
14705	Nerubian Webspinner	57	59	6	0	r	r
14706	Skeletal Shocktrooper UNUSED	54	55	6	0	r	r
14707	Bone Warder	57	59	6	0	r	r
14708	Decaying Warrior	57	59	6	0	r	r
14709	Blighted Dead	54	55	6	0	r	r
14710	Dread Sorcerer	55	56	6	0	r	r
14711	Plagued Eater UNUSED	57	59	6	0	r	r
14712	Midden Ghoul	55	56	6	0	r	r
14713	Putrid Flyer	57	59	6	0	r	r
14714	Winged Horror	56	57	6	0	r	r
14715	Silverwing Elite	55	55	7	0	f	r
14717	Horde Elite	55	55	7	0	r	f
14718	Horde Laborer	26	27	7	1	r	f
14719	[PH] Alliance Tower Lieutenant	60	60	7	0	f	r
14720	High Overlord Saurfang	62	62	7	0	r	f
14721	Field Marshal Afrasiabi	62	62	7	1	f	r
14722	Clavicus Knavingham	35	35	7	1	f	r
14723	Mistina Steelshield	35	35	7	1	f	r
14724	Bubulo Acerbus	35	35	7	1	f	r
14725	Raedon Duskstriker	35	35	7	1	f	r
14726	Rashona Straglash	35	35	7	1	r	f
14727	Vehena	35	35	7	1	r	f
14728	Rumstag Proudstrider	35	35	7	1	r	f
14729	Ralston Farnsley	35	35	7	1	r	f
14730	Revantusk Watcher	55	55	7	0	r	f
14731	Lard	48	48	7	1	r	f
14732	PvP CTF Credit Marker	60	60	10	1	f	f
14733	Sentinel Farsong	55	55	7	1	f	r
14734	Revantusk Drummer	50	50	7	1	r	f
14735	ggoodman's flag tester	63	63	7	0	f	f
14736	Primal Torntusk	60	60	7	1	r	f
14737	Smith Slagtree	47	47	7	1	r	f
14738	Otho Moji'ko	48	48	7	1	r	f
14739	Mystic Yayo'jin	48	48	7	1	r	f
14740	Katoom the Angler	42	42	7	1	r	f
14741	Huntsman Markhor	45	45	7	1	r	f
14742	Zap Farflinger	56	56	7	1	y	y
14743	Jhordy Lapforge	50	50	7	1	y	y
14744	Frostwolf Riding Wolf	1	1	1	1	r	f
14745	Stormpike Riding Ram	1	1	1	1	f	r
14746	[PH] Horde Tower Lieutenant	60	60	7	0	r	f
14748	Vilebranch Kidnapper	49	49	7	0	r	r
14750	Gurubashi Bat Rider	61	61	7	0	r	r
14751	Frostwolf Battle Standard	1	1	10	0	r	f
14752	Stormpike Battle Standard	1	1	10	0	f	r
14753	Illiyana Moonblaze	55	55	7	0	f	r
14754	Kelm Hargunth	55	55	7	0	r	f
14755	Tiny Green Dragon	1	1	1	1	f	f
14756	Tiny Red Dragon	1	1	1	1	f	f
14757	Elder Torntusk	48	48	7	1	r	f
14758	Zul'Gurub Trigger	60	60	10	1	r	r
14761	Creeping Doom	60	60	10	0	f	f
14762	Dun Baldar North Marshal	60	60	7	0	f	r
14763	Dun Baldar South Marshal	60	60	7	0	f	r
14764	Icewing Marshal	60	60	7	0	f	r
14765	Stonehearth Marshal	60	60	7	0	f	r
14766	Iceblood Marshal	60	60	7	0	f	r
14767	Tower Point Marshal	60	60	7	0	f	r
14768	East Frostwolf Marshal	60	60	7	0	f	r
14769	West Frostwolf Marshal	60	60	7	0	f	r
14770	Dun Baldar North Warmaster	60	60	7	0	r	f
14771	Dun Baldar South Warmaster	60	60	7	0	r	f
14772	East Frostwolf Warmaster	60	60	7	0	r	f
14773	Iceblood Warmaster	60	60	7	0	r	f
14774	Icewing Warmaster	60	60	7	0	r	f
14775	Stonehearth Warmaster	60	60	7	0	r	f
14776	Tower Point Warmaster	60	60	7	0	r	f
14777	West Frostwolf Warmaster	60	60	7	0	r	f
14781	Captain Shatterskull	55	55	7	0	r	f
14801	Wild Polymorph Target	3	3	8	1	f	f
14821	Razzashi Raptor	60	60	1	0	r	r
14822	Sayge	55	55	7	1	y	y
14823	Silas Darkmoon	61	61	7	1	y	y
14824	GGOODMAN	1	1	7	0	y	y
14825	Withered Mistress	60	60	6	0	r	r
14826	Sacrificed Troll	60	60	6	0	r	r
14827	Burth	60	60	7	1	y	y
14828	Gelvas Grimegate	25	25	7	1	y	y
14829	Yebb Neblegear	55	55	7	1	y	y
14830	Unkillable Test Dummy 60 Warrior	60	60	7	0	y	y
14831	Unkillable Test Dummy 63 Warrior	63	63	7	0	y	y
14832	Kerri Hicks	55	55	7	0	y	y
14833	Chronos	55	55	7	1	y	y
14834	Hakkar	63	63	10	0	r	r
14841	Rinling	55	55	7	1	y	y
14842	Melnan Darkstone	30	30	7	1	y	y
14843	Kruban Darkblade	30	30	7	1	y	y
14844	Sylannia	35	35	7	1	y	y
14845	Stamp Thunderhorn	35	35	7	1	y	y
14846	Lhara	35	35	7	1	y	y
14847	Professor Thaddeus Paleo	35	35	7	1	y	y
14848	Herald	60	60	10	1	f	f
14849	Darkmoon Faire Carnie	25	25	7	1	y	y
14850	Gruk	1	1	7	1	r	f
14851	Bog	1	1	7	0	r	f
14852	Throk	1	1	7	0	r	f
14853	Torg	1	1	7	0	r	f
14854	Kall	1	1	7	0	r	f
14855	Dagg	1	1	7	0	r	f
14856	Mott	1	1	7	0	r	f
14857	Erk	2	2	7	1	r	f
14858	Progk	1	1	7	0	r	f
14859	Guard Taruc	40	40	7	0	r	f
14860	Flik	4	4	7	1	y	y
14861	Blood Steward of Kirtonos	61	61	3	0	r	r
14862	Emissary Roman'khan	63	63	10	0	r	r
14864	Khaz Modan Ram	5	5	1	1	y	y
14865	Felinni	10	10	1	1	y	y
14866	Flik's Frog	5	5	1	1	y	y
14867	Jubjub	5	5	1	1	y	y
14868	Hornsley	8	8	1	1	y	y
14869	Pygmy Cockatrice	1	1	1	1	y	y
14870	Stoneclaw Totem TEST	60	60	11	0	f	f
14871	Morja	12	12	7	1	y	y
14872	Trok	2	2	7	1	r	f
14873	Okla	1	1	7	1	r	f
14874	Karu	1	1	7	1	r	f
14875	Molthor	60	60	7	1	y	y
14876	Zandalar Headshrinker	60	60	7	1	y	y
14877	High Priest Venoxis Transform Visual	1	1	7	0	f	f
14878	Jubling	5	5	1	1	r	f
14879	Arathi Basin Battlemaster	1	1	7	0	f	f
14880	Razzashi Skitterer	56	58	1	0	r	r
14881	Spider	1	1	8	0	y	y
14882	Atal'ai Mistress	60	60	7	0	r	r
14883	Voodoo Slave	60	60	7	0	r	r
14884	Parasitic Serpent	1	1	1	0	r	r
14885	[PH] Jon LeCraft	60	60	7	0	f	f
14886	The Good Rabbit	5	5	8	0	f	f
14887	Ysondre	63	63	2	0	r	r
14888	Lethon	63	63	2	0	r	r
14889	Emeriss	63	63	2	0	r	r
14890	Taerar	63	63	2	0	r	r
14892	Fang	1	1	8	1	r	f
14893	Guard Kurall	40	40	7	0	r	f
14894	Swarm of bees	1	1	10	1	r	f
14901	Peon	4	4	7	1	r	f
14902	Jin'rokh the Breaker	60	60	7	1	y	y
14903	Al'tabim the All-Seeing	60	60	7	1	y	y
14904	Maywiki of Zuldazar	60	60	7	1	y	y
14905	Falthir the Sightless	60	60	7	1	y	y
14906	Test Guy	1	1	7	0	f	f
14908	Mogg	1	1	7	1	r	f
14909	Pooka	15	15	7	1	r	f
14910	Exzhal	60	60	7	1	y	y
14911	Zandalar Enforcer	60	60	7	1	y	y
14912	Captured Hakkari Zealot	60	60	7	1	y	y
14913	TEST DUDE	1	1	7	0	f	f
14921	Rin'wosho the Trader	56	56	7	1	y	y
14941	High Priestess Jeklik Transform Visual	1	1	7	0	f	f
14942	Kartra Bloodsnarl	61	61	7	0	r	f
14943	Guse's War Rider	60	60	1	0	y	y
14944	Jeztor's War Rider	60	60	1	0	y	y
14945	Mulverick's War Rider	60	60	1	0	y	y
14946	Slidore's Gryphon	60	60	1	0	y	y
14947	Ichman's Gryphon	60	60	1	0	y	y
14948	Vipore's Gryphon	60	60	1	0	y	y
14961	Mirvyna Jinglepocket	30	30	7	1	f	f
14962	Dillord Copperpinch	30	30	7	1	f	f
14963	Gapp Jinglepocket	30	30	7	1	f	f
14964	Hecht Copperpinch	30	30	7	1	f	f
14965	Frenzied Bloodseeker Bat	60	60	1	0	r	r
14966	High Priest Thekal Transform Visual	1	1	7	0	f	f
14967	High Priestess Mar'li Transform Visual	1	1	7	0	f	f
14968	High Priestess Arlokk Transform Visual	1	1	7	0	f	f
14981	Elfarran	61	61	7	0	f	r
14982	Lylandris	61	61	7	0	f	r
14983	Field Marshal Oslight	62	62	7	0	f	r
14984	Sergeant Maclear	62	62	7	0	f	r
14986	Shade of Jin'do	60	60	6	0	r	r
14987	Powerful Healing Ward	60	60	10	0	r	r
14988	Ohgan	60	60	1	0	r	r
14989	Poisonous Cloud	60	60	10	0	r	r
14990	Defilers Emissary	40	40	7	1	r	f
14991	League of Arathor Emissary	40	40	7	1	f	r
14994	Zandalarian Event Generator	1	1	10	1	f	f
15001	PvP A-Mid Credit Marker	1	1	10	1	f	f
15002	PvP Mid Credit Marker	1	1	10	1	f	f
15003	PvP H-Mid Credit Marker	1	1	10	1	f	f
15004	PvP ALT-S Credit Marker	1	1	10	1	f	f
15005	PvP ALT-N Credit Marker	1	1	10	1	f	f
15006	Deze Snowbane	61	61	7	0	r	f
15007	Sir Malory Wheeler	61	61	7	0	r	f
15008	Lady Hoteshem	61	61	7	0	f	r
15009	Voodoo Spirit	60	60	7	0	r	r
15010	Jungle Toad	1	1	8	1	y	y
15011	Wagner Hammerstrike	55	55	7	1	f	r
15012	Javnir Nashak	55	55	7	1	r	f
15021	Deathmaster Dwire	62	62	7	0	r	f
15022	Deathstalker Mortis	62	62	7	0	r	f
15041	Spawn of Mar'li	60	60	1	0	r	r
15042	Zanza the Restless	60	60	7	1	y	y
15043	Zulian Crocolisk	60	60	1	0	r	r
15045	Arathi Farmer	5	5	10	1	r	r
15046	Forsaken Farmer	5	5	10	1	y	y
15047	Gurubashi	63	63	10	0	r	r
15061	Spirit of Jin'do	1	1	7	1	r	r
15062	Arathi Lumberjack	5	5	10	1	y	y
15063	Arathi Blacksmith	5	5	10	1	f	r
15064	Forsaken Blacksmith	5	5	10	1	y	y
15065	Lady	5	5	8	1	y	y
15066	Cleo	5	5	8	1	y	y
15067	Zulian Stalker	61	61	1	0	r	r
15068	Zulian Guardian	60	60	1	0	r	r
15069	Heart of Hakkar	63	63	10	0	f	f
15070	Vinchaxa	60	60	7	1	y	y
15071	Underfoot	5	5	8	1	y	y
15072	Spike	5	5	8	1	y	y
15073	Pat's Hellfire Guy	1	1	10	0	f	f
15074	Arathi Miner	5	5	10	1	y	y
15075	Forsaken Miner	5	5	10	1	r	f
15076	Zandalarian Emissary	55	55	7	1	y	y
15077	Riggle Bassbait	50	50	7	1	f	f
15078	Jang	50	50	7	1	f	f
15079	Fishbot 5000	50	50	9	1	f	f
15080	Servant of the Hand	60	60	7	1	y	y
15081	Gri'lek	45	46	6	0	r	r
15082	Gri'lek	63	63	6	0	r	r
15083	Hazza'rah	63	63	6	0	r	r
15084	Renataki	63	63	6	0	r	r
15085	Wushoolay	63	63	6	0	r	r
15086	Arathi Stablehand	5	5	10	1	y	y
15087	Forsaken Stablehand	5	5	10	1	y	y
15088	Booty Bay Elite	61	61	7	0	y	y
15089	Forsaken Lumberjack	5	5	10	1	y	y
15090	Swift Razzashi Raptor	1	1	1	1	f	f
15091	Zul'Gurub Panther Trigger	60	60	10	1	r	r
15101	Zulian Prowler	60	60	1	0	r	r
15102	Silverwing Emissary	22	23	7	1	f	r
15103	Stormpike Emissary	55	55	7	1	f	r
15104	Swift Zulian Tiger	1	1	1	1	f	f
15105	Warsong Emissary	30	30	7	1	r	f
15106	Frostwolf Emissary	55	55	7	1	r	f
15107	Arathi Horse	5	5	10	1	y	y
15108	Forsaken Horse	1	2	10	1	y	y
15109	Primal Blessing Visual	1	1	1	1	f	f
15110	Gurubashi Prisoner	60	60	7	0	f	f
15111	Mad Servant	61	61	3	0	r	r
15112	Brain Wash Totem	60	60	11	0	r	f
15113	Honored Hero	60	60	10	1	f	f
15114	Gahz'ranka	63	63	10	0	r	r
15115	Honored Ancestor	60	60	10	1	f	f
15116	Grinkle	50	50	7	1	r	f
15117	Chained Spirit	60	60	6	0	f	f
15118	Master Angler Form	38	40	1	0	f	f
15119	Barrus	50	50	7	1	f	r
15121	Skeletal Magelord	51	51	6	0	r	r
15122	Gahz'ranka Dead	1	1	10	1	f	f
15123	[PH] Kris Zierhut	60	60	7	0	f	f
15124	Targot Jinglepocket	30	30	7	1	f	f
15125	Kosco Copperpinch	30	30	7	1	f	f
15126	Rutherford Twing	55	55	7	0	r	f
15127	Samuel Hawke	55	55	7	0	f	r
15128	Defiler Elite	55	55	7	0	r	f
15130	League of Arathor Elite	55	55	7	0	f	r
15131	Qeeju	45	45	7	1	r	f
15133	Killable Test Dummy 60 Warrior	60	60	7	0	y	y
15134	Outlands Test Dummy Warrior 70	70	70	7	0	y	y
15135	Chromatic Drake Mount	1	2	2	0	f	f
15136	Hammerfall Elite	55	55	7	0	r	f
15137	Menethil Elite	55	55	7	0	f	r
15138	Silverpine Elite	55	55	7	0	r	f
15139	Gahz'ranka Herald	1	1	10	1	f	f
15140	Pat's Splash Guy	60	60	10	0	f	f
15141	Portal of Madness	1	1	10	0	f	f
15142	Outlands Test Dummy Warrior 60	60	60	7	0	y	y
15143	Outlands Test Dummy Warrior 63	63	63	7	0	y	y
15144	Outlands Test Dummy Warrior 65	65	65	7	0	y	y
15145	Outlands Test Dummy Warrior 67	67	67	7	0	y	y
15146	Mad Voidwalker	60	60	3	0	r	r
15151	Outlands Test Dummy Warrior 55	55	55	7	0	y	y
15152	Outlands Test Dummy Warrior 56	56	56	7	0	y	y
15153	Outlands Test Dummy Warrior 57	57	57	7	0	y	y
15154	Outlands Test Dummy Warrior 58	58	58	7	0	y	y
15155	Outlands Test Dummy Warrior 59	59	59	7	0	y	y
15156	Outlands Test Dummy Warrior 61	61	61	7	0	y	y
15157	Outlands Test Dummy Warrior 62	62	62	7	0	y	y
15158	Outlands Test Dummy Warrior 64	64	64	7	0	y	y
15159	Outlands Test Dummy Warrior 66	66	66	7	0	y	y
15160	Outlands Test Dummy Warrior 68	68	68	7	0	y	y
15161	Outlands Test Dummy Warrior 69	69	69	7	0	y	y
15162	Scarlet Inquisitor	61	61	7	0	r	r
15163	Nightmare Illusion	60	60	6	0	r	r
15164	Mulgore Trigger	60	60	10	1	r	r
15165	Haughty Modiste	51	51	7	1	y	y
15166	[PH] Luis Barriga	60	60	7	0	f	f
15167	[PH] Luis Test NPC	45	45	7	0	y	y
15168	Vile Scarab	55	55	10	0	y	y
15169	Ralo'shan the Eternal Watcher	60	60	7	1	y	y
15170	Rutgar Glyphshaper	60	60	7	1	f	f
15171	Frankal Stonebridge	60	60	7	1	f	f
15172	Glibb	62	62	1	1	f	f
15173	Outlands Test Dummy Warrior 54	54	54	7	0	y	y
15174	Calandrath	54	54	7	1	y	y
15175	Khur Hornstriker	57	57	7	1	y	y
15176	Vargus	57	57	7	1	y	y
15177	Cloud Skydancer	55	55	7	1	f	r
15178	Runk Windtamer	55	55	7	1	r	f
15179	Mishta	58	58	7	1	y	y
15180	Baristolth of the Shifting Sands	60	60	7	1	y	y
15181	Commander Mar'alith	62	62	7	1	y	y
15182	Vish Kozus	61	61	7	0	y	y
15183	Geologist Larksbane	60	60	7	1	y	y
15184	Cenarion Hold Infantry	60	60	7	0	y	y
15185	Brood of Nozdormu	62	62	2	1	y	y
15186	Murky	1	1	1	1	y	y
15187	Cenarion Emissary Jademoon	55	55	7	1	y	y
15188	Cenarion Emissary Blackhoof	55	55	7	0	y	y
15189	Beetix Ficklespragg	56	57	7	0	f	f
15190	Noggle Ficklespragg	55	56	7	0	f	f
15191	Windcaller Proudhorn	55	57	7	1	y	y
15192	Anachronos	63	63	2	1	y	y
15193	The Banshee Queen	63	63	7	0	r	f
15194	Hermit Ortell	56	58	7	0	f	f
15195	Wickerman Guardian	60	60	6	0	r	f
15196	Deathclasp	59	59	1	0	r	r
15197	Darkcaller Yanka	60	60	7	1	r	f
15198	Blackwing	63	63	10	0	f	f
15199	Sergeant Hartman	60	60	7	1	f	r
15200	Twilight Keeper Mayna	60	60	7	0	r	r
15201	Twilight Flamereaver	60	60	7	0	r	r
15202	Vyral the Vile	61	61	7	0	r	r
15203	Prince Skaldrenox	63	63	7	0	r	r
15204	High Marshal Whirlaxis	63	63	1	0	r	r
15205	Baron Kazum	63	63	5	0	r	r
15206	The Duke of Cynders	62	62	7	0	r	r
15207	The Duke of Fathoms	62	62	10	0	r	r
15208	The Duke of Shards	62	62	5	0	r	r
15209	Crimson Templar	60	60	4	0	r	r
15210	Vulculon UNUSED	62	62	7	0	r	r
15211	Azure Templar	60	60	4	0	r	r
15212	Hoary Templar	60	60	4	0	r	r
15213	Twilight Overlord	60	61	7	0	r	r
15214	Invisible Stalker	1	1	10	1	f	f
15215	Mistress Natalia Mar'alith	62	62	7	0	r	r
15216	Male Ghost	1	1	7	0	f	f
15217	Female Ghost	1	1	7	0	f	f
15218	Faire Cannon Trigger	60	60	10	1	r	r
15219	Trick - Critter	1	1	8	0	y	y
15220	The Duke of Zephyrs	62	62	1	0	r	r
15221	Frankal Invisible Trigger	1	1	10	1	f	f
15222	Rutgar Invisible Trigger	1	1	10	1	f	f
15223	[PH] [UNUSED] Lord Inquisitor Opalezzix	63	63	7	0	r	r
15224	Dream Fog	63	63	10	0	r	r
15226	[UNUSED] Vekniss Builder	60	61	10	0	r	r
15227	[UNUSED] Vekniss Hiveshaper	61	61	10	0	r	r
15228	[UNUSED] Vekniss Wellborer	61	61	10	0	r	r
15229	Vekniss Soldier	61	61	10	0	r	r
15230	Vekniss Warrior	61	61	10	0	r	r
15231	[UNUSED] Vekniss Patroller	61	61	10	0	r	r
15232	[UNUSED] Vekniss Eradicator	61	61	10	0	r	r
15233	Vekniss Guardian	61	61	10	0	r	r
15234	[UNUSED] Vekniss Swarmer	61	61	10	0	r	r
15235	Vekniss Stinger	62	62	10	0	r	r
15236	Vekniss Wasp	60	60	10	0	r	r
15237	[UNUSED] Vekniss Wrathstinger	61	61	10	0	r	r
15238	[UNUSED] Vekniss Hive Reaver	61	61	10	0	r	r
15239	[UNUSED] Vekniss Hive Lurker	61	61	10	0	r	r
15240	Vekniss Hive Crawler	62	62	10	0	r	r
15241	[UNUSED] Vekniss Crusher	61	61	10	0	r	r
15242	[UNUSED] Vekniss Demolisher	61	61	10	0	r	r
15243	[UNUSED] Vekniss Wasprider	61	61	10	0	r	r
15244	[UNUSED] Vekniss Hive Raider	61	61	10	0	r	r
15245	[UNUSED] Vekniss Waspguard	61	61	10	0	r	r
15246	Qiraji Mindslayer	61	61	10	0	r	r
15247	Qiraji Brainwasher	61	61	10	0	r	r
15248	[UNUSED] Qiraji Soulbender	61	61	10	0	r	r
15249	Qiraji Lasher	61	61	10	0	r	r
15250	Qiraji Slayer	61	61	10	0	r	r
15251	[UNUSED] Qiraji Slaymaster	61	61	10	0	r	r
15252	Qiraji Champion	63	63	10	0	r	r
15253	[UNUSED] Qiraji Champion	61	61	10	0	r	r
15254	[UNUSED] Qiraji Captain	61	61	10	0	r	r
15255	[UNUSED] Qiraji Officer	61	61	10	0	r	r
15256	[UNUSED] Qiraji Commander	61	61	10	0	r	r
15257	[UNUSED] Qiraji Honor Guard	61	61	10	0	r	r
15258	[UNUSED] Qiraji Praetor	61	61	10	0	r	r
15259	[UNUSED] Qiraji Imperator	61	61	10	0	r	r
15260	Demented Druid Spirit	60	60	10	0	r	r
15261	Spirit Shade	60	60	10	0	r	r
15262	Obsidian Eradicator	60	60	10	0	r	r
15263	The Prophet Skeram	63	63	10	0	r	r
15264	Anubisath Sentinel	61	61	10	0	r	r
15270	Huum Wildmane	60	60	7	1	y	y
15275	Emperor Vek'nilash	63	63	7	0	r	r
15276	Emperor Vek'lor	63	63	7	0	r	r
15277	Anubisath Defender	62	62	10	0	r	r
15282	Aurel Goldleaf	60	60	7	1	y	y
15286	Xil'xix	62	62	10	0	r	r
15288	Aluntir	62	62	10	0	r	r
15290	Arakis	62	62	10	0	r	r
15293	Aendel Windspear	60	60	7	0	y	y
15299	Viscidus	63	63	10	0	r	r
15300	Vekniss Drone	60	60	10	0	r	r
15302	Shade of Taerar	63	63	2	0	r	r
15303	Maxima Blastenheimer	35	35	7	1	y	y
15304	Ancient Mana Spring Totem	1	60	11	0	y	y
15305	Lord Skwol	63	63	10	0	r	r
15306	Bor Wildmane	56	58	7	1	y	y
15307	Earthen Templar	60	60	4	0	r	r
15308	Twilight Prophet	60	60	7	0	r	r
15309	Spoops	1	1	7	1	r	f
15310	Jesper	1	1	7	1	f	r
15311	Anubisath Warder	63	63	10	0	r	r
15312	Obsidian Nullifier	61	61	10	0	r	r
15313	Moonkin (Druid - Night Elf)	1	1	7	0	f	f
15314	Moonkin (Druid - Tauren)	1	1	7	0	f	f
15315	Mylini Frostmoon	55	55	7	1	f	r
15316	Qiraji Scarab	60	60	10	0	y	y
15317	Qiraji Scorpion	60	60	10	0	y	y
15318	Hive'Zara Drone	60	60	10	0	r	r
15319	Hive'Zara Collector	60	60	10	0	r	r
15320	Hive'Zara Soldier	61	61	10	0	r	r
15322	[UNUSED] Hive'Zara Ambusher	61	61	10	0	r	r
15323	Hive'Zara Sandstalker	61	61	10	0	r	r
15324	Qiraji Gladiator	61	61	10	0	r	r
15325	Hive'Zara Wasp	61	61	10	0	r	r
15326	[UNUSED] Hive'Zara Swarmer	61	61	10	0	r	r
15327	Hive'Zara Stinger	61	61	10	0	r	r
15328	Steam Tonk	1	1	9	0	f	f
15329	[UNUSED] Hive'Zara Scout	61	61	10	0	r	r
15330	[UNUSED] Sand Borer	61	61	10	0	r	r
15331	[UNUSED] Dune Tunneler	61	61	10	0	r	r
15332	[UNUSED] Crystal Feeder	61	61	1	0	r	r
15333	Silicate Feeder	55	55	1	0	y	y
15334	Giant Eye Tentacle	60	60	10	0	r	r
15335	Flesh Hunter	62	62	10	0	r	r
15336	Hive'Zara Tail Lasher	61	61	10	0	r	r
15337	[UNUSED] Sand Mold	61	61	10	0	r	r
15338	Obsidian Destroyer	61	61	4	0	r	r
15339	Ossirian the Unscarred	63	63	10	0	r	r
15340	Moam	63	63	10	0	r	r
15341	General Rajaxx	63	63	10	0	r	r
15342	[UNUSED] Sphinx	61	61	4	0	r	r
15343	Qiraji Swarmguard	61	61	10	0	r	r
15344	Swarmguard Needler	61	61	10	0	r	r
15345	[UNUSED] Daughter of Hecate	61	61	10	0	r	r
15346	[UNUSED] Qiraji Wasprider	61	61	10	0	r	r
15347	[UNUSED] Qiraji Wasplord	61	61	10	0	r	r
15348	Kurinnaxx	63	63	10	0	r	r
15349	RC Blimp <PH>	1	1	9	0	f	f
15350	Horde Warbringer	60	60	7	1	r	f
15351	Alliance Brigadier General	60	60	7	1	f	r
15352	Corrupted Water Elemental	60	60	4	0	r	r
15353	Katrina Shimmerstar	30	30	7	1	f	r
15354	Rachelle Gothena	30	30	7	1	r	f
15355	Anubisath Guardian	62	62	10	0	r	r
15356	Blue Baby Murloc	1	1	7	0	y	y
15357	Purple Baby Murloc	1	1	7	0	y	y
15358	White Baby Murloc	1	1	7	0	y	y
15359	Pink Baby Murloc	1	1	7	0	y	y
15360	Green Baby Murloc	1	1	7	0	y	y
15361	Murki	1	1	1	0	y	y
15362	Malfurion Stormrage	63	63	7	1	y	y
15363	Spirit Totem	35	35	11	0	f	f
15364	RC Mortar Tank <PH>	1	1	9	0	f	f
15368	Tonk Mine	60	60	9	0	f	f
15369	Ayamiss the Hunter	63	63	10	0	r	r
15370	Buru the Gorger	63	63	10	0	r	r
15373	Halloween Pirate Captain	1	1	7	0	f	f
15374	Halloween Undead Pirate	1	1	6	0	f	f
15375	Halloween Pirate Female	1	1	7	0	f	f
15376	Halloween Male Ghost	1	1	6	0	f	f
15377	Halloween Female Ghost	1	1	6	0	f	f
15378	Merithra of the Dream	63	63	2	1	f	f
15379	Caelestrasz	63	63	2	1	f	f
15380	Arygos	63	63	2	1	f	f
15381	Anachronos the Ancient	63	63	2	1	y	y
15382	Fandral Staghelm	63	63	7	1	f	f
15383	Sergeant Stonebrow	56	56	7	1	f	r
15384	World Trigger	60	60	10	1	r	r
15385	Colonel Zerran	63	63	10	0	r	r
15386	Major Yeggeth	63	63	10	0	r	r
15387	Qiraji Warrior	61	61	10	0	r	r
15388	Major Pakkon	63	63	10	0	r	r
15389	Captain Drenn	63	63	10	0	r	r
15390	Captain Xurrem	63	63	10	0	r	r
15391	Captain Qeez	63	63	10	0	r	r
15392	Captain Tuubid	63	63	10	0	r	r
15393	[UNUSED] Ruins Qiraji Gladiator Named 7	61	61	10	0	r	r
15394	Hero of the Horde	1	1	7	1	f	f
15395	Nafien	55	55	7	1	f	f
15410	Anachronos Dragon Form	1	1	2	1	f	f
15411	Arygos Dragon Form	1	1	2	0	f	f
15412	Caelestrasz Dragon Form	1	1	2	0	f	f
15413	Merithra Dragon Form	1	1	2	0	f	f
15414	Qiraji Wasp	60	60	10	0	r	r
15415	Southshore Stink Bomb Counter	1	1	10	1	f	f
15419	Kania	54	54	7	1	y	y
15421	Qiraji Drone	60	60	10	0	r	r
15422	Qiraji Tank	60	60	10	0	r	r
15423	Kaldorei Infantry	58	60	7	0	f	f
15424	Anubisath Conqueror	61	61	10	0	r	r
15425	Debug Point	1	1	10	0	f	f
15426	Ahn'Qiraj Trigger	60	60	10	1	r	r
15427	Merithra's Wake	1	1	10	0	f	f
15428	Sand Vortex	60	60	4	1	r	r
15429	Disgusting Oozeling	5	5	1	1	f	f
15431	Corporal Carnes	58	58	7	1	f	r
15432	Dame Twinbraid	60	60	7	1	f	r
15434	Private Draxlegauge	56	56	7	1	f	r
15435	Ironforge Brigade Mortarman	60	60	7	0	f	f
15436	Mortar Sergeant Stouthammer	1	1	7	0	f	f
15437	Master Nightsong	58	58	7	1	f	r
15440	Captain Blackanvil	60	60	7	0	f	r
15441	Ironforge Brigade Rifleman	60	60	7	0	f	r
15442	Ironforge Brigade Footman	60	60	7	0	f	r
15443	Janela Stouthammer	60	60	7	0	f	r
15444	Arcanist Nozzlespring	60	60	7	0	f	r
15445	Sergeant Major Germaine	60	60	7	1	f	r
15446	Bonnie Stoneflayer	56	56	7	1	f	r
15448	Private Porter	58	58	7	1	f	r
15449	Hive'Zora Abomination	60	60	10	0	r	r
15450	Marta Finespindle	60	60	7	1	f	r
15451	Sentinel Silversky	56	56	7	1	f	r
15452	Nurse Stonefield	58	58	7	1	f	r
15453	Keeper Moonshade	60	60	7	1	f	r
15454	Anachronos Quest Trigger Invisible	1	1	10	1	f	f
15455	Slicky Gastronome	56	56	7	1	f	r
15456	Sarah Sadwhistle	58	58	7	1	f	r
15457	Huntress Swiftriver	60	60	7	1	f	r
15458	Commander Stronghammer	60	60	7	1	r	f
15459	Miner Cromwell	56	56	7	1	r	f
15460	Grunt Maug	58	58	7	1	r	f
15461	Shrieker Scarab	60	60	10	0	r	r
15462	Spitting Scarab	60	60	10	0	r	r
15463	Grace of Air Totem III	60	60	11	0	f	f
15464	Strength of Earth Totem V	60	60	11	0	f	f
15466	Minion of Omen	59	60	3	0	r	r
15467	Omen	63	63	3	0	r	r
15469	Senior Sergeant T'kelah	60	60	7	1	f	f
15471	Lieutenant General Andorov	61	61	7	0	y	y
15472	[UNUSED] Deep Ooze	62	62	10	0	r	r
15473	Kaldorei Elite	60	60	7	0	y	y
15475	Beetle	1	1	8	1	y	y
15476	Scorpion	1	1	8	1	y	y
15477	Herbalist Proudfeather	56	56	7	1	r	f
15481	Spirit of Azuregos	63	63	2	0	y	y
15491	Eranikus, Tyrant of the Dream	63	63	2	0	r	r
15495	Nighthaven Defender	60	61	7	0	f	f
15498	Windcaller Yessendra	55	57	7	1	y	y
15499	Warden Haro	56	58	7	1	y	y
15500	Keyl Swiftclaw	60	60	7	0	y	y
15502	Andorgos	60	60	7	0	f	f
15503	Kandrostrasz	60	60	7	0	f	f
15504	Vethsera	60	60	7	0	f	f
15505	Canal Frenzy	60	60	1	0	r	r
15506	Stewvul	60	60	7	0	f	f
15507	Buru the Gorger Transform Visual	1	1	10	0	f	f
15508	Batrider Pele'keiki	58	58	7	1	r	f
15509	Princess Huhuran	63	63	10	0	r	r
15510	Fankriss the Unyielding	63	63	10	0	r	r
15511	Lord Kri	63	63	7	0	r	r
15512	Apothecary Jezel	60	60	7	1	f	f
15514	Buru Egg	55	55	10	1	r	r
15515	Skinner Jamani	56	56	7	1	f	f
15516	Battleguard Sartura	63	63	10	0	r	r
15517	Ouro	63	63	1	0	r	r
15518	Auctioneer Grum	1	1	7	0	f	r
15519	Auctioneer Bertram	1	1	7	0	f	r
15520	O'Reily	5	5	1	1	f	f
15521	Hive'Zara Hatchling	60	60	10	0	r	r
15522	Sergeant Umala	58	58	7	1	f	f
15524	Temporary Reindeer	1	1	1	1	f	f
15525	Doctor Serratus	60	60	7	1	f	f
15526	Meridith the Mermaiden	60	60	7	1	f	f
15527	Mana Fiend	60	60	4	1	r	r
15528	Healer Longrunner	56	56	7	1	r	f
15529	Lady Callow	58	58	7	1	f	f
15530	Twilight Master Xarvos	56	56	7	0	r	r
15532	Stoneguard Clayhoof	60	60	7	1	f	f
15533	Bloodguard Rawtar	56	56	7	1	r	f
15534	Fisherman Lin'do	58	58	7	1	f	f
15535	Chief Sharpclaw	60	60	7	1	r	f
15536	Noxxie Razzlebrack	56	57	7	0	f	f
15537	Anubisath Warrior	62	62	10	0	r	r
15538	Anubisath Swarmguard	62	62	10	0	r	r
15539	General Zog	60	60	7	1	f	f
15540	Windcaller Kaldon	60	60	7	0	y	y
15541	Twilight Marauder Morna	60	60	7	1	r	r
15542	Twilight Marauder	58	59	7	1	r	r
15543	Princess Yauj	63	63	1	0	r	r
15544	Vem	63	63	1	0	r	r
15545	Cenarion Outrider	60	60	7	0	y	y
15546	Hive'Zara Swarmer	60	60	10	0	r	r
15549	Elder Morndeep	60	60	7	0	f	f
15552	Doctor Weavil	63	63	7	1	r	r
15553	Doctor Weavil's Flying Machine	60	60	10	1	f	f
15554	Number Two	61	61	1	0	r	r
15555	Hive'Zara Larva	60	60	10	0	r	r
15556	Elder Splitrock	60	60	7	0	f	f
15557	Elder Rumblerock	60	60	7	0	f	f
15558	Elder Silvervein	60	60	7	0	f	f
15559	Elder Highpeak	60	60	7	0	f	f
15560	Elder Stonefort	60	60	7	0	f	f
15561	Elder Obsidian	60	60	7	0	f	f
15562	Elder Hammershout	60	60	7	0	f	f
15563	Elder Bellowrage	60	60	7	0	f	f
15564	Elder Darkcore	60	60	7	0	f	f
15565	Elder Stormbrow	60	60	7	0	f	f
15566	Elder Snowcrown	60	60	7	0	f	f
15567	Elder Ironband	60	60	7	0	f	f
15568	Elder Graveborn	60	60	7	0	f	f
15569	Elder Goldwell	60	60	7	0	f	f
15570	Elder Primestone	60	60	7	0	f	f
15571	Maws	63	63	1	0	y	y
15572	Elder Runetotem	60	60	7	0	f	f
15573	Elder Ragetotem	60	60	7	0	f	f
15574	Elder Stonespire	60	60	7	0	f	f
15575	Elder Bloodhoof	60	60	7	0	f	f
15576	Elder Winterhoof	60	60	7	0	f	f
15577	Elder Skychaser	60	60	7	0	f	f
15578	Elder Wildmane	60	60	7	0	f	f
15579	Elder Darkhorn	60	60	7	0	f	f
15580	Elder Proudhorn	60	60	7	0	f	f
15581	Elder Grimtotem	60	60	7	0	f	f
15582	Elder Windtotem	60	60	7	0	f	f
15583	Elder Thunderhorn	60	60	7	0	f	f
15584	Elder Skyseer	60	60	7	0	f	f
15585	Elder Dawnstrider	60	60	7	0	f	f
15586	Elder Dreamseer	60	60	7	0	f	f
15587	Elder Mistwalker	60	60	7	0	f	f
15588	Elder High Mountain	60	60	7	0	f	f
15589	Eye of C'Thun	63	63	10	0	r	r
15590	Ossirian Crystal Trigger	60	60	10	1	r	r
15591	Minion of Weavil	60	61	7	0	r	r
15592	Elder Windrun	60	60	7	0	f	f
15593	Elder Starsong	60	60	7	0	f	f
15594	Elder Moonstrike	60	60	7	0	f	f
15595	Elder Bladeleaf	60	60	7	0	f	f
15596	Elder Starglade	60	60	7	0	f	f
15597	Elder Moonwarden	60	60	7	0	f	f
15598	Elder Bladeswift	60	60	7	0	f	f
15599	Elder Bladesing	60	60	7	0	f	f
15600	Elder Skygleam	60	60	7	0	f	f
15601	Elder Starweave	60	60	7	0	f	f
15602	Elder Meadowrun	60	60	7	0	f	f
15603	Elder Nightwind	60	60	7	0	f	f
15604	Elder Morningdew	60	60	7	0	f	f
15605	Elder Riversong	60	60	7	0	f	f
15606	Elder Brightspear	60	60	7	0	f	f
15607	Elder Farwhisper	60	60	7	0	f	f
15608	Medivh	63	63	10	0	f	f
15609	Cenarion Scout Landion	60	60	7	0	y	y
15610	Cenarion Scout Azenel	60	60	7	0	y	y
15611	Cenarion Scout Jalia	60	60	7	0	y	y
15612	Krug Skullsplit	60	60	7	0	r	f
15613	Merok Longstride	60	60	7	0	r	f
15614	J.D. Shadesong	61	61	7	1	f	f
15615	Shadow Priestess Shai	60	60	7	0	r	f
15616	Orgrimmar Legion Grunt	60	60	7	0	r	f
15617	Orgrimmar Legion Axe Thrower	60	60	7	0	r	f
15618	Orgrimmar Legion Hexxer	60	60	7	0	f	y
15619	silithus test mob	60	60	7	0	f	y
15620	Hive'Regal Hunter-Killer	60	60	10	0	r	r
15621	Yauj Brood	60	60	10	0	r	r
15622	Vekniss Borer	60	60	10	0	r	r
15623	Xandivious	62	62	3	0	r	r
15624	Forest Wisp	6	8	10	1	f	f
15625	Twilight Corrupter	63	63	3	0	r	r
15626	Celestine Omencaller	60	60	7	0	y	y
15627	Jarod Shadowsong	63	63	7	0	y	y
15628	Eranikus the Redeemed	63	63	2	1	f	f
15629	Nightmare Phantasm	62	62	10	0	r	r
15630	Spawn of Fankriss	63	63	1	0	r	r
15631	Spotlight	60	60	10	0	f	f
15632	Test dude for 1.8	1	1	7	0	y	y
15633	Tyrande	63	63	7	1	f	f
15634	Priestess of the Moon	60	60	7	1	f	f
15659	Auctioneer Jaxon	50	50	7	1	f	r
15660	Eranikus Transformed	1	1	7	1	f	f
15661	Baby Shark	1	1	1	0	y	y
15663	War Effort Volunteer	30	30	7	1	f	r
15664	Metzen the Reindeer	5	5	1	1	f	f
15665	Mounted Reindeer	1	1	6	1	f	f
15666	Black Qiraji Battle Tank	1	1	10	1	f	f
15667	Glob of Viscidus	60	60	10	0	r	r
15672		50	50	7	0	r	f
15675	Auctioneer Stockton	50	50	7	1	r	f
15676	Auctioneer Yarly	50	50	7	1	r	f
15677	Auctioneer Graves	50	50	7	1	y	y
15678	Auctioneer Silva'las	50	50	7	1	f	r
15679	Auctioneer Cazarez	50	50	7	1	f	r
15680	Auctioneer Bernal	50	50	7	0	r	f
15681	Auctioneer O'reely	50	50	7	1	y	y
15682	Auctioneer Cain	50	50	7	1	r	f
15683	Auctioneer Naxxremis	50	50	7	1	r	f
15684	Auctioneer Tricket	50	50	7	1	r	f
15685	Southsea Kidnapper	45	45	7	0	r	r
15686	Auctioneer Rhyker	50	50	7	1	r	f
15692	Dark Iron Kidnapper	45	45	7	0	r	r
15693	Jonathan the Revelator	61	61	7	1	f	f
15694	Stormwind Reveler	1	60	7	0	f	f
15695	Vek Twins Trigger	60	60	10	1	r	r
15696	War Effort Recruit	30	30	7	1	f	f
15698	Father Winter's Helper	1	1	1	1	f	f
15699	Tranquil Mechanical Yeti	1	1	1	1	f	f
15700	Warlord Gorchuk	60	60	7	1	r	f
15701	Field Marshal Snowfall	60	60	7	1	f	r
15702	Senior Sergeant Taiga	60	60	7	1	r	f
15703	Senior Sergeant Grimsford	60	60	7	1	r	f
15704	Senior Sergeant Kai'jin	60	60	7	1	r	f
15705	Winter's Little Helper	1	1	10	1	f	f
15706	Winter Reindeer	1	1	1	1	f	r
15707	Master Sergeant Fizzlebolt	60	60	7	1	f	r
15708	Master Sergeant Maclure	60	60	7	1	f	r
15709	Master Sergeant Moonshadow	60	60	7	1	f	r
15710	Tiny Snowman	1	1	1	1	f	f
15711	Black Qiraji Battle Tank	1	1	10	1	f	f
15712	Dirt Mound	60	60	10	0	r	r
15713	Blue Qiraji Battle Tank	1	1	10	0	f	f
15714	Yellow Qiraji Battle Tank	1	1	10	1	f	f
15715	Green Qiraji Battle Tank	1	1	10	1	f	f
15716	Red Qiraji Battle Tank	1	1	10	1	f	f
15717	Ouro Trigger	1	1	10	1	f	f
15718	Ouro Scarab	60	60	10	0	r	r
15719	Thunder Bluff Reveler	1	60	7	0	f	f
15720	Timbermaw Ancestor	60	60	6	1	f	r
15721	Mechanical Greench	58	58	1	0	f	f
15722	Squire Leoren Mal'derath	60	60	7	1	y	y
15723	Booty Bay Reveler	1	60	7	0	f	f
15724	Drunken Bruiser	57	57	7	1	y	y
15725	Claw Tentacle	60	60	10	0	r	r
15726	Eye Tentacle	60	60	10	0	r	r
15727	C'Thun	63	63	10	0	r	r
15728	Giant Claw Tentacle	60	60	10	0	r	r
15729	Father Winter's Helper (BIG) gm	1	1	10	1	f	f
15730	Pat's Snowcloud Guy	60	60	10	1	r	r
15731	Darnassus Commendation Officer	55	55	7	1	f	r
15732	Wonderform Operator	30	30	7	1	f	f
15733	Gnomeregan Commendation Officer	55	55	7	1	f	r
15734	Ironforge Commendation Officer	55	55	7	1	f	r
15735	Stormwind Commendation Officer	55	55	7	1	f	r
15736	Orgrimmar Commendation Officer	55	55	7	1	r	f
15737	Darkspear Commendation Officer	55	55	7	1	r	f
15738	Undercity Commendation Officer	55	55	7	1	f	f
15739	Thunder Bluff Commendation Officer	55	55	7	1	f	f
15740	Colossus of Zora	63	63	10	0	r	r
15741	Colossus of Regal	63	63	10	0	r	r
15742	Colossus of Ashi	63	63	10	0	r	r
15743	Colossal Anubisath Warbringer	61	62	10	0	r	r
15744	Imperial Qiraji Destroyer	62	62	10	0	r	r
15745	Greatfather Winter's Helper	30	30	7	1	f	r
15746	Great-father Winter's Helper	30	30	7	1	f	f
15747	Qiraji Captain	35	35	10	0	r	r
15748	Lesser Anubisath Warbringer	33	35	10	0	r	r
15749	Lesser Silithid Flayer	29	31	10	0	r	r
15750	Qiraji Major	45	48	10	0	r	r
15751	Anubisath Warbringer	43	45	10	0	r	r
15752	Silithid Flayer	40	44	10	0	r	r
15753	Qiraji Brigadier General	60	60	10	0	r	r
15754	Greater Anubisath Warbringer	58	59	10	0	r	r
15756	Greater Silithid Flayer	54	57	10	0	r	r
15757	Qiraji Lieutenant General	63	63	10	0	r	r
15758	Supreme Anubisath Warbringer	62	62	10	0	r	r
15759	Supreme Silithid Flayer	60	61	10	0	r	r
15760	Winter Reveler	30	40	7	0	f	f
15761	Officer Vu'Shalay	55	55	7	1	r	f
15762	Officer Lunalight	55	55	7	1	f	r
15763	Officer Porterhouse	55	55	7	1	f	r
15764	Officer Ironbeard	55	55	7	1	f	r
15765	Officer Redblade	55	55	7	1	r	f
15766	Officer Maloof	55	55	7	1	f	r
15767	Officer Thunderstrider	55	55	7	1	r	f
15768	Officer Gothena	55	55	7	1	r	f
15769	Resonating Crystal	35	35	10	0	r	r
15770	Greater Resonating Crystal	45	45	10	0	r	r
15771	Major Resonating Crystal	63	63	10	0	r	r
15772	Christmas Darkmaster Gandling	1	1	7	0	f	f
15773	Christmas Cannon Master Willey	60	60	7	0	r	r
15774	Christmas Prince Tortheldrin	1	1	7	1	f	f
15775	Christmas Emperor Dagran Thaurissan	59	59	7	0	r	r
15776	Christmas Warchief Rend Blackhand	62	62	7	0	r	r
15777	Christmas War Master Voone	1	1	7	0	f	f
15778	Mouth Tentacle Mount Visual	1	1	10	0	f	f
15780	Human Male Winter Reveler	1	1	7	0	f	f
15781	Human Female Winter Reveler	1	1	7	0	f	f
15782	Dwarf Male Winter Reveler	1	1	7	0	f	f
15783	Dwarf Female Winter Reveler	1	1	7	0	f	f
15784	Night Elf Female Winter Reveler	1	1	7	0	f	f
15785	Troll Female Winter Reveler	1	1	7	0	f	f
15786	Orc Female Winter Reveler	1	1	7	0	f	f
15787	Goblin Female Winter Reveler	1	1	7	0	f	f
15788	Undead Female Winter Reveler	1	1	7	0	f	f
15789	Tauren Female Winter Reveler	1	1	7	0	f	f
15790	Undead Male Winter Reveler	1	1	7	0	f	f
15791	Orc Male Winter Reveler	1	1	7	0	f	f
15792	Troll Male Winter Reveler	1	1	7	0	f	f
15793	Tauren Male Winter Reveler	1	1	7	0	f	f
15794	Night Elf Male Winter Reveler	1	1	7	0	f	f
15795	Goblin Male Winter Reveler	1	1	7	0	f	f
15796	Christmas Goraluk Anvilcrack	61	61	7	0	r	r
15797	Colossus Researcher Sophia	60	60	7	1	f	f
15798	Colossus Researcher Nestor	60	60	7	1	f	f
15799	Colossus Researcher Eazel	60	60	7	1	f	f
15800	Exit Trigger	60	60	10	1	r	r
15801	GONG BOY DND DNR	1	11	10	1	f	f
15802	Flesh Tentacle	60	60	10	0	r	r
15803	Tranquil Air Totem	50	50	11	0	f	f
15804	Lesser Resonating Crystal	25	25	10	0	r	r
15805	Minor Resonating Crystal	15	15	10	0	r	r
15806	Qiraji Lieutenant	28	28	10	0	r	r
15807	Minor Anubisath Warbringer	25	25	10	0	r	r
15808	Minor Silithid Flayer	21	23	10	0	r	r
15809	C'Thun Transformation Visual	1	1	10	0	f	f
15810	Eroded Anubisath Warbringer	16	18	10	0	r	r
15811	Faltering Silithid Flayer	11	14	10	0	r	r
15812	Qiraji Officer	18	20	10	0	r	r
15813	Qiraji Officer Zod	20	20	10	0	r	r
15814	Qiraji Lieutenant Jo-rel	28	28	10	0	r	r
15815	Qiraji Captain Ka'ark	40	40	10	0	r	r
15816	Qiraji Major He'al-ie	50	50	10	0	r	r
15817	Qiraji Brigadier General Pax-lish	60	60	10	0	r	r
15818	Lieutenant General Nokhor	63	63	10	0	r	r
15832	Father Winter's Helper (BIG) rm	1	1	10	1	f	f
15835	Father Winter's Helper (BIG) rf	1	1	10	1	f	f
15838	Father Winter's Helper (BIG) gf	1	1	10	1	f	f
15839	Might of Kalimdor Grunt	13	15	7	0	f	f
15840	Might of Kalimdor Sergeant	15	17	7	0	f	f
15841	Might of Kalimdor Lieutenant	45	48	7	0	f	f
15842	Might of Kalimdor Mage	35	36	7	0	f	f
15843	Might of Kalimdor Priest	55	56	7	0	f	f
15844	Might of Kalimdor Restorer	1	1	7	0	f	f
15845	Might of Kalimdor Captain	1	1	7	0	f	f
15846	Might of Kalimdor Archer	45	46	7	0	f	f
15847	Might of Kalimdor Shaman	25	25	7	0	f	f
15848	Might of Kalimdor Infantry	56	59	7	0	f	f
15849	Might of Kalimdor Druid	35	36	7	0	f	f
15850	Might of Kalimdor Skirmisher	35	36	7	0	f	f
15851	Might of Kalimdor Marshal	59	60	7	0	f	f
15852	Orgrimmar Elite Shieldguard	60	61	7	0	f	f
15853	Orgrimmar Elite Infantryman	59	60	7	0	f	f
15854	Orgrimmar Elite Cavalryman	61	61	7	0	f	f
15855	Tauren Rifleman	60	60	7	0	f	f
15856	Tauren Primalist	60	60	7	0	f	f
15857	Stormwind Cavalryman	61	61	7	0	f	f
15858	Stormwind Infantryman	59	60	7	0	f	f
15859	Stormwind Archmage	62	62	7	0	f	f
15860	Kaldorei Marksman	60	60	7	0	f	f
15861	Ironforge Infantryman	59	60	7	0	f	f
15862	Ironforge Cavalryman	61	61	7	0	f	f
15863	Darkspear Shaman	60	60	7	0	f	f
15864	Valadar Starsong	55	55	7	1	f	f
15865	Might of Kalimdor Major	55	56	7	0	f	f
15866	High Commander Lynore Windstryke	63	63	7	0	f	f
15867	Might of Kalimdor Archmage	59	60	7	0	f	f
15868	Highlord Leoric Von Zeldig	63	63	7	0	f	f
15869	Malagav the Tactician	60	60	7	0	f	f
15870	Duke August Foehammer	63	63	7	0	f	f
15871	Elder Bronzebeard	60	60	7	0	f	f
15872	Pat's Firework Cluster Guy (BLUE)	1	1	10	0	f	f
15873	Pat's Firework Cluster Guy (RED)	1	1	10	0	f	f
15874	Pat's Firework Cluster Guy (GREEN)	1	1	10	0	f	f
15875	Pat's Firework Cluster Guy (PURPLE)	1	1	10	0	f	f
15876	Pat's Firework Cluster Guy (WHITE)	1	1	10	0	f	f
15877	Pat's Firework Cluster Guy (YELLOW)	1	1	10	0	f	f
15878	Warcaller Finster	1	1	10	0	f	f
15879	Pat's Firework Guy - BLUE	1	1	10	0	f	f
15880	Pat's Firework Guy - GREEN	1	1	10	0	f	f
15881	Pat's Firework Guy - PURPLE	1	1	10	0	f	f
15882	Pat's Firework Guy - RED	60	60	10	0	f	f
15883	Pat's Firework Guy - YELLOW	60	60	10	0	f	f
15884	Pat's Firework Guy - WHITE	1	1	10	0	f	f
15885	Pat's Firework Guy - BLUE BIG	1	1	10	0	f	f
15886	Pat's Firework Guy - GREEN BIG	1	1	10	0	f	f
15887	Pat's Firework Guy - PURPLE BIG	1	1	10	0	f	f
15888	Pat's Firework Guy - RED BIG	1	1	10	0	f	f
15889	Pat's Firework Guy - WHITE BIG	1	1	10	0	f	f
15890	Pat's Firework Guy - YELLOW BIG	1	1	10	0	f	f
15891	Lunar Festival Herald	55	55	7	0	f	f
15892	Lunar Festival Emissary	55	55	7	0	f	f
15893	Lunar Firework Credit Marker	60	60	10	0	r	r
15894	Lunar Cluster Credit Marker	60	60	10	0	r	r
15895	Lunar Festival Harbinger	55	55	7	0	f	f
15896	C'Thun Portal	63	63	10	0	r	r
15897	Large Spotlight	60	60	10	0	f	f
15898	Lunar Festival Vendor	55	55	7	0	f	f
15899	Lunar Festival NE Vendor (PH)	55	55	7	0	f	f
15900	Lunar Festival NE Harbinger	55	55	7	0	f	f
15901	Vanquished Tentacle	60	60	10	0	f	f
15902	Giant Spotlight	60	60	10	0	f	f
15903	Sergeant Carnes	59	60	7	0	f	r
15904	Tentacle Portal	63	63	10	0	r	r
15905	Darnassus Reveler	1	60	7	0	f	f
15906	Ironforge Reveler	1	60	7	0	f	f
15907	Undercity Reveler	1	60	7	0	f	f
15908	Orgrimmar Reveler	1	60	7	0	f	f
15909	Fariel Starsong	60	60	7	0	f	f
15910	Giant Tentacle Portal	63	63	10	0	r	r
15911	Pat's Firework Cluster Guy (BLUE BIG)	1	1	10	0	f	f
15912	Pat's Firework Cluster Guy (GREEN BIG)	1	1	10	0	f	f
15913	Pat's Firework Cluster Guy (PURPLE BIG)	1	1	10	0	f	f
15914	Pat's Firework Cluster Guy (RED BIG)	1	1	10	0	f	f
15915	Pat's Firework Cluster Guy (WHITE BIG)	1	1	10	0	f	f
15916	Pat's Firework Cluster Guy (YELLOW BIG)	1	1	10	0	f	f
15917	Lunar Festival Reveler	55	55	7	0	f	f
15918	Pat's Firework Cluster Guy (ELUNE)	60	60	10	0	f	f
15922	Viscidus Trigger	60	60	10	1	f	f
15925	Toxic Slime	60	60	10	0	r	r
15928	Thaddius	63	63	6	0	r	r
15929	Stalagg	63	63	6	0	r	r
15930	Feugen	63	63	6	0	r	r
15931	Grobbulus	63	63	6	0	r	r
15932	Gluth	63	63	6	0	r	r
15933	Poison Cloud	60	60	10	0	r	r
15934	Hive'Zara Hornet	61	61	10	0	r	r
15936	Heigan the Unclean	63	63	6	0	r	r
15952	Maexxna	63	63	1	0	r	r
15953	Grand Widow Faerlina	63	63	7	0	r	r
15954	Noth the Plaguebringer	63	63	6	0	r	r
15956	Anub'Rekhan	63	63	6	0	r	r
15957	Ouro Spawner	60	60	10	0	r	r
15961	Lunar Festival Sentinel	60	60	7	0	y	y
15962	Vekniss Hatchling	60	60	1	0	r	r
15963	The Master's Eye	63	63	10	1	r	r
15964	Buru Egg Trigger	60	60	10	1	r	r
15972	Alterac Valley Battlemaster	1	1	7	0	f	f
15973	Naxxramas Template	1	1	10	0	f	f
15974	Dread Creeper	61	61	1	0	r	r
15975	Carrion Spinner	61	61	1	0	r	r
15976	Venom Stalker	61	61	1	0	r	r
15977	Infectious Skitterer	61	61	1	0	r	r
15978	Crypt Reaver	61	61	6	0	r	r
15979	Tomb Horror	61	61	6	0	r	r
15980	Naxxramas Cultist	61	61	7	0	r	r
15981	Naxxramas Acolyte	61	61	7	0	r	r
15982	[PH] Valentine Reveler, Male	1	60	7	0	f	f
15983	[PH] Valentine Reveler, Female	1	60	7	0	f	f
15984	Sartura's Royal Guard	61	61	10	0	r	r
15985	[PH] Eric Maloof Test Guy	1	1	7	0	f	f
15989	Sapphiron	63	63	6	0	r	r
15990	Kel'Thuzad	63	63	6	0	r	r
15991	Lady Dena Kennedy	60	60	7	0	f	r
15992	Sam's Test Dummy 1	1	1	7	0	y	y
15993	Sam's Test Dummy 2	1	1	7	0	y	y
15996	Sam's Test Dummy 1 (1)	1	1	7	0	y	y
15997	Sam's Test Dummy 2 (1)	1	1	7	0	y	y
15998	Sam's Test Dummy 1 (2)	1	1	7	0	y	y
15999	Sam's Test Dummy 2 (2)	1	1	7	0	y	y
16001	Aldris Fourclouds	5	5	7	1	f	y
16002	Colara Dean	5	5	7	1	f	r
16003	Deathguard Tor	5	5	7	1	f	f
16004	Elenia Haydon	5	5	7	1	r	f
16005	Lieutenant Jocryn Heldric	5	5	7	1	f	f
16006	InCombat Trigger	60	60	10	1	r	r
16007	Orok Deathbane	5	5	7	1	f	f
16008	Temma of the Wells	5	5	7	1	r	f
16009	Tormek Stoneriver	5	5	7	1	f	f
16011	Loatheb	63	63	6	0	r	r
16012	Mokvar	60	60	7	0	r	f
16013	Deliana	60	60	7	0	f	r
16014	Mux Manascrambler	60	60	7	0	y	y
16015	Vi'el	60	60	7	0	f	f
16016	Anthion Harmon	60	60	7	0	f	f
16017	Patchwork Golem	61	61	6	0	r	r
16018	Bile Retcher	61	61	6	0	r	r
16019	Boorana Thunderhoof	35	35	7	0	r	f
16020	Mad Scientist	61	61	6	0	r	r
16021	Living Monstrosity	62	62	6	0	r	r
16022	Surgical Assistant	60	60	6	0	r	r
16023	Allenya Moonshadow	35	35	7	0	f	r
16024	Embalming Slime	60	60	6	0	r	r
16025	Stitched Spewer	63	63	6	0	r	r
16026	Flesh Giant B [PH]	62	62	6	0	r	r
16027	Living Poison	61	61	6	1	r	r
16028	Patchwerk	63	63	6	0	r	r
16029	Sludge Belcher	62	62	6	0	r	r
16030	Maggot	1	1	8	1	y	y
16031	Ysida Harmon	60	60	7	0	y	y
16032	Falrin Treeshaper	60	60	7	0	y	y
16033	Bodley	60	60	7	0	f	f
16034	Plague Beast	61	61	4	0	r	r
16035	Bog Beast B [PH]	61	61	4	0	r	r
16036	Frenzied Bat	60	60	1	0	r	r
16037	Plagued Bat	60	60	1	0	r	r
16038	Deathhound	60	60	1	0	r	r
16039	Pack Trainer [PH]	61	61	6	0	r	r
16040	Pack Handler [PH]	61	61	6	0	r	r
16041	Shadowhound	60	60	1	0	r	r
16042	Lord Valthalak	63	63	7	0	r	r
16043	Magma Lord Bokk	60	60	4	0	r	r
16044	Mor Grayhoof Trigger	60	60	10	1	r	r
16045	Isalien Trigger	60	60	10	1	r	r
16046	Jarien and Sothos Trigger	60	60	10	1	f	f
16047	Kormok Trigger	60	60	10	1	f	f
16048	Lord Valthalak Trigger	60	60	10	1	r	r
16049	Lefty	60	60	7	0	r	r
16050	Rotfang	60	60	7	0	r	r
16051	Snokh Blackspine	60	60	7	0	r	r
16052	Malgen Longspear	60	60	7	0	r	r
16053	Korv	60	60	7	0	r	r
16054	Rezznik	60	60	7	0	r	r
16055	Va'jashni	60	60	7	0	r	r
16056	Diseased Maggot	60	60	1	0	r	r
16057	Rotting Maggot	60	60	1	0	r	r
16058	Volida	60	60	7	0	r	r
16059	Theldren	60	60	7	0	r	r
16060	Gothik the Harvester	63	63	6	0	r	r
16061	Instructor Razuvious	63	63	6	0	r	r
16062	Highlord Mograine	63	63	6	0	r	r
16063	Sir Zeliek	63	63	6	0	r	r
16064	Thane Korth'azz	63	63	6	0	r	r
16065	Lady Blaumeux	63	63	6	0	r	r
16066	Spectral Assassin	60	60	6	0	r	r
16067	Skeletal Steed	61	61	6	0	r	r
16068	Larva	1	1	8	1	y	y
16069	Gurky	1	1	1	1	y	y
16070	Garel Redrock	35	35	7	1	f	r
16072	Tidelord Rrurgaz	62	62	7	0	r	r
16073	Spirit of Lord Valthalak	63	63	7	0	f	f
16075	Kwee Q. Peddlefeet	1	1	7	0	f	f
16076	Tharl Stonebleeder	35	35	7	1	r	f
16077	[PH] Alex's Test DPS Mob	63	63	3	0	r	r
16078	Unkillable Fixed Damage Test Dummy	60	60	7	0	y	y
16079	Theldren Trigger	60	60	10	1	r	r
16080	Mor Grayhoof	60	60	7	0	r	r
16081	Spectral Gryphon	60	60	1	0	f	f
16082	Naxxramas Trigger	60	60	10	1	r	r
16083	Mor Grayhoof Transformation Visual	1	1	7	0	f	f
16084	picnic blanket	60	60	10	0	r	r
16085	Peddlefeet	1	1	10	1	f	f
16086	Flower Shower	1	1	10	0	f	f
16089	Omar the Test Kobold	60	60	7	0	r	r
16090	Rousch	48	48	7	1	f	f
16091	Dirk Thunderwood	60	60	7	1	y	y
16092	Silithis Teleporter	1	1	10	1	f	f
16093	Spectral Stalker	60	60	6	0	f	f
16094	Durik	30	30	7	1	r	f
16095	Gnashjaw	60	60	1	0	r	r
16096	Steamwheedle Bruiser	55	55	7	0	r	f
16097	Isalien	60	60	7	0	r	r
16098	Empyrean	60	60	1	0	r	r
16099	[PH] Naxxramas Test Boss	63	63	6	0	r	r
16100	Ysida's Trigger	60	60	10	1	f	f
16101	Jarien	59	60	6	0	r	r
16102	Sothos	60	60	6	0	r	r
16103	Spirit of Jarien	60	60	6	0	f	f
16104	Spirit of Sothos	60	60	6	0	f	f
16105	Aristan Mottar	5	5	7	1	f	r
16106	Evert Sorisam	5	5	7	1	f	r
16107	Apothecary Staffron Lerent	5	5	7	1	f	f
16108	Fenstad Argyle	5	5	7	1	r	f
16109	Mara Rennick	5	5	7	1	r	f
16110	Annalise Lerent	5	5	7	1	f	f
16111	Love Fool	1	1	9	1	f	f
16112	Korfax, Champion of the Light	60	60	7	0	y	y
16113	Father Inigo Montoy	60	60	7	1	y	y
16114	Scarlet Commander Marjhan	60	60	7	1	y	y
16115	Commander Eligor Dawnbringer	60	60	7	1	y	y
16116	Archmage Angela Dosantos	60	60	7	1	y	y
16117	Plagued Swine	60	60	1	0	y	y
16118	Kormok	58	60	7	0	r	r
16119	Bone Minion	60	60	6	0	r	r
16120	Bone Mage	60	60	6	0	r	r
16121	Mortar	1	1	9	0	r	r
16123	Gremnik Rizzlesprang	1	1	7	0	f	f
16124	Unrelenting Trainee	60	60	7	0	r	r
16125	Unrelenting Deathknight	61	61	6	0	r	r
16126	Unrelenting Rider	62	62	6	0	r	r
16127	Spectral Trainee	61	61	6	0	r	r
16128	Rhonin	63	63	7	0	f	f
16129	Shadow Fissure	60	60	10	1	r	r
16131	Rohan the Assassin	60	60	7	1	y	y
16132	Huntsman Leopold	60	60	7	1	y	y
16133	Mataus the Wrathcaster	60	60	7	1	y	y
16134	Rimblat Earthshatter	60	60	7	1	y	y
16135	Rayne	60	60	7	1	y	y
16136	Necrotic Shard	60	60	10	1	r	r
16137	Naxxramas Military Sub-Boss Trigger	60	60	10	1	r	r
16138	[UNUSED] Scourge Invasion Guardian	1	1	6	0	r	r
16139	Cenarion Hold Reservist	60	60	7	0	f	f
16140	[UNUSED] Necropolis Crystal, Buttress	60	60	10	0	r	r
16141	Ghoul Berserker	59	60	6	0	r	r
16142	Bile Sludge	62	62	10	0	r	r
16143	Shadow of Doom	60	60	6	0	r	r
16145	Deathknight Captain	61	61	6	0	r	r
16146	Deathknight	61	61	6	0	r	r
16148	Spectral Deathknight	62	62	6	0	r	r
16149	Spectral Horse	63	63	6	0	r	r
16150	Spectral Rider	63	63	6	0	r	r
16154	Risen Deathknight	61	61	6	0	r	r
16156	Dark Touched Warrior	61	61	6	0	r	r
16157	Doom Touched Warrior	61	61	7	0	r	r
16158	Death Touched Warrior	61	61	7	0	r	r
16163	Deathknight Cavalier	61	61	6	0	r	r
16164	Shade of Naxxramas	61	61	6	0	r	r
16165	Necro Knight	61	61	6	0	r	r
16166	Theldren Kill Credit	60	60	10	0	f	f
16167	Bony Construct	61	61	6	0	r	r
16168	Stoneskin Gargoyle	61	61	6	0	r	r
16172	Damaged Necrotic Shard	60	60	10	0	r	r
16182	Crystal Zapper	60	60	10	0	f	f
16184	Nerubian Overseer	60	60	6	0	r	r
16188	[UNUSED] Buttress Channeler	60	60	10	0	f	f
16193	Skeletal Smith	61	61	7	0	r	r
16194	Unholy Axe	61	61	6	0	r	r
16211	Naxxramas Combat Dummy	1	1	9	1	y	y
16212	Dispatch Commander Metz	60	60	7	0	y	y
16214	Necropolis Controller	1	1	10	0	f	f
16215	Unholy Staff	61	61	6	0	r	r
16216	Unholy Swords	61	61	6	0	r	r
16218	Tesla Coil	60	60	10	0	r	r
16225	Pack Mule	1	2	1	1	f	f
16226	Guard Didier	60	60	7	0	f	f
16227	Bragok	55	55	7	1	y	y
16228	Argent Dawn Infantry	59	60	7	0	y	y
16229	Injured Argent Dawn Infantry	59	60	7	0	y	y
16230	Cultist Engineer	60	60	10	0	y	y
16232	Caravan Mule	50	50	1	1	f	f
16233	Plaguewing Slug	61	61	10	0	y	y
16234	Flesh Ripper	61	61	10	0	r	r
16235	Plague Flesh Tentacle	61	61	10	0	r	r
16236	Eye Stalk	61	61	10	0	r	r
16241	Argent Recruiter	55	55	7	1	f	f
16243	Plague Slime	61	61	10	0	r	r
16244	Infectious Ghoul	61	61	6	0	r	r
16254	Field Marshal Chambers	60	60	7	0	f	f
16255	Argent Scout	55	55	7	1	f	f
16256	Jessica Chambers	52	52	7	1	y	y
16281	Keeper of the Rolls	55	55	7	1	f	f
16283	Packmaster Stonebruiser	59	59	7	1	y	y
16284	Argent Medic	57	58	7	1	y	y
16285	Argent Emissary	55	55	7	1	f	f
16286	Spore	60	60	10	0	r	r
16290	Fallout Slime	60	60	6	0	r	r
16297	Mutated Grub	61	61	10	0	r	r
16298	Spectral Soldier	59	60	6	0	r	r
16299	Skeletal Shocktrooper	59	60	6	0	r	r
16306	Scourge Invasion Minion, spawner, Ghost/Ghoul	1	1	6	1	f	f
16336	Scourge Invasion Minion, spawner, Ghost/Skeleton	1	1	6	1	f	f
16338	Scourge Invasion Minion, spawner, Ghoul/Skeleton	1	1	6	1	f	f
16356	Scourge Invasion Minion, finder	1	1	10	0	f	f
16359	Argent Messenger	55	55	7	1	f	f
16360	Zombie Chow	60	60	6	0	r	r
16361	Commander Thomas Helleran	55	55	7	1	y	y
16363	Grobbulus Cloud	60	60	10	0	r	r
16365	Master Craftsman Omarion	60	60	7	1	y	y
16368	Necropolis Acolyte	62	62	7	0	r	r
16369	Polymorphed Chicken	1	1	8	1	f	f
16371	Polymorphed Pig	3	3	1	1	y	y
16372	Polymorphed Sheep	3	3	8	1	y	y
16373	Polymorphed Rat	1	1	8	1	f	f
16374	Polymorphed Cockroach	1	1	1	1	f	f
16375	Sewage Slime	60	60	6	0	r	r
16376	Craftsman Wilhelm	57	57	7	1	y	y
16377	Polymorphed Turtle	3	3	1	1	y	y
16378	Argent Sentry	60	60	7	0	y	y
16379	Spirit of the Damned	61	61	6	0	r	r
16380	Bone Witch	61	61	6	0	r	r
16381	Archmage Tarsis Kir-Moldir	60	60	7	1	f	f
16382	Patchwork Terror	60	60	6	0	y	y
16383	Flameshocker	53	55	6	0	y	y
16384	Argent Dawn Initiate	55	55	7	1	f	f
16385	Lightning Totem	62	62	11	0	f	f
16386	Necropolis Relay	1	1	10	0	f	f
16387	Atiesh	63	63	3	0	r	r
16390	Deathchill Servant	61	61	6	0	r	r
16392	Captain Armando Ossex	60	60	7	0	f	r
16394	Pallid Horror	60	60	6	0	y	y
16395	Argent Dawn Paladin	55	55	7	1	f	f
16396	Stormwind Elite Guard	60	60	7	0	f	f
16398	Necropolis Proxy	1	1	10	0	f	f
16399	Bloodsail Traitor	43	44	7	0	f	f
16400	Toxic Tunnel	60	60	10	1	r	r
16401	Necropolis	1	1	10	0	f	f
16416	Bronn Fitzwrench	55	56	7	0	f	f
16417	Rumsen Fizzlebrack	44	44	7	0	f	f
16418	Mupsi Shacklefridd	20	20	7	0	f	f
16419	Ghost of Naxxramas	60	60	7	0	r	r
16420	Portal of Shadows	1	1	10	0	r	r
16421	Necropolis health	1	1	10	0	f	f
16422	Skeletal Soldier	6	7	6	0	r	r
16423	Spectral Apparition	6	7	6	0	r	r
16427	Soldier of the Frozen Wastes	60	60	6	0	r	r
16428	Unstoppable Abomination	60	60	6	0	r	r
16429	Soul Weaver	60	60	6	0	r	r
16430	Ashbringer Trigger	1	1	10	1	f	f
16431	Cracked Necrotic Crystal	60	60	10	1	f	f
16432	Undercity Elite Guardian	60	60	6	0	f	f
16433	Argent Dawn Crusader	55	55	7	1	f	f
16434	Argent Dawn Champion	55	55	7	1	f	f
16435	Argent Dawn Cleric	55	55	7	1	f	f
16436	Argent Dawn Priest	55	55	7	1	f	f
16437	Spectral Spirit	9	10	6	0	r	r
16438	Skeletal Trooper	9	10	6	0	r	r
16439	Fairbanks Transformed	1	1	6	1	f	f
16440	Highlord Mograine	63	63	6	0	f	f
16441	Guardian of Icecrown	60	60	6	0	r	r
16445	Terky	1	1	1	0	y	y
16446	Plagued Gargoyle	61	61	6	0	r	r
16447	Plagued Ghoul	61	61	6	0	r	r
16448	Plagued Deathhound	61	61	1	0	r	r
16449	Spirit of Naxxramas	61	61	6	0	r	r
16450	She number one	60	60	7	0	f	f
16451	Deathknight Vindicator	62	62	6	0	r	r
16452	Necro Knight Guardian	62	62	6	0	r	r
16453	Necro Stalker	61	61	1	0	r	r
16454	She number two	60	60	7	0	f	f
16455	She number three	60	60	7	0	f	f
16456	Poley	1	1	1	0	y	y
16458	Innkeeper Faralia	30	30	7	1	f	r
16474	Blizzard	63	63	10	0	r	r
16478	Lieutenant Orrin	10	10	7	1	y	y
16479	Polymorph Clone	10	10	8	0	y	y
16484	Lieutenant Nevell	10	10	7	1	f	f
16486	Web Wrap	60	60	10	0	r	r
16490	Lieutenant Lisande	10	10	7	1	f	f
16493	Lieutenant Dagel	10	10	7	1	f	f
16494	Lieutenant Rukag	10	10	7	1	y	y
16495	Lieutenant Beitha	10	10	7	1	f	f
16505	Naxxramas Follower	61	61	7	0	r	r
16506	Naxxramas Worshipper	61	61	7	0	r	r
16508	Argent Horse	1	1	1	1	f	f
16509	Argent Warhorse	60	60	1	0	f	f
16510	Argent Charger	63	63	1	0	y	y
16511	Argent Mount	1	1	10	1	f	f
16512	Argent Deathsteed	1	1	3	1	f	f
16513	Argent Deathcharger	1	1	3	1	f	f
16531	Faint Necrotic Crystal	60	60	10	1	f	f
16536	test: saved world state	1	1	10	0	f	f
16543	Garon Hutchins	60	60	7	1	f	f
16547	Speedy	1	1	1	1	f	f
16548	Mr. Wiggles	1	1	1	1	f	r
16549	Whiskers the Rat	1	1	1	1	f	r
16573	Crypt Guard	61	61	6	0	r	r
16592	Midsummer Bonfire	1	1	10	0	f	f
16604	Blackwing Spell Marker	1	1	10	0	r	r
16606	Midsummer Bonfire Despawner	1	1	10	0	f	f
16609	Giant Claw Tentacle Test	60	60	10	0	r	r
16697	Void Zone	63	63	10	0	r	r
16698	Corpse Scarab	60	60	10	0	r	r
16701	Spirit of Summer	1	1	1	1	f	r
16775	Spirit of Mograine	63	63	6	0	r	r
16776	Spirit of Blaumeux	63	63	6	0	r	r
16777	Spirit of Zeliek	63	63	6	0	r	r
16778	Spirit of Korth'azz	63	63	6	0	r	r
16779	Polymorphed Cow	3	3	8	0	y	y
16781	Midsummer Celebrant	1	60	7	1	f	f
16783	Plague Slime (Blue)	61	61	10	0	r	r
16784	Plague Slime (Red)	61	61	10	0	r	r
16785	Plague Slime (Green)	61	61	10	0	r	r
16786	Argent Quartermaster	55	55	7	1	f	f
16787	Argent Outfitter	55	55	7	1	f	f
16788	Festival Flamekeeper	60	60	7	1	f	f
16803	Deathknight Understudy	60	60	7	0	r	r
16817	Festival Loremaster	60	60	7	1	f	r
16818	Festival Talespinner	60	60	7	1	r	f
16861	Death Lord	61	61	6	0	r	r
16889	Stormwind Celebrant	1	60	7	0	f	y
16890	Ironforge Celebrant	1	60	7	0	f	y
16891	Yuree	60	60	7	0	y	y
16892	Darnassus Celebrant	1	60	7	0	f	y
16893	Orgrimmar Celebrant	1	60	7	0	y	f
16894	Thunder Bluff Celebrant	1	60	7	0	y	f
16895	Undercity Celebrant	1	60	7	0	y	f
16979	Midsummer Merchant	60	60	7	0	f	f
16980	The Lich King	60	60	10	1	r	r
16981	Plagued Guardian	61	61	6	0	r	r
16982	Plagued Construct	61	61	6	0	r	r
16983	Plagued Champion	61	61	6	0	r	r
16984	Plagued Warrior	61	61	6	0	r	r
16985	Midsummer Merchant Horde Costume	60	60	7	0	f	f
16986	Midsummer Merchant Alliance Costume	60	60	7	0	f	f
16987	Festival Flamekeeper Costume: Tauren	1	1	7	1	f	f
16988	Festival Flamekeeper Costume: Human	1	1	7	1	f	f
16989	Festival Flamekeeper Costume: Troll	1	1	7	1	f	f
16990	Festival Flamekeeper Costume: Dwarf	1	1	7	1	f	f
16995	Mouth of Kel'Thuzad	60	60	10	0	r	r
16998	Mr. Bigglesworth	5	5	8	0	y	y
16999	Johnny McWeaksauce	60	60	7	0	f	f
17003	Cinder Elemental	1	1	4	0	f	f
17025	Sapphiron's Wing Buffet	60	60	10	0	r	r
17031	Varel Redrock	35	35	7	0	f	r
17032	Varl Stonebleeder	35	35	7	0	r	f
17038	Stormwind Firebreather	1	60	7	1	f	y
17041	Orgrimmar Fireeater	1	60	7	1	f	f
17048	Ironforge Firebreather	1	60	7	1	f	y
17049	Darnassus Firebreather	1	60	7	1	f	y
17050	Thunder Bluff Fireeater	1	60	7	1	f	f
17051	Undercity Fireeater	1	60	7	1	f	f
17055	Maexxna Spiderling	60	60	1	0	r	r
17066	Ribbon Pole Debug Target	1	1	10	1	f	f
17068	Chief Expeditionary Requisitioner Enkles	55	55	7	0	f	r
17069	Emmisary Whitebeard	55	55	7	0	f	f
17070	Apothecary Quinard	55	55	7	0	r	f
17072	Emmisary Gormok	55	55	7	0	f	f
17074	Cenarion Scout	1	1	10	1	f	f
17075	Sandworm	63	63	10	0	r	r
17078	Jimmy McWeaksauce	10	10	7	0	f	f
17079	General Kirika	60	60	7	1	r	f
17080	Marshal Bluewall	60	60	7	1	f	r
17081	Scout Bloodfist	55	55	7	0	f	f
17082	Rifleman Torrig	55	55	7	0	f	f
17090	Silithus Dust Turnin Quest Doodad	1	1	10	0	f	f
17163	Worm Target (DND)	1	1	10	0	f	f
17209	William Kielar	60	60	7	1	f	r
17231	Garden Gas	60	60	10	0	r	r
17239	[PH] Plaguelands Herald	1	1	10	0	f	f
17249	Landro	60	60	7	1	f	f
17252	Felguard	50	50	3	0	r	r
17254	White Tiger Cub	1	1	1	0	y	y
17255	Hippogryph Hatchling	1	1	1	0	y	y
17258	Purple Ogre Costume	60	60	7	0	f	f
17266	Riding Turtle	1	1	1	1	f	f
17284	Lottery Commissioner [DND]	1	1	10	0	f	f
17286	Invisible Man	60	60	10	0	r	r
17293	Plague Wave	60	60	10	1	r	r
17313	Unkillable Test Dummy Spammer	60	60	7	0	y	y
17415	Lordaeron Mage	60	60	6	0	f	f
17466	Lordaeron Spirit	60	60	6	0	f	f
17598	Renn'az	46	46	7	1	r	f
17635	Lordaeron Commander	60	60	7	0	f	r
17647	Lordaeron Soldier	60	60	7	0	f	r
17660	Skeletal Gryphon	60	60	1	0	f	f
17685	Unkillable Test Dummy 60 No Armor	60	60	7	0	y	y
17688	Crown Guard Horde Capture Quest Doodad	1	1	10	0	f	f
17689	<TXT>Crown Guard Capture Quest Doodad	1	1	10	0	f	f
17690	<TXT>Eastwall Capture Quest Doodad	1	1	10	0	f	f
17691	Eastwall Horde Capture Quest Doodad	1	1	10	0	f	f
17696	<TXT>Northpass Capture Quest Doodad	1	1	10	0	f	f
17697	Northpass Horde Capture Quest Doodad	1	1	10	0	f	f
17698	<TXT>Plaguewood Capture Quest Doodad	1	1	10	0	f	f
17699	Plaguewood Horde Capture Quest Doodad	1	1	10	0	f	f
17719	Ironforge Gryphon Rider	60	60	7	0	f	f
17720	Orgrimmar Wyvern Rider	60	60	7	0	f	f
17765	Alliance Silithyst Sentinel	60	60	7	0	f	r
17766	Horde Silithyst Sentinel	60	60	7	0	r	f
17794	Alliance Tower Buffer	1	1	10	1	f	r
17795	Horde Tower Buffer	1	1	10	1	r	f
17804	Squire Rowe	52	52	7	1	f	r
17869	Silithus Spice Sandworm Mortar Target	1	1	10	0	f	f
17995	Lordaeron Veteran	60	60	7	0	r	f
17996	Lordaeron Fighter	60	60	7	0	r	f
18039	Spirit of Victory	60	60	10	0	f	f
18078	The Evil Rabbit	5	5	8	0	r	r
18153	Spirit Healer (DND)	60	60	7	0	f	f
18199	Silithus Dust Turnin Quest Doodad Horde	1	1	10	0	f	f
